promotion_id,product_id,start_date,end_date,discount_percent,promo_type,channel,active,expected_lift
1,1,2024-01-15,2024-01-21,12,PROMO,online,True,1.6285714285714286
2,1,2024-01-22,2024-01-28,12,PROMO,online,True,1.2571428571428571
3,1,2024-01-29,2024-02-04,12,PROMO,online,True,1.0
4,1,2024-02-05,2024-02-11,12,PROMO,online,True,1.0571428571428572
5,1,2024-02-12,2024-02-18,12,PROMO,online,True,0.95
6,1,2024-08-19,2024-08-25,10,PROMO,online,True,1.4333333333333333
7,1,2024-08-26,2024-09-01,10,PROMO,online,True,2.3714285714285714
8,1,2024-09-02,2024-09-08,10,PROMO,online,True,1.6285714285714286
9,1,2024-09-09,2024-09-15,10,PROMO,online,True,1.4
10,1,2024-09-16,2024-09-22,10,PROMO,online,True,1.72
11,1,2024-11-18,2024-11-24,15,PROMO,online,True,1.52
12,1,2024-11-25,2024-12-01,15,PROMO,online,True,1.5142857142857142
13,1,2024-12-02,2024-12-08,15,PROMO,online,True,1.0
14,1,2024-12-09,2024-12-15,8,PROMO,online,True,0.6
15,1,2024-12-16,2024-12-22,8,PROMO,online,True,0.7714285714285715
16,1,2024-12-23,2024-12-29,8,PROMO,online,True,1.3142857142857143
17,1,2024-12-30,2025-01-05,8,PROMO,online,True,1.0
18,1,2025-01-13,2025-01-19,12,PROMO,online,True,0.84
19,1,2025-01-20,2025-01-26,12,PROMO,online,True,1.3714285714285714
20,1,2025-01-27,2025-02-02,12,PROMO,online,True,1.3714285714285714
21,1,2025-02-03,2025-02-09,12,PROMO,online,True,1.1428571428571428
22,1,2025-02-10,2025-02-16,12,PROMO,online,True,1.4
23,1,2025-08-18,2025-08-24,10,PROMO,online,True,2.08
24,1,2025-08-25,2025-08-31,10,PROMO,online,True,1.3428571428571427
25,1,2025-09-01,2025-09-07,10,PROMO,online,True,1.4285714285714286
26,1,2025-09-08,2025-09-14,10,PROMO,online,True,1.542857142857143
27,1,2025-09-15,2025-09-21,10,PROMO,online,True,1.6
28,1,2025-11-17,2025-11-23,15,PROMO,online,True,1.35
29,1,2025-11-24,2025-11-30,15,PROMO,online,True,0.9714285714285714
30,1,2025-12-01,2025-12-07,15,PROMO,online,True,1.0
31,1,2025-12-15,2025-12-21,8,PROMO,online,True,1.2571428571428571
32,1,2025-12-22,2025-12-28,8,PROMO,online,True,0.4857142857142857
33,1,2025-12-29,2026-01-04,8,PROMO,online,True,1.0666666666666667
34,1,2026-01-12,2026-01-18,12,PROMO,online,True,1.2
35,1,2026-01-19,2026-01-25,12,PROMO,online,True,0.9714285714285714
36,1,2026-01-26,2026-02-01,12,PROMO,online,True,1.4
37,1,2026-02-02,2026-02-08,12,PROMO,online,True,0.9714285714285714
38,1,2026-02-09,2026-02-15,12,PROMO,online,True,1.4285714285714286
39,2,2024-01-08,2024-01-14,10,PROMO,online,True,9.0
40,2,2024-01-15,2024-01-21,12,PROMO,online,True,9.2
41,2,2024-01-22,2024-01-28,12,PROMO,online,True,9.085714285714285
42,2,2024-01-29,2024-02-04,12,PROMO,online,True,9.485714285714286
43,2,2024-02-05,2024-02-11,12,PROMO,online,True,10.028571428571428
44,2,2024-02-12,2024-02-18,12,PROMO,online,True,7.857142857142857
45,2,2024-02-19,2024-02-25,10,PROMO,online,True,12.0
46,2,2024-03-04,2024-03-10,8,PROMO,online,True,8.2
47,2,2024-03-11,2024-03-17,10,PROMO,online,True,6.942857142857143
48,2,2024-03-18,2024-03-24,10,PROMO,online,True,8.0
49,2,2024-03-25,2024-03-31,8,PROMO,online,True,8.571428571428571
50,2,2024-04-01,2024-04-07,10,PROMO,online,True,8.371428571428572
51,2,2024-04-08,2024-04-14,8,PROMO,online,True,7.733333333333333
52,2,2024-04-15,2024-04-21,10,PROMO,online,True,17.0
53,2,2024-04-22,2024-04-28,10,PROMO,online,True,13.0
54,2,2024-05-13,2024-05-19,10,PROMO,online,True,10.0
55,2,2024-06-24,2024-06-30,10,PROMO,online,True,13.0
56,2,2024-07-15,2024-07-21,10,PROMO,online,True,6.0
57,2,2024-07-29,2024-08-04,10,PROMO,online,True,6.0
58,2,2024-08-19,2024-08-25,10,PROMO,online,True,9.8
59,2,2024-08-26,2024-09-01,10,PROMO,online,True,8.342857142857143
60,2,2024-09-02,2024-09-08,10,PROMO,online,True,7.4
61,2,2024-09-09,2024-09-15,10,PROMO,online,True,9.371428571428572
62,2,2024-09-16,2024-09-22,10,PROMO,online,True,7.92
63,2,2024-09-23,2024-09-29,10,PROMO,online,True,8.0
64,2,2024-09-30,2024-10-06,10,PROMO,online,True,1.0
65,2,2024-10-14,2024-10-20,10,PROMO,online,True,6.0
66,2,2024-11-04,2024-11-10,10,PROMO,online,True,7.5
67,2,2024-11-18,2024-11-24,15,PROMO,online,True,9.4
68,2,2024-11-25,2024-12-01,15,PROMO,online,True,9.6
69,2,2024-12-02,2024-12-08,15,PROMO,online,True,7.6
70,2,2024-12-09,2024-12-15,8,PROMO,online,True,14.0
71,2,2024-12-16,2024-12-22,8,PROMO,online,True,9.228571428571428
72,2,2024-12-23,2024-12-29,8,PROMO,online,True,10.657142857142857
73,2,2024-12-30,2025-01-05,8,PROMO,online,True,10.2
74,2,2025-01-06,2025-01-12,10,PROMO,online,True,5.0
75,2,2025-01-13,2025-01-19,12,PROMO,online,True,9.08
76,2,2025-01-20,2025-01-26,12,PROMO,online,True,10.085714285714285
77,2,2025-01-27,2025-02-02,12,PROMO,online,True,10.571428571428571
78,2,2025-02-03,2025-02-09,12,PROMO,online,True,10.17142857142857
79,2,2025-02-10,2025-02-16,12,PROMO,online,True,8.5
80,2,2025-02-17,2025-02-23,10,PROMO,online,True,12.0
81,2,2025-03-10,2025-03-16,10,PROMO,online,True,6.3428571428571425
82,2,2025-03-17,2025-03-23,10,PROMO,online,True,7.6571428571428575
83,2,2025-03-24,2025-03-30,8,PROMO,online,True,8.742857142857142
84,2,2025-03-31,2025-04-06,10,PROMO,online,True,7.3428571428571425
85,2,2025-04-07,2025-04-13,10,PROMO,online,True,6.590909090909091
86,2,2025-05-12,2025-05-18,10,PROMO,online,True,7.0
87,2,2025-05-19,2025-05-25,10,PROMO,online,True,9.0
88,2,2025-06-02,2025-06-08,10,PROMO,online,True,3.0
89,2,2025-06-16,2025-06-22,10,PROMO,online,True,7.0
90,2,2025-06-23,2025-06-29,10,PROMO,online,True,7.0
91,2,2025-06-30,2025-07-06,10,PROMO,online,True,8.0
92,2,2025-07-14,2025-07-20,10,PROMO,online,True,9.5
93,2,2025-07-21,2025-07-27,10,PROMO,online,True,11.0
94,2,2025-08-18,2025-08-24,10,PROMO,online,True,9.16
95,2,2025-08-25,2025-08-31,10,PROMO,online,True,9.257142857142858
96,2,2025-09-01,2025-09-07,10,PROMO,online,True,7.8
97,2,2025-09-08,2025-09-14,10,PROMO,online,True,9.514285714285714
98,2,2025-09-15,2025-09-21,10,PROMO,online,True,7.133333333333334
99,2,2025-09-22,2025-09-28,10,PROMO,online,True,15.0
100,2,2025-11-10,2025-11-16,10,PROMO,online,True,6.0
101,2,2025-11-17,2025-11-23,15,PROMO,online,True,11.95
102,2,2025-11-24,2025-11-30,15,PROMO,online,True,7.371428571428571
103,2,2025-12-01,2025-12-07,15,PROMO,online,True,6.3
104,2,2025-12-15,2025-12-21,10,PROMO,online,True,8.285714285714286
105,2,2025-12-22,2025-12-28,10,PROMO,online,True,7.257142857142857
106,2,2025-12-29,2026-01-04,8,PROMO,online,True,7.533333333333333
107,2,2026-01-05,2026-01-11,10,PROMO,online,True,15.0
108,2,2026-01-12,2026-01-18,12,PROMO,online,True,9.45
109,2,2026-01-19,2026-01-25,12,PROMO,online,True,7.6
110,2,2026-01-26,2026-02-01,12,PROMO,online,True,7.114285714285714
111,2,2026-02-02,2026-02-08,12,PROMO,online,True,7.057142857142857
112,2,2026-02-09,2026-02-15,12,PROMO,online,True,9.742857142857142
113,2,2026-02-23,2026-03-01,10,PROMO,online,True,5.0
114,2,2026-03-09,2026-03-15,8,PROMO,online,True,9.566666666666666
115,2,2026-03-16,2026-03-22,10,PROMO,online,True,9.142857142857142
116,2,2026-03-23,2026-03-29,10,PROMO,online,True,8.457142857142857
117,2,2026-03-30,2026-04-05,10,PROMO,online,True,10.228571428571428
118,2,2026-04-06,2026-04-12,10,PROMO,online,True,7.6
119,2,2026-04-20,2026-04-26,10,PROMO,online,True,10.0
120,2,2026-04-27,2026-05-03,10,PROMO,online,True,12.0
121,3,2024-01-15,2024-01-21,12,PROMO,online,True,7.9714285714285715
122,3,2024-01-22,2024-01-28,12,PROMO,online,True,4.542857142857143
123,3,2024-01-29,2024-02-04,12,PROMO,online,True,5.171428571428572
124,3,2024-02-05,2024-02-11,12,PROMO,online,True,4.4
125,3,2024-02-12,2024-02-18,12,PROMO,online,True,2.8
126,3,2024-03-04,2024-03-10,8,PROMO,online,True,6.2
127,3,2024-03-11,2024-03-17,8,PROMO,online,True,4.542857142857143
128,3,2024-03-18,2024-03-24,8,PROMO,online,True,3.085714285714286
129,3,2024-03-25,2024-03-31,8,PROMO,online,True,6.371428571428571
130,3,2024-04-01,2024-04-07,8,PROMO,online,True,4.4
131,3,2024-04-08,2024-04-14,8,PROMO,online,True,2.8
132,3,2024-08-19,2024-08-25,10,PROMO,online,True,6.433333333333334
133,3,2024-08-26,2024-09-01,10,PROMO,online,True,5.885714285714286
134,3,2024-09-02,2024-09-08,10,PROMO,online,True,4.114285714285714
135,3,2024-09-09,2024-09-15,10,PROMO,online,True,6.942857142857143
136,3,2024-09-16,2024-09-22,10,PROMO,online,True,6.52
137,3,2024-11-18,2024-11-24,15,PROMO,online,True,9.28
138,3,2024-11-25,2024-12-01,15,PROMO,online,True,7.3428571428571425
139,3,2024-12-02,2024-12-08,15,PROMO,online,True,6.0
140,3,2024-12-09,2024-12-15,8,PROMO,online,True,1.6
141,3,2024-12-16,2024-12-22,8,PROMO,online,True,7.828571428571428
142,3,2024-12-23,2024-12-29,8,PROMO,online,True,5.6
143,3,2024-12-30,2025-01-05,8,PROMO,online,True,1.7
144,3,2025-01-13,2025-01-19,12,PROMO,online,True,8.88
145,3,2025-01-20,2025-01-26,12,PROMO,online,True,4.771428571428571
146,3,2025-01-27,2025-02-02,12,PROMO,online,True,7.371428571428571
147,3,2025-02-03,2025-02-09,12,PROMO,online,True,7.514285714285714
148,3,2025-02-10,2025-02-16,12,PROMO,online,True,4.333333333333333
149,3,2025-03-10,2025-03-16,8,PROMO,online,True,6.828571428571428
150,3,2025-03-17,2025-03-23,8,PROMO,online,True,4.9714285714285715
151,3,2025-03-24,2025-03-30,8,PROMO,online,True,7.6571428571428575
152,3,2025-03-31,2025-04-06,8,PROMO,online,True,3.7142857142857144
153,3,2025-04-07,2025-04-13,8,PROMO,online,True,5.4
154,3,2025-08-18,2025-08-24,10,PROMO,online,True,4.92
155,3,2025-08-25,2025-08-31,10,PROMO,online,True,7.285714285714286
156,3,2025-09-01,2025-09-07,10,PROMO,online,True,8.542857142857143
157,3,2025-09-08,2025-09-14,10,PROMO,online,True,5.8
158,3,2025-09-15,2025-09-21,10,PROMO,online,True,5.766666666666667
159,3,2025-11-17,2025-11-23,15,PROMO,online,True,7.35
160,3,2025-11-24,2025-11-30,15,PROMO,online,True,6.885714285714286
161,3,2025-12-01,2025-12-07,15,PROMO,online,True,4.8
162,3,2025-12-15,2025-12-21,8,PROMO,online,True,7.857142857142857
163,3,2025-12-22,2025-12-28,8,PROMO,online,True,8.342857142857143
164,3,2025-12-29,2026-01-04,8,PROMO,online,True,2.0
165,3,2026-01-12,2026-01-18,12,PROMO,online,True,7.3
166,3,2026-01-19,2026-01-25,12,PROMO,online,True,7.9714285714285715
167,3,2026-01-26,2026-02-01,12,PROMO,online,True,7.057142857142857
168,3,2026-02-02,2026-02-08,12,PROMO,online,True,4.485714285714286
169,3,2026-02-09,2026-02-15,12,PROMO,online,True,5.542857142857143
170,3,2026-03-09,2026-03-15,8,PROMO,online,True,4.333333333333333
171,3,2026-03-16,2026-03-22,8,PROMO,online,True,4.6571428571428575
172,3,2026-03-23,2026-03-29,8,PROMO,online,True,7.285714285714286
173,3,2026-03-30,2026-04-05,8,PROMO,online,True,4.942857142857143
174,3,2026-04-06,2026-04-12,8,PROMO,online,True,6.56
175,4,2024-01-15,2024-01-21,12,PROMO,online,True,0.05714285714285714
176,4,2024-01-22,2024-01-28,12,PROMO,online,True,0.05714285714285714
177,4,2024-01-29,2024-02-04,12,PROMO,online,True,0.05714285714285714
178,4,2024-02-05,2024-02-11,12,PROMO,online,True,0.02857142857142857
179,4,2024-02-12,2024-02-18,12,PROMO,online,True,0.15
180,4,2024-02-19,2024-02-25,10,PROMO,online,True,0.0
181,4,2024-02-26,2024-03-03,10,PROMO,online,True,0.0
182,4,2024-03-04,2024-03-10,10,PROMO,online,True,0.0
183,4,2024-04-08,2024-04-14,10,PROMO,online,True,0.0
184,4,2024-04-22,2024-04-28,10,PROMO,online,True,0.0
185,4,2024-05-06,2024-05-12,10,PROMO,online,True,0.0
186,4,2024-05-20,2024-05-26,10,PROMO,online,True,0.0
187,4,2024-06-03,2024-06-09,10,PROMO,online,True,0.0
188,4,2024-06-10,2024-06-16,10,PROMO,online,True,0.0
189,4,2024-06-17,2024-06-23,10,PROMO,online,True,0.0
190,4,2024-07-01,2024-07-07,10,PROMO,online,True,0.0
191,4,2024-07-08,2024-07-14,10,PROMO,online,True,0.0
192,4,2024-08-12,2024-08-18,10,PROMO,online,True,0.0
193,4,2024-08-19,2024-08-25,10,PROMO,online,True,0.0
194,4,2024-08-26,2024-09-01,10,PROMO,online,True,0.0
195,4,2024-09-16,2024-09-22,10,PROMO,online,True,0.0
196,4,2024-09-30,2024-10-06,10,PROMO,online,True,0.0
197,4,2024-10-07,2024-10-13,10,PROMO,online,True,0.0
198,4,2024-10-14,2024-10-20,10,PROMO,online,True,0.0
199,4,2024-11-11,2024-11-17,10,PROMO,online,True,1.0
200,4,2024-11-18,2024-11-24,15,PROMO,online,True,0.2
201,4,2024-11-25,2024-12-01,15,PROMO,online,True,0.08571428571428572
202,4,2024-12-02,2024-12-08,15,PROMO,online,True,0.0
203,4,2024-12-09,2024-12-15,10,PROMO,online,True,0.3333333333333333
204,4,2024-12-16,2024-12-22,10,PROMO,online,True,0.08571428571428572
205,4,2024-12-23,2024-12-29,10,PROMO,online,True,0.05714285714285714
206,4,2024-12-30,2025-01-05,10,PROMO,online,True,0.09090909090909091
207,4,2025-01-06,2025-01-12,10,PROMO,online,True,0.0
208,4,2025-01-13,2025-01-19,12,PROMO,online,True,0.04
209,4,2025-01-20,2025-01-26,12,PROMO,online,True,0.05714285714285714
210,4,2025-01-27,2025-02-02,12,PROMO,online,True,0.05714285714285714
211,4,2025-02-03,2025-02-09,12,PROMO,online,True,0.11428571428571428
212,4,2025-02-10,2025-02-16,12,PROMO,online,True,0.03225806451612903
213,4,2025-02-17,2025-02-23,10,PROMO,online,True,0.0
214,4,2025-03-10,2025-03-16,10,PROMO,online,True,0.0
215,4,2025-03-17,2025-03-23,10,PROMO,online,True,1.0
216,4,2025-03-31,2025-04-06,10,PROMO,online,True,0.0
217,4,2025-04-07,2025-04-13,10,PROMO,online,True,0.0
218,4,2025-04-28,2025-05-04,10,PROMO,online,True,0.0
219,4,2025-05-05,2025-05-11,10,PROMO,online,True,0.0
220,4,2025-05-19,2025-05-25,10,PROMO,online,True,0.0
221,4,2025-05-26,2025-06-01,10,PROMO,online,True,0.0
222,4,2025-06-16,2025-06-22,10,PROMO,online,True,0.0
223,4,2025-06-30,2025-07-06,10,PROMO,online,True,0.0
224,4,2025-07-07,2025-07-13,10,PROMO,online,True,0.0
225,4,2025-07-14,2025-07-20,10,PROMO,online,True,0.0
226,4,2025-07-21,2025-07-27,10,PROMO,online,True,0.0
227,4,2025-07-28,2025-08-03,10,PROMO,online,True,0.0
228,4,2025-08-04,2025-08-10,10,PROMO,online,True,0.0
229,4,2025-08-11,2025-08-17,10,PROMO,online,True,0.0
230,4,2025-09-08,2025-09-14,10,PROMO,online,True,0.0
231,4,2025-09-15,2025-09-21,10,PROMO,online,True,1.0
232,4,2025-09-22,2025-09-28,10,PROMO,online,True,0.0
233,4,2025-09-29,2025-10-05,10,PROMO,online,True,0.0
234,4,2025-10-20,2025-10-26,10,PROMO,online,True,0.0
235,4,2025-11-03,2025-11-09,10,PROMO,online,True,0.0
236,4,2025-11-10,2025-11-16,10,PROMO,online,True,0.0
237,4,2025-11-17,2025-11-23,15,PROMO,online,True,0.0
238,4,2025-11-24,2025-11-30,15,PROMO,online,True,0.14285714285714285
239,4,2025-12-01,2025-12-07,15,PROMO,online,True,0.08333333333333333
240,4,2025-12-08,2025-12-14,10,PROMO,online,True,0.0
241,4,2025-12-15,2025-12-21,10,PROMO,online,True,0.02857142857142857
242,4,2025-12-22,2025-12-28,10,PROMO,online,True,0.14285714285714285
243,4,2025-12-29,2026-01-04,10,PROMO,online,True,0.0
244,4,2026-01-12,2026-01-18,12,PROMO,online,True,0.1
245,4,2026-01-19,2026-01-25,12,PROMO,online,True,0.05714285714285714
246,4,2026-01-26,2026-02-01,12,PROMO,online,True,0.17142857142857143
247,4,2026-02-02,2026-02-08,12,PROMO,online,True,0.05714285714285714
248,4,2026-02-09,2026-02-15,12,PROMO,online,True,0.14285714285714285
249,4,2026-02-23,2026-03-01,10,PROMO,online,True,0.0
250,4,2026-03-02,2026-03-08,10,PROMO,online,True,0.0
251,4,2026-03-09,2026-03-15,10,PROMO,online,True,0.0
252,4,2026-03-16,2026-03-22,10,PROMO,online,True,0.0
253,4,2026-03-23,2026-03-29,10,PROMO,online,True,0.0
254,4,2026-03-30,2026-04-05,10,PROMO,online,True,0.0
255,4,2026-04-06,2026-04-12,10,PROMO,online,True,0.0
256,4,2026-04-20,2026-04-26,10,PROMO,online,True,0.0
257,5,2024-01-15,2024-01-21,12,PROMO,online,True,1.3142857142857143
258,5,2024-01-22,2024-01-28,12,PROMO,online,True,1.3142857142857143
259,5,2024-01-29,2024-02-04,12,PROMO,online,True,1.4857142857142858
260,5,2024-02-05,2024-02-11,12,PROMO,online,True,1.2857142857142858
261,5,2024-02-12,2024-02-18,12,PROMO,online,True,1.15
262,5,2024-08-19,2024-08-25,10,PROMO,online,True,1.5666666666666667
263,5,2024-08-26,2024-09-01,10,PROMO,online,True,1.457142857142857
264,5,2024-09-02,2024-09-08,10,PROMO,online,True,1.9714285714285715
265,5,2024-09-09,2024-09-15,10,PROMO,online,True,1.3142857142857143
266,5,2024-09-16,2024-09-22,10,PROMO,online,True,1.36
267,5,2024-11-18,2024-11-24,15,PROMO,online,True,1.2
268,5,2024-11-25,2024-12-01,15,PROMO,online,True,1.5714285714285714
269,5,2024-12-02,2024-12-08,15,PROMO,online,True,0.8
270,5,2024-12-09,2024-12-15,8,PROMO,online,True,1.4
271,5,2024-12-16,2024-12-22,8,PROMO,online,True,0.7428571428571429
272,5,2024-12-23,2024-12-29,8,PROMO,online,True,1.1428571428571428
273,5,2024-12-30,2025-01-05,8,PROMO,online,True,1.7
274,5,2025-01-13,2025-01-19,12,PROMO,online,True,1.36
275,5,2025-01-20,2025-01-26,12,PROMO,online,True,0.8
276,5,2025-01-27,2025-02-02,12,PROMO,online,True,0.9714285714285714
277,5,2025-02-03,2025-02-09,12,PROMO,online,True,1.3142857142857143
278,5,2025-02-10,2025-02-16,12,PROMO,online,True,1.3333333333333333
279,5,2025-08-18,2025-08-24,10,PROMO,online,True,1.04
280,5,2025-08-25,2025-08-31,10,PROMO,online,True,1.2285714285714286
281,5,2025-09-01,2025-09-07,10,PROMO,online,True,1.3714285714285714
282,5,2025-09-08,2025-09-14,10,PROMO,online,True,1.6857142857142857
283,5,2025-09-15,2025-09-21,10,PROMO,online,True,1.2333333333333334
284,5,2025-11-17,2025-11-23,15,PROMO,online,True,1.05
285,5,2025-11-24,2025-11-30,15,PROMO,online,True,1.457142857142857
286,5,2025-12-01,2025-12-07,15,PROMO,online,True,1.0
287,5,2025-12-15,2025-12-21,8,PROMO,online,True,1.1142857142857143
288,5,2025-12-22,2025-12-28,8,PROMO,online,True,1.3714285714285714
289,5,2025-12-29,2026-01-04,8,PROMO,online,True,1.3333333333333333
290,5,2026-01-12,2026-01-18,12,PROMO,online,True,1.65
291,5,2026-01-19,2026-01-25,12,PROMO,online,True,1.4285714285714286
292,5,2026-01-26,2026-02-01,12,PROMO,online,True,1.2857142857142858
293,5,2026-02-02,2026-02-08,12,PROMO,online,True,1.4285714285714286
294,5,2026-02-09,2026-02-15,12,PROMO,online,True,1.0857142857142856
295,6,2024-01-15,2024-01-21,12,PROMO,online,True,1.7714285714285714
296,6,2024-01-22,2024-01-28,12,PROMO,online,True,1.542857142857143
297,6,2024-01-29,2024-02-04,12,PROMO,online,True,1.2
298,6,2024-02-05,2024-02-11,12,PROMO,online,True,1.457142857142857
299,6,2024-02-12,2024-02-18,12,PROMO,online,True,1.65
300,6,2024-08-19,2024-08-25,10,PROMO,online,True,1.8666666666666667
301,6,2024-08-26,2024-09-01,10,PROMO,online,True,2.342857142857143
302,6,2024-09-02,2024-09-08,10,PROMO,online,True,1.5714285714285714
303,6,2024-09-09,2024-09-15,10,PROMO,online,True,2.0
304,6,2024-09-16,2024-09-22,10,PROMO,online,True,1.84
305,6,2024-11-18,2024-11-24,15,PROMO,online,True,1.32
306,6,2024-11-25,2024-12-01,15,PROMO,online,True,1.6285714285714286
307,6,2024-12-02,2024-12-08,15,PROMO,online,True,0.6
308,6,2024-12-09,2024-12-15,8,PROMO,online,True,1.6
309,6,2024-12-16,2024-12-22,8,PROMO,online,True,1.0571428571428572
310,6,2024-12-23,2024-12-29,8,PROMO,online,True,1.1428571428571428
311,6,2024-12-30,2025-01-05,8,PROMO,online,True,0.9
312,6,2025-01-13,2025-01-19,12,PROMO,online,True,1.2
313,6,2025-01-20,2025-01-26,12,PROMO,online,True,1.2
314,6,2025-01-27,2025-02-02,12,PROMO,online,True,1.6285714285714286
315,6,2025-02-03,2025-02-09,12,PROMO,online,True,1.3714285714285714
316,6,2025-02-10,2025-02-16,12,PROMO,online,True,1.4666666666666666
317,6,2025-08-18,2025-08-24,10,PROMO,online,True,1.88
318,6,2025-08-25,2025-08-31,10,PROMO,online,True,1.3142857142857143
319,6,2025-09-01,2025-09-07,10,PROMO,online,True,1.457142857142857
320,6,2025-09-08,2025-09-14,10,PROMO,online,True,1.0571428571428572
321,6,2025-09-15,2025-09-21,10,PROMO,online,True,2.433333333333333
322,6,2025-11-17,2025-11-23,15,PROMO,online,True,1.85
323,6,2025-11-24,2025-11-30,15,PROMO,online,True,1.7714285714285714
324,6,2025-12-01,2025-12-07,15,PROMO,online,True,1.5
325,6,2025-12-15,2025-12-21,8,PROMO,online,True,1.2285714285714286
326,6,2025-12-22,2025-12-28,8,PROMO,online,True,1.6
327,6,2025-12-29,2026-01-04,8,PROMO,online,True,1.2666666666666666
328,6,2026-01-12,2026-01-18,12,PROMO,online,True,1.25
329,6,2026-01-19,2026-01-25,12,PROMO,online,True,1.8
330,6,2026-01-26,2026-02-01,12,PROMO,online,True,1.6
331,6,2026-02-02,2026-02-08,12,PROMO,online,True,1.1714285714285715
332,6,2026-02-09,2026-02-15,12,PROMO,online,True,1.2571428571428571
333,7,2024-01-15,2024-01-21,12,PROMO,online,True,1.7714285714285714
334,7,2024-01-22,2024-01-28,12,PROMO,online,True,2.7714285714285714
335,7,2024-01-29,2024-02-04,12,PROMO,online,True,2.857142857142857
336,7,2024-02-05,2024-02-11,12,PROMO,online,True,4.0
337,7,2024-02-12,2024-02-18,12,PROMO,online,True,3.35
338,7,2024-03-04,2024-03-10,8,PROMO,online,True,5.2
339,7,2024-03-11,2024-03-17,8,PROMO,online,True,3.057142857142857
340,7,2024-03-18,2024-03-24,8,PROMO,online,True,2.7714285714285714
341,7,2024-03-25,2024-03-31,8,PROMO,online,True,3.6285714285714286
342,7,2024-04-01,2024-04-07,8,PROMO,online,True,3.085714285714286
343,7,2024-04-08,2024-04-14,8,PROMO,online,True,1.2
344,7,2024-08-19,2024-08-25,10,PROMO,online,True,3.0
345,7,2024-08-26,2024-09-01,10,PROMO,online,True,3.085714285714286
346,7,2024-09-02,2024-09-08,10,PROMO,online,True,3.1142857142857143
347,7,2024-09-09,2024-09-15,10,PROMO,online,True,2.5428571428571427
348,7,2024-09-16,2024-09-22,10,PROMO,online,True,2.48
349,7,2024-11-18,2024-11-24,15,PROMO,online,True,2.76
350,7,2024-11-25,2024-12-01,15,PROMO,online,True,4.0285714285714285
351,7,2024-12-02,2024-12-08,15,PROMO,online,True,4.6
352,7,2024-12-09,2024-12-15,8,PROMO,online,True,1.2
353,7,2024-12-16,2024-12-22,8,PROMO,online,True,1.1142857142857143
354,7,2024-12-23,2024-12-29,8,PROMO,online,True,1.8285714285714285
355,7,2024-12-30,2025-01-05,8,PROMO,online,True,1.1
356,7,2025-01-13,2025-01-19,12,PROMO,online,True,3.96
357,7,2025-01-20,2025-01-26,12,PROMO,online,True,2.0
358,7,2025-01-27,2025-02-02,12,PROMO,online,True,3.3714285714285714
359,7,2025-02-03,2025-02-09,12,PROMO,online,True,3.914285714285714
360,7,2025-02-10,2025-02-16,12,PROMO,online,True,3.2
361,7,2025-03-10,2025-03-16,8,PROMO,online,True,3.5714285714285716
362,7,2025-03-17,2025-03-23,8,PROMO,online,True,4.914285714285715
363,7,2025-03-24,2025-03-30,8,PROMO,online,True,2.257142857142857
364,7,2025-03-31,2025-04-06,8,PROMO,online,True,3.4857142857142858
365,7,2025-04-07,2025-04-13,8,PROMO,online,True,3.75
366,7,2025-08-18,2025-08-24,10,PROMO,online,True,5.04
367,7,2025-08-25,2025-08-31,10,PROMO,online,True,2.657142857142857
368,7,2025-09-01,2025-09-07,10,PROMO,online,True,3.8285714285714287
369,7,2025-09-08,2025-09-14,10,PROMO,online,True,2.5428571428571427
370,7,2025-09-15,2025-09-21,10,PROMO,online,True,0.8666666666666667
371,7,2025-11-17,2025-11-23,15,PROMO,online,True,5.6
372,7,2025-11-24,2025-11-30,15,PROMO,online,True,2.257142857142857
373,7,2025-12-01,2025-12-07,15,PROMO,online,True,1.6
374,7,2025-12-15,2025-12-21,8,PROMO,online,True,5.0
375,7,2025-12-22,2025-12-28,8,PROMO,online,True,1.9142857142857144
376,7,2025-12-29,2026-01-04,8,PROMO,online,True,6.466666666666667
377,7,2026-01-12,2026-01-18,12,PROMO,online,True,3.9
378,7,2026-01-19,2026-01-25,12,PROMO,online,True,3.942857142857143
379,7,2026-01-26,2026-02-01,12,PROMO,online,True,3.257142857142857
380,7,2026-02-02,2026-02-08,12,PROMO,online,True,3.7714285714285714
381,7,2026-02-09,2026-02-15,12,PROMO,online,True,3.742857142857143
382,7,2026-03-09,2026-03-15,8,PROMO,online,True,3.6666666666666665
383,7,2026-03-16,2026-03-22,8,PROMO,online,True,2.6
384,7,2026-03-23,2026-03-29,8,PROMO,online,True,3.3714285714285714
385,7,2026-03-30,2026-04-05,8,PROMO,online,True,3.4857142857142858
386,7,2026-04-06,2026-04-12,8,PROMO,online,True,2.76
387,8,2024-01-15,2024-01-21,12,PROMO,online,True,1.6285714285714286
388,8,2024-01-22,2024-01-28,12,PROMO,online,True,1.1714285714285715
389,8,2024-01-29,2024-02-04,12,PROMO,online,True,1.2285714285714286
390,8,2024-02-05,2024-02-11,12,PROMO,online,True,1.8857142857142857
391,8,2024-02-12,2024-02-18,12,PROMO,online,True,1.1
392,8,2024-08-19,2024-08-25,10,PROMO,online,True,2.566666666666667
393,8,2024-08-26,2024-09-01,10,PROMO,online,True,1.7142857142857142
394,8,2024-09-02,2024-09-08,10,PROMO,online,True,1.8
395,8,2024-09-09,2024-09-15,10,PROMO,online,True,2.085714285714286
396,8,2024-09-16,2024-09-22,10,PROMO,online,True,1.2
397,8,2024-11-18,2024-11-24,15,PROMO,online,True,1.24
398,8,2024-11-25,2024-12-01,15,PROMO,online,True,1.9142857142857144
399,8,2024-12-02,2024-12-08,15,PROMO,online,True,1.2
400,8,2024-12-09,2024-12-15,8,PROMO,online,True,1.6
401,8,2024-12-16,2024-12-22,8,PROMO,online,True,1.1142857142857143
402,8,2024-12-23,2024-12-29,8,PROMO,online,True,1.3428571428571427
403,8,2024-12-30,2025-01-05,8,PROMO,online,True,1.1
404,8,2025-01-13,2025-01-19,12,PROMO,online,True,1.0
405,8,2025-01-20,2025-01-26,12,PROMO,online,True,1.2571428571428571
406,8,2025-01-27,2025-02-02,12,PROMO,online,True,0.9428571428571428
407,8,2025-02-03,2025-02-09,12,PROMO,online,True,1.0
408,8,2025-02-10,2025-02-16,12,PROMO,online,True,1.5666666666666667
409,8,2025-08-18,2025-08-24,10,PROMO,online,True,1.6
410,8,2025-08-25,2025-08-31,10,PROMO,online,True,0.7142857142857143
411,8,2025-09-01,2025-09-07,10,PROMO,online,True,1.2
412,8,2025-09-08,2025-09-14,10,PROMO,online,True,1.3714285714285714
413,8,2025-09-15,2025-09-21,10,PROMO,online,True,1.2333333333333334
414,8,2025-11-17,2025-11-23,15,PROMO,online,True,1.8
415,8,2025-11-24,2025-11-30,15,PROMO,online,True,1.6857142857142857
416,8,2025-12-01,2025-12-07,15,PROMO,online,True,2.1
417,8,2025-12-15,2025-12-21,8,PROMO,online,True,0.6285714285714286
418,8,2025-12-22,2025-12-28,8,PROMO,online,True,1.7142857142857142
419,8,2025-12-29,2026-01-04,8,PROMO,online,True,1.4666666666666666
420,8,2026-01-12,2026-01-18,12,PROMO,online,True,1.3
421,8,2026-01-19,2026-01-25,12,PROMO,online,True,1.5142857142857142
422,8,2026-01-26,2026-02-01,12,PROMO,online,True,1.457142857142857
423,8,2026-02-02,2026-02-08,12,PROMO,online,True,1.0571428571428572
424,8,2026-02-09,2026-02-15,12,PROMO,online,True,1.3428571428571427
425,9,2024-01-15,2024-01-21,12,PROMO,online,True,2.3142857142857145
426,9,2024-01-22,2024-01-28,12,PROMO,online,True,3.085714285714286
427,9,2024-01-29,2024-02-04,12,PROMO,online,True,2.085714285714286
428,9,2024-02-05,2024-02-11,12,PROMO,online,True,1.7714285714285714
429,9,2024-02-12,2024-02-18,12,PROMO,online,True,0.95
430,9,2024-03-04,2024-03-10,8,PROMO,online,True,1.0
431,9,2024-03-11,2024-03-17,8,PROMO,online,True,1.8
432,9,2024-03-18,2024-03-24,8,PROMO,online,True,2.5428571428571427
433,9,2024-03-25,2024-03-31,8,PROMO,online,True,2.2285714285714286
434,9,2024-04-01,2024-04-07,8,PROMO,online,True,1.8285714285714285
435,9,2024-04-08,2024-04-14,8,PROMO,online,True,1.7333333333333334
436,9,2024-08-19,2024-08-25,10,PROMO,online,True,2.2333333333333334
437,9,2024-08-26,2024-09-01,10,PROMO,online,True,1.4
438,9,2024-09-02,2024-09-08,10,PROMO,online,True,2.4571428571428573
439,9,2024-09-09,2024-09-15,10,PROMO,online,True,2.8285714285714287
440,9,2024-09-16,2024-09-22,10,PROMO,online,True,2.32
441,9,2024-11-18,2024-11-24,15,PROMO,online,True,1.44
442,9,2024-11-25,2024-12-01,15,PROMO,online,True,2.257142857142857
443,9,2024-12-02,2024-12-08,15,PROMO,online,True,2.2
444,9,2024-12-09,2024-12-15,8,PROMO,online,True,2.0
445,9,2024-12-16,2024-12-22,8,PROMO,online,True,1.8857142857142857
446,9,2024-12-23,2024-12-29,8,PROMO,online,True,1.9142857142857144
447,9,2024-12-30,2025-01-05,8,PROMO,online,True,1.7
448,9,2025-01-13,2025-01-19,12,PROMO,online,True,3.2
449,9,2025-01-20,2025-01-26,12,PROMO,online,True,2.1142857142857143
450,9,2025-01-27,2025-02-02,12,PROMO,online,True,1.8
451,9,2025-02-03,2025-02-09,12,PROMO,online,True,2.4285714285714284
452,9,2025-02-10,2025-02-16,12,PROMO,online,True,2.1333333333333333
453,9,2025-03-10,2025-03-16,8,PROMO,online,True,2.2
454,9,2025-03-17,2025-03-23,8,PROMO,online,True,1.9428571428571428
455,9,2025-03-24,2025-03-30,8,PROMO,online,True,2.142857142857143
456,9,2025-03-31,2025-04-06,8,PROMO,online,True,2.142857142857143
457,9,2025-04-07,2025-04-13,8,PROMO,online,True,1.95
458,9,2025-08-18,2025-08-24,10,PROMO,online,True,2.12
459,9,2025-08-25,2025-08-31,10,PROMO,online,True,2.085714285714286
460,9,2025-09-01,2025-09-07,10,PROMO,online,True,2.1714285714285713
461,9,2025-09-08,2025-09-14,10,PROMO,online,True,2.257142857142857
462,9,2025-09-15,2025-09-21,10,PROMO,online,True,2.533333333333333
463,9,2025-11-17,2025-11-23,15,PROMO,online,True,2.65
464,9,2025-11-24,2025-11-30,15,PROMO,online,True,2.7142857142857144
465,9,2025-12-01,2025-12-07,15,PROMO,online,True,1.2
466,9,2025-12-15,2025-12-21,8,PROMO,online,True,2.6
467,9,2025-12-22,2025-12-28,8,PROMO,online,True,1.8285714285714285
468,9,2025-12-29,2026-01-04,8,PROMO,online,True,2.2666666666666666
469,9,2026-01-12,2026-01-18,12,PROMO,online,True,3.0
470,9,2026-01-19,2026-01-25,12,PROMO,online,True,2.257142857142857
471,9,2026-01-26,2026-02-01,12,PROMO,online,True,2.142857142857143
472,9,2026-02-02,2026-02-08,12,PROMO,online,True,2.1142857142857143
473,9,2026-02-09,2026-02-15,12,PROMO,online,True,1.9428571428571428
474,9,2026-03-09,2026-03-15,8,PROMO,online,True,2.066666666666667
475,9,2026-03-16,2026-03-22,8,PROMO,online,True,2.6
476,9,2026-03-23,2026-03-29,8,PROMO,online,True,2.3142857142857145
477,9,2026-03-30,2026-04-05,8,PROMO,online,True,2.2857142857142856
478,9,2026-04-06,2026-04-12,8,PROMO,online,True,2.48
479,10,2024-01-15,2024-01-21,12,PROMO,online,True,6.514285714285714
480,10,2024-01-22,2024-01-28,12,PROMO,online,True,5.171428571428572
481,10,2024-01-29,2024-02-04,12,PROMO,online,True,6.4
482,10,2024-02-05,2024-02-11,12,PROMO,online,True,3.7714285714285714
483,10,2024-02-12,2024-02-18,12,PROMO,online,True,2.75
484,10,2024-03-04,2024-03-10,8,PROMO,online,True,6.6
485,10,2024-03-11,2024-03-17,8,PROMO,online,True,5.857142857142857
486,10,2024-03-18,2024-03-24,8,PROMO,online,True,5.3428571428571425
487,10,2024-03-25,2024-03-31,8,PROMO,online,True,3.5428571428571427
488,10,2024-04-01,2024-04-07,8,PROMO,online,True,5.314285714285714
489,10,2024-04-08,2024-04-14,8,PROMO,online,True,3.6666666666666665
490,10,2024-08-19,2024-08-25,10,PROMO,online,True,3.3666666666666667
491,10,2024-08-26,2024-09-01,10,PROMO,online,True,5.6571428571428575
492,10,2024-09-02,2024-09-08,10,PROMO,online,True,6.485714285714286
493,10,2024-09-09,2024-09-15,10,PROMO,online,True,5.485714285714286
494,10,2024-09-16,2024-09-22,10,PROMO,online,True,5.48
495,10,2024-11-18,2024-11-24,15,PROMO,online,True,5.44
496,10,2024-11-25,2024-12-01,15,PROMO,online,True,4.0
497,10,2024-12-02,2024-12-08,15,PROMO,online,True,4.0
498,10,2024-12-09,2024-12-15,8,PROMO,online,True,4.4
499,10,2024-12-16,2024-12-22,8,PROMO,online,True,9.342857142857143
500,10,2024-12-23,2024-12-29,8,PROMO,online,True,5.485714285714286
501,10,2024-12-30,2025-01-05,8,PROMO,online,True,5.0
502,10,2025-01-13,2025-01-19,12,PROMO,online,True,4.0
503,10,2025-01-20,2025-01-26,12,PROMO,online,True,5.0
504,10,2025-01-27,2025-02-02,12,PROMO,online,True,4.4
505,10,2025-02-03,2025-02-09,12,PROMO,online,True,6.314285714285714
506,10,2025-02-10,2025-02-16,12,PROMO,online,True,4.0
507,10,2025-03-10,2025-03-16,8,PROMO,online,True,6.0285714285714285
508,10,2025-03-17,2025-03-23,8,PROMO,online,True,4.771428571428571
509,10,2025-03-24,2025-03-30,8,PROMO,online,True,2.8857142857142857
510,10,2025-03-31,2025-04-06,8,PROMO,online,True,2.342857142857143
511,10,2025-04-07,2025-04-13,8,PROMO,online,True,5.3
512,10,2025-08-18,2025-08-24,10,PROMO,online,True,1.32
513,10,2025-08-25,2025-08-31,10,PROMO,online,True,3.2285714285714286
514,10,2025-09-01,2025-09-07,10,PROMO,online,True,3.4571428571428573
515,10,2025-09-08,2025-09-14,10,PROMO,online,True,5.9714285714285715
516,10,2025-09-15,2025-09-21,10,PROMO,online,True,6.1
517,10,2025-11-17,2025-11-23,15,PROMO,online,True,3.45
518,10,2025-11-24,2025-11-30,15,PROMO,online,True,5.085714285714285
519,10,2025-12-01,2025-12-07,15,PROMO,online,True,2.1
520,10,2025-12-15,2025-12-21,8,PROMO,online,True,4.285714285714286
521,10,2025-12-22,2025-12-28,8,PROMO,online,True,3.857142857142857
522,10,2025-12-29,2026-01-04,8,PROMO,online,True,2.466666666666667
523,10,2026-01-12,2026-01-18,12,PROMO,online,True,6.55
524,10,2026-01-19,2026-01-25,12,PROMO,online,True,4.857142857142857
525,10,2026-01-26,2026-02-01,12,PROMO,online,True,3.8285714285714287
526,10,2026-02-02,2026-02-08,12,PROMO,online,True,5.942857142857143
527,10,2026-02-09,2026-02-15,12,PROMO,online,True,6.4
528,10,2026-03-09,2026-03-15,8,PROMO,online,True,6.333333333333333
529,10,2026-03-16,2026-03-22,8,PROMO,online,True,4.285714285714286
530,10,2026-03-23,2026-03-29,8,PROMO,online,True,5.371428571428571
531,10,2026-03-30,2026-04-05,8,PROMO,online,True,5.228571428571429
532,10,2026-04-06,2026-04-12,8,PROMO,online,True,6.92
533,11,2024-01-15,2024-01-21,12,PROMO,online,True,1.1428571428571428
534,11,2024-01-22,2024-01-28,12,PROMO,online,True,1.0857142857142856
535,11,2024-01-29,2024-02-04,12,PROMO,online,True,0.8857142857142857
536,11,2024-02-05,2024-02-11,12,PROMO,online,True,1.2
537,11,2024-02-12,2024-02-18,12,PROMO,online,True,1.1
538,11,2024-11-18,2024-11-24,15,PROMO,online,True,0.8
539,11,2024-11-25,2024-12-01,15,PROMO,online,True,0.7714285714285715
540,11,2024-12-02,2024-12-08,15,PROMO,online,True,1.0
541,11,2024-12-09,2024-12-15,8,PROMO,online,True,1.6
542,11,2024-12-16,2024-12-22,8,PROMO,online,True,1.1714285714285715
543,11,2024-12-23,2024-12-29,8,PROMO,online,True,0.8
544,11,2024-12-30,2025-01-05,8,PROMO,online,True,0.8
545,11,2025-01-13,2025-01-19,12,PROMO,online,True,0.76
546,11,2025-01-20,2025-01-26,12,PROMO,online,True,0.6285714285714286
547,11,2025-01-27,2025-02-02,12,PROMO,online,True,1.5714285714285714
548,11,2025-02-03,2025-02-09,12,PROMO,online,True,1.0571428571428572
549,11,2025-02-10,2025-02-16,12,PROMO,online,True,1.1666666666666667
550,11,2025-11-17,2025-11-23,15,PROMO,online,True,1.1
551,11,2025-11-24,2025-11-30,15,PROMO,online,True,0.7142857142857143
552,11,2025-12-01,2025-12-07,15,PROMO,online,True,0.9
553,11,2025-12-15,2025-12-21,8,PROMO,online,True,1.0285714285714285
554,11,2025-12-22,2025-12-28,8,PROMO,online,True,0.9142857142857143
555,11,2025-12-29,2026-01-04,8,PROMO,online,True,1.3333333333333333
556,11,2026-01-12,2026-01-18,12,PROMO,online,True,1.4
557,11,2026-01-19,2026-01-25,12,PROMO,online,True,1.3714285714285714
558,11,2026-01-26,2026-02-01,12,PROMO,online,True,0.9142857142857143
559,11,2026-02-02,2026-02-08,12,PROMO,online,True,1.0571428571428572
560,11,2026-02-09,2026-02-15,12,PROMO,online,True,1.0571428571428572
561,12,2024-01-15,2024-01-21,12,PROMO,online,True,1.1714285714285715
562,12,2024-01-22,2024-01-28,12,PROMO,online,True,1.8285714285714285
563,12,2024-01-29,2024-02-04,12,PROMO,online,True,1.542857142857143
564,12,2024-02-05,2024-02-11,12,PROMO,online,True,1.6571428571428573
565,12,2024-02-12,2024-02-18,12,PROMO,online,True,1.55
566,12,2024-08-19,2024-08-25,10,PROMO,online,True,1.3666666666666667
567,12,2024-08-26,2024-09-01,10,PROMO,online,True,1.8571428571428572
568,12,2024-09-02,2024-09-08,10,PROMO,online,True,1.7142857142857142
569,12,2024-09-09,2024-09-15,10,PROMO,online,True,1.3428571428571427
570,12,2024-09-16,2024-09-22,10,PROMO,online,True,1.8
571,12,2024-11-18,2024-11-24,15,PROMO,online,True,1.0
572,12,2024-11-25,2024-12-01,15,PROMO,online,True,1.2
573,12,2024-12-02,2024-12-08,15,PROMO,online,True,0.8
574,12,2024-12-09,2024-12-15,8,PROMO,online,True,1.2
575,12,2024-12-16,2024-12-22,8,PROMO,online,True,1.6571428571428573
576,12,2024-12-23,2024-12-29,8,PROMO,online,True,1.6
577,12,2024-12-30,2025-01-05,8,PROMO,online,True,2.0
578,12,2025-01-13,2025-01-19,12,PROMO,online,True,2.04
579,12,2025-01-20,2025-01-26,12,PROMO,online,True,1.1714285714285715
580,12,2025-01-27,2025-02-02,12,PROMO,online,True,1.457142857142857
581,12,2025-02-03,2025-02-09,12,PROMO,online,True,1.2857142857142858
582,12,2025-02-10,2025-02-16,12,PROMO,online,True,1.5666666666666667
583,12,2025-08-18,2025-08-24,10,PROMO,online,True,1.92
584,12,2025-08-25,2025-08-31,10,PROMO,online,True,1.2857142857142858
585,12,2025-09-01,2025-09-07,10,PROMO,online,True,1.5142857142857142
586,12,2025-09-08,2025-09-14,10,PROMO,online,True,0.8285714285714286
587,12,2025-09-15,2025-09-21,10,PROMO,online,True,1.0
588,12,2025-11-17,2025-11-23,15,PROMO,online,True,1.6
589,12,2025-11-24,2025-11-30,15,PROMO,online,True,1.4857142857142858
590,12,2025-12-01,2025-12-07,15,PROMO,online,True,2.1
591,12,2025-12-15,2025-12-21,8,PROMO,online,True,1.3142857142857143
592,12,2025-12-22,2025-12-28,8,PROMO,online,True,1.1428571428571428
593,12,2025-12-29,2026-01-04,8,PROMO,online,True,1.0666666666666667
594,12,2026-01-12,2026-01-18,12,PROMO,online,True,0.65
595,12,2026-01-19,2026-01-25,12,PROMO,online,True,0.6285714285714286
596,12,2026-01-26,2026-02-01,12,PROMO,online,True,1.1714285714285715
597,12,2026-02-02,2026-02-08,12,PROMO,online,True,1.2
598,12,2026-02-09,2026-02-15,12,PROMO,online,True,1.0857142857142856
599,13,2024-01-15,2024-01-21,12,PROMO,online,True,1.0
600,13,2024-01-22,2024-01-28,12,PROMO,online,True,1.1714285714285715
601,13,2024-01-29,2024-02-04,12,PROMO,online,True,1.1142857142857143
602,13,2024-02-05,2024-02-11,12,PROMO,online,True,1.6285714285714286
603,13,2024-02-12,2024-02-18,12,PROMO,online,True,1.25
604,13,2024-08-19,2024-08-25,10,PROMO,online,True,1.2333333333333334
605,13,2024-08-26,2024-09-01,10,PROMO,online,True,1.2571428571428571
606,13,2024-09-02,2024-09-08,10,PROMO,online,True,1.2285714285714286
607,13,2024-09-09,2024-09-15,10,PROMO,online,True,1.2571428571428571
608,13,2024-09-16,2024-09-22,10,PROMO,online,True,1.24
609,13,2024-11-18,2024-11-24,15,PROMO,online,True,1.08
610,13,2024-11-25,2024-12-01,15,PROMO,online,True,1.5142857142857142
611,13,2024-12-02,2024-12-08,15,PROMO,online,True,3.2
612,13,2024-12-09,2024-12-15,8,PROMO,online,True,1.4
613,13,2024-12-16,2024-12-22,8,PROMO,online,True,1.0285714285714285
614,13,2024-12-23,2024-12-29,8,PROMO,online,True,1.0
615,13,2024-12-30,2025-01-05,8,PROMO,online,True,2.3
616,13,2025-01-13,2025-01-19,12,PROMO,online,True,0.88
617,13,2025-01-20,2025-01-26,12,PROMO,online,True,0.8857142857142857
618,13,2025-01-27,2025-02-02,12,PROMO,online,True,0.8571428571428571
619,13,2025-02-03,2025-02-09,12,PROMO,online,True,0.7142857142857143
620,13,2025-02-10,2025-02-16,12,PROMO,online,True,1.0666666666666667
621,13,2025-08-18,2025-08-24,10,PROMO,online,True,1.48
622,13,2025-08-25,2025-08-31,10,PROMO,online,True,1.3714285714285714
623,13,2025-09-01,2025-09-07,10,PROMO,online,True,1.1714285714285715
624,13,2025-09-08,2025-09-14,10,PROMO,online,True,0.8
625,13,2025-09-15,2025-09-21,10,PROMO,online,True,1.1333333333333333
626,13,2025-11-17,2025-11-23,15,PROMO,online,True,1.05
627,13,2025-11-24,2025-11-30,15,PROMO,online,True,0.9714285714285714
628,13,2025-12-01,2025-12-07,15,PROMO,online,True,0.9
629,13,2025-12-15,2025-12-21,8,PROMO,online,True,1.4857142857142858
630,13,2025-12-22,2025-12-28,8,PROMO,online,True,0.8
631,13,2025-12-29,2026-01-04,8,PROMO,online,True,0.8666666666666667
632,13,2026-01-12,2026-01-18,12,PROMO,online,True,1.35
633,13,2026-01-19,2026-01-25,12,PROMO,online,True,1.4857142857142858
634,13,2026-01-26,2026-02-01,12,PROMO,online,True,1.457142857142857
635,13,2026-02-02,2026-02-08,12,PROMO,online,True,1.2571428571428571
636,13,2026-02-09,2026-02-15,12,PROMO,online,True,1.0
637,14,2024-01-15,2024-01-21,12,PROMO,online,True,0.8857142857142857
638,14,2024-01-22,2024-01-28,12,PROMO,online,True,0.8857142857142857
639,14,2024-01-29,2024-02-04,12,PROMO,online,True,1.2571428571428571
640,14,2024-02-05,2024-02-11,12,PROMO,online,True,0.8571428571428571
641,14,2024-02-12,2024-02-18,12,PROMO,online,True,1.1
642,14,2024-08-19,2024-08-25,10,PROMO,online,True,1.5
643,14,2024-08-26,2024-09-01,10,PROMO,online,True,0.8285714285714286
644,14,2024-09-02,2024-09-08,10,PROMO,online,True,1.9142857142857144
645,14,2024-09-09,2024-09-15,10,PROMO,online,True,1.0571428571428572
646,14,2024-09-16,2024-09-22,10,PROMO,online,True,1.28
647,14,2024-11-18,2024-11-24,15,PROMO,online,True,1.2
648,14,2024-11-25,2024-12-01,15,PROMO,online,True,1.1428571428571428
649,14,2024-12-02,2024-12-08,15,PROMO,online,True,0.4
650,14,2024-12-09,2024-12-15,8,PROMO,online,True,1.6
651,14,2024-12-16,2024-12-22,8,PROMO,online,True,0.9428571428571428
652,14,2024-12-23,2024-12-29,8,PROMO,online,True,0.9142857142857143
653,14,2024-12-30,2025-01-05,8,PROMO,online,True,1.9
654,14,2025-01-13,2025-01-19,12,PROMO,online,True,1.4
655,14,2025-01-20,2025-01-26,12,PROMO,online,True,0.8571428571428571
656,14,2025-01-27,2025-02-02,12,PROMO,online,True,1.2285714285714286
657,14,2025-02-03,2025-02-09,12,PROMO,online,True,1.4
658,14,2025-02-10,2025-02-16,12,PROMO,online,True,1.0666666666666667
659,14,2025-08-18,2025-08-24,10,PROMO,online,True,1.08
660,14,2025-08-25,2025-08-31,10,PROMO,online,True,1.0857142857142856
661,14,2025-09-01,2025-09-07,10,PROMO,online,True,1.2285714285714286
662,14,2025-09-08,2025-09-14,10,PROMO,online,True,1.3142857142857143
663,14,2025-09-15,2025-09-21,10,PROMO,online,True,1.5333333333333334
664,14,2025-11-17,2025-11-23,15,PROMO,online,True,1.6
665,14,2025-11-24,2025-11-30,15,PROMO,online,True,1.4
666,14,2025-12-01,2025-12-07,15,PROMO,online,True,0.9
667,14,2025-12-15,2025-12-21,8,PROMO,online,True,1.2857142857142858
668,14,2025-12-22,2025-12-28,8,PROMO,online,True,1.1142857142857143
669,14,2025-12-29,2026-01-04,8,PROMO,online,True,1.1333333333333333
670,14,2026-01-12,2026-01-18,12,PROMO,online,True,1.1
671,14,2026-01-19,2026-01-25,12,PROMO,online,True,0.9428571428571428
672,14,2026-01-26,2026-02-01,12,PROMO,online,True,1.3142857142857143
673,14,2026-02-02,2026-02-08,12,PROMO,online,True,1.4
674,14,2026-02-09,2026-02-15,12,PROMO,online,True,1.1714285714285715
675,15,2024-01-15,2024-01-21,12,PROMO,online,True,1.0857142857142856
676,15,2024-01-22,2024-01-28,12,PROMO,online,True,1.7714285714285714
677,15,2024-01-29,2024-02-04,12,PROMO,online,True,1.0571428571428572
678,15,2024-02-05,2024-02-11,12,PROMO,online,True,1.4857142857142858
679,15,2024-02-12,2024-02-18,12,PROMO,online,True,1.45
680,15,2024-08-19,2024-08-25,10,PROMO,online,True,2.2333333333333334
681,15,2024-08-26,2024-09-01,10,PROMO,online,True,1.6285714285714286
682,15,2024-09-02,2024-09-08,10,PROMO,online,True,2.5714285714285716
683,15,2024-09-09,2024-09-15,10,PROMO,online,True,1.7142857142857142
684,15,2024-09-16,2024-09-22,10,PROMO,online,True,2.24
685,15,2024-11-18,2024-11-24,15,PROMO,online,True,1.76
686,15,2024-11-25,2024-12-01,15,PROMO,online,True,1.6857142857142857
687,15,2024-12-02,2024-12-08,15,PROMO,online,True,0.8
688,15,2024-12-09,2024-12-15,8,PROMO,online,True,0.6
689,15,2024-12-16,2024-12-22,8,PROMO,online,True,1.8571428571428572
690,15,2024-12-23,2024-12-29,8,PROMO,online,True,1.3714285714285714
691,15,2024-12-30,2025-01-05,8,PROMO,online,True,1.2
692,15,2025-01-13,2025-01-19,12,PROMO,online,True,1.28
693,15,2025-01-20,2025-01-26,12,PROMO,online,True,1.1142857142857143
694,15,2025-01-27,2025-02-02,12,PROMO,online,True,1.2285714285714286
695,15,2025-02-03,2025-02-09,12,PROMO,online,True,1.6285714285714286
696,15,2025-02-10,2025-02-16,12,PROMO,online,True,1.5666666666666667
697,15,2025-08-18,2025-08-24,10,PROMO,online,True,1.0
698,15,2025-08-25,2025-08-31,10,PROMO,online,True,1.3142857142857143
699,15,2025-09-01,2025-09-07,10,PROMO,online,True,1.8857142857142857
700,15,2025-09-08,2025-09-14,10,PROMO,online,True,2.0285714285714285
701,15,2025-09-15,2025-09-21,10,PROMO,online,True,2.2
702,15,2025-11-17,2025-11-23,15,PROMO,online,True,1.55
703,15,2025-11-24,2025-11-30,15,PROMO,online,True,1.6285714285714286
704,15,2025-12-01,2025-12-07,15,PROMO,online,True,1.9
705,15,2025-12-15,2025-12-21,8,PROMO,online,True,1.6857142857142857
706,15,2025-12-22,2025-12-28,8,PROMO,online,True,1.1714285714285715
707,15,2025-12-29,2026-01-04,8,PROMO,online,True,1.2666666666666666
708,15,2026-01-12,2026-01-18,12,PROMO,online,True,1.7
709,15,2026-01-19,2026-01-25,12,PROMO,online,True,1.1142857142857143
710,15,2026-01-26,2026-02-01,12,PROMO,online,True,1.2857142857142858
711,15,2026-02-02,2026-02-08,12,PROMO,online,True,1.3714285714285714
712,15,2026-02-09,2026-02-15,12,PROMO,online,True,1.0857142857142856
713,16,2024-01-15,2024-01-21,12,PROMO,online,True,0.02857142857142857
714,16,2024-01-22,2024-01-28,12,PROMO,online,True,0.2
715,16,2024-01-29,2024-02-04,12,PROMO,online,True,0.11428571428571428
716,16,2024-02-05,2024-02-11,12,PROMO,online,True,0.22857142857142856
717,16,2024-02-12,2024-02-18,12,PROMO,online,True,0.25
718,16,2024-11-18,2024-11-24,15,PROMO,online,True,0.04
719,16,2024-11-25,2024-12-01,15,PROMO,online,True,0.05714285714285714
720,16,2024-12-02,2024-12-08,15,PROMO,online,True,0.0
721,16,2024-12-09,2024-12-15,8,PROMO,online,True,0.2
722,16,2024-12-16,2024-12-22,8,PROMO,online,True,0.37142857142857144
723,16,2024-12-23,2024-12-29,8,PROMO,online,True,0.17142857142857143
724,16,2024-12-30,2025-01-05,8,PROMO,online,True,0.0
725,16,2025-01-13,2025-01-19,12,PROMO,online,True,0.2
726,16,2025-01-20,2025-01-26,12,PROMO,online,True,0.2857142857142857
727,16,2025-01-27,2025-02-02,12,PROMO,online,True,0.22857142857142856
728,16,2025-02-03,2025-02-09,12,PROMO,online,True,0.2
729,16,2025-02-10,2025-02-16,12,PROMO,online,True,0.23333333333333334
730,16,2025-11-17,2025-11-23,15,PROMO,online,True,0.15
731,16,2025-11-24,2025-11-30,15,PROMO,online,True,0.08571428571428572
732,16,2025-12-01,2025-12-07,15,PROMO,online,True,0.2
733,16,2025-12-15,2025-12-21,8,PROMO,online,True,0.2
734,16,2025-12-22,2025-12-28,8,PROMO,online,True,0.2857142857142857
735,16,2025-12-29,2026-01-04,8,PROMO,online,True,0.3333333333333333
736,16,2026-01-12,2026-01-18,12,PROMO,online,True,0.25
737,16,2026-01-19,2026-01-25,12,PROMO,online,True,0.17142857142857143
738,16,2026-01-26,2026-02-01,12,PROMO,online,True,0.14285714285714285
739,16,2026-02-02,2026-02-08,12,PROMO,online,True,0.2
740,16,2026-02-09,2026-02-15,12,PROMO,online,True,0.17142857142857143
741,17,2024-01-15,2024-01-21,12,PROMO,online,True,1.3142857142857143
742,17,2024-01-22,2024-01-28,12,PROMO,online,True,1.3714285714285714
743,17,2024-01-29,2024-02-04,12,PROMO,online,True,0.9142857142857143
744,17,2024-02-05,2024-02-11,12,PROMO,online,True,1.0857142857142856
745,17,2024-02-12,2024-02-18,12,PROMO,online,True,0.9
746,17,2024-08-19,2024-08-25,10,PROMO,online,True,0.8666666666666667
747,17,2024-08-26,2024-09-01,10,PROMO,online,True,1.3142857142857143
748,17,2024-09-02,2024-09-08,10,PROMO,online,True,1.6571428571428573
749,17,2024-09-09,2024-09-15,10,PROMO,online,True,1.2285714285714286
750,17,2024-09-16,2024-09-22,10,PROMO,online,True,1.0
751,17,2024-11-18,2024-11-24,15,PROMO,online,True,1.28
752,17,2024-11-25,2024-12-01,15,PROMO,online,True,1.8285714285714285
753,17,2024-12-02,2024-12-08,15,PROMO,online,True,1.4
754,17,2024-12-09,2024-12-15,8,PROMO,online,True,0.8
755,17,2024-12-16,2024-12-22,8,PROMO,online,True,1.4
756,17,2024-12-23,2024-12-29,8,PROMO,online,True,1.0285714285714285
757,17,2024-12-30,2025-01-05,8,PROMO,online,True,1.1
758,17,2025-01-13,2025-01-19,12,PROMO,online,True,1.48
759,17,2025-01-20,2025-01-26,12,PROMO,online,True,1.0285714285714285
760,17,2025-01-27,2025-02-02,12,PROMO,online,True,1.6
761,17,2025-02-03,2025-02-09,12,PROMO,online,True,1.3714285714285714
762,17,2025-02-10,2025-02-16,12,PROMO,online,True,1.7
763,17,2025-08-18,2025-08-24,10,PROMO,online,True,1.8
764,17,2025-08-25,2025-08-31,10,PROMO,online,True,1.7714285714285714
765,17,2025-09-01,2025-09-07,10,PROMO,online,True,1.5714285714285714
766,17,2025-09-08,2025-09-14,10,PROMO,online,True,1.7428571428571429
767,17,2025-09-15,2025-09-21,10,PROMO,online,True,2.066666666666667
768,17,2025-11-17,2025-11-23,15,PROMO,online,True,1.45
769,17,2025-11-24,2025-11-30,15,PROMO,online,True,1.5142857142857142
770,17,2025-12-01,2025-12-07,15,PROMO,online,True,1.5
771,17,2025-12-15,2025-12-21,8,PROMO,online,True,1.6285714285714286
772,17,2025-12-22,2025-12-28,8,PROMO,online,True,1.0857142857142856
773,17,2025-12-29,2026-01-04,8,PROMO,online,True,1.3333333333333333
774,17,2026-01-12,2026-01-18,12,PROMO,online,True,1.1
775,17,2026-01-19,2026-01-25,12,PROMO,online,True,1.2857142857142858
776,17,2026-01-26,2026-02-01,12,PROMO,online,True,1.6571428571428573
777,17,2026-02-02,2026-02-08,12,PROMO,online,True,1.0285714285714285
778,17,2026-02-09,2026-02-15,12,PROMO,online,True,1.3714285714285714
779,18,2024-01-15,2024-01-21,12,PROMO,online,True,0.6
780,18,2024-01-22,2024-01-28,12,PROMO,online,True,0.8571428571428571
781,18,2024-01-29,2024-02-04,12,PROMO,online,True,1.4
782,18,2024-02-05,2024-02-11,12,PROMO,online,True,1.5714285714285714
783,18,2024-02-12,2024-02-18,12,PROMO,online,True,1.05
784,18,2024-08-19,2024-08-25,10,PROMO,online,True,1.9666666666666666
785,18,2024-08-26,2024-09-01,10,PROMO,online,True,1.8857142857142857
786,18,2024-09-02,2024-09-08,10,PROMO,online,True,1.8
787,18,2024-09-09,2024-09-15,10,PROMO,online,True,0.7142857142857143
788,18,2024-09-16,2024-09-22,10,PROMO,online,True,1.16
789,18,2024-11-18,2024-11-24,15,PROMO,online,True,1.16
790,18,2024-11-25,2024-12-01,15,PROMO,online,True,1.1714285714285715
791,18,2024-12-02,2024-12-08,15,PROMO,online,True,1.2
792,18,2024-12-09,2024-12-15,8,PROMO,online,True,0.2
793,18,2024-12-16,2024-12-22,8,PROMO,online,True,0.6571428571428571
794,18,2024-12-23,2024-12-29,8,PROMO,online,True,1.0571428571428572
795,18,2024-12-30,2025-01-05,8,PROMO,online,True,1.1
796,18,2025-01-13,2025-01-19,12,PROMO,online,True,2.36
797,18,2025-01-20,2025-01-26,12,PROMO,online,True,1.6285714285714286
798,18,2025-01-27,2025-02-02,12,PROMO,online,True,1.1714285714285715
799,18,2025-02-03,2025-02-09,12,PROMO,online,True,0.7142857142857143
800,18,2025-02-10,2025-02-16,12,PROMO,online,True,0.9333333333333333
801,18,2025-08-18,2025-08-24,10,PROMO,online,True,1.36
802,18,2025-08-25,2025-08-31,10,PROMO,online,True,1.542857142857143
803,18,2025-09-01,2025-09-07,10,PROMO,online,True,1.3428571428571427
804,18,2025-09-08,2025-09-14,10,PROMO,online,True,1.1428571428571428
805,18,2025-09-15,2025-09-21,10,PROMO,online,True,1.6333333333333333
806,18,2025-11-17,2025-11-23,15,PROMO,online,True,2.5
807,18,2025-11-24,2025-11-30,15,PROMO,online,True,1.0285714285714285
808,18,2025-12-01,2025-12-07,15,PROMO,online,True,1.7
809,18,2025-12-15,2025-12-21,8,PROMO,online,True,1.6857142857142857
810,18,2025-12-22,2025-12-28,8,PROMO,online,True,0.6
811,18,2025-12-29,2026-01-04,8,PROMO,online,True,1.0
812,18,2026-01-12,2026-01-18,12,PROMO,online,True,1.6
813,18,2026-01-19,2026-01-25,12,PROMO,online,True,1.7428571428571429
814,18,2026-01-26,2026-02-01,12,PROMO,online,True,1.3714285714285714
815,18,2026-02-02,2026-02-08,12,PROMO,online,True,1.0571428571428572
816,18,2026-02-09,2026-02-15,12,PROMO,online,True,1.1142857142857143
817,19,2024-01-15,2024-01-21,12,PROMO,online,True,1.7714285714285714
818,19,2024-01-22,2024-01-28,12,PROMO,online,True,1.4
819,19,2024-01-29,2024-02-04,12,PROMO,online,True,1.4857142857142858
820,19,2024-02-05,2024-02-11,12,PROMO,online,True,1.4
821,19,2024-02-12,2024-02-18,12,PROMO,online,True,1.25
822,19,2024-08-19,2024-08-25,10,PROMO,online,True,2.066666666666667
823,19,2024-08-26,2024-09-01,10,PROMO,online,True,2.0
824,19,2024-09-02,2024-09-08,10,PROMO,online,True,1.9428571428571428
825,19,2024-09-09,2024-09-15,10,PROMO,online,True,1.8285714285714285
826,19,2024-09-16,2024-09-22,10,PROMO,online,True,2.2
827,19,2024-11-18,2024-11-24,15,PROMO,online,True,1.88
828,19,2024-11-25,2024-12-01,15,PROMO,online,True,1.6571428571428573
829,19,2024-12-02,2024-12-08,15,PROMO,online,True,1.0
830,19,2024-12-09,2024-12-15,8,PROMO,online,True,1.6
831,19,2024-12-16,2024-12-22,8,PROMO,online,True,1.1428571428571428
832,19,2024-12-23,2024-12-29,8,PROMO,online,True,0.9714285714285714
833,19,2024-12-30,2025-01-05,8,PROMO,online,True,0.5
834,19,2025-01-13,2025-01-19,12,PROMO,online,True,1.72
835,19,2025-01-20,2025-01-26,12,PROMO,online,True,1.5714285714285714
836,19,2025-01-27,2025-02-02,12,PROMO,online,True,1.6857142857142857
837,19,2025-02-03,2025-02-09,12,PROMO,online,True,1.4857142857142858
838,19,2025-02-10,2025-02-16,12,PROMO,online,True,1.4
839,19,2025-08-18,2025-08-24,10,PROMO,online,True,1.92
840,19,2025-08-25,2025-08-31,10,PROMO,online,True,1.4857142857142858
841,19,2025-09-01,2025-09-07,10,PROMO,online,True,2.1142857142857143
842,19,2025-09-08,2025-09-14,10,PROMO,online,True,2.1142857142857143
843,19,2025-09-15,2025-09-21,10,PROMO,online,True,1.6666666666666667
844,19,2025-11-17,2025-11-23,15,PROMO,online,True,1.8
845,19,2025-11-24,2025-11-30,15,PROMO,online,True,1.6571428571428573
846,19,2025-12-01,2025-12-07,15,PROMO,online,True,1.3
847,19,2025-12-15,2025-12-21,8,PROMO,online,True,1.2285714285714286
848,19,2025-12-22,2025-12-28,8,PROMO,online,True,1.3428571428571427
849,19,2025-12-29,2026-01-04,8,PROMO,online,True,1.6
850,19,2026-01-12,2026-01-18,12,PROMO,online,True,1.45
851,19,2026-01-19,2026-01-25,12,PROMO,online,True,1.4
852,19,2026-01-26,2026-02-01,12,PROMO,online,True,1.6571428571428573
853,19,2026-02-02,2026-02-08,12,PROMO,online,True,1.1428571428571428
854,19,2026-02-09,2026-02-15,12,PROMO,online,True,1.0
855,20,2024-01-15,2024-01-21,12,PROMO,online,True,1.4285714285714286
856,20,2024-01-22,2024-01-28,12,PROMO,online,True,1.3428571428571427
857,20,2024-01-29,2024-02-04,12,PROMO,online,True,1.1714285714285715
858,20,2024-02-05,2024-02-11,12,PROMO,online,True,1.8285714285714285
859,20,2024-02-12,2024-02-18,12,PROMO,online,True,1.75
860,20,2024-08-19,2024-08-25,10,PROMO,online,True,2.1333333333333333
861,20,2024-08-26,2024-09-01,10,PROMO,online,True,2.085714285714286
862,20,2024-09-02,2024-09-08,10,PROMO,online,True,2.0
863,20,2024-09-09,2024-09-15,10,PROMO,online,True,2.1142857142857143
864,20,2024-09-16,2024-09-22,10,PROMO,online,True,1.44
865,20,2024-11-18,2024-11-24,15,PROMO,online,True,1.4
866,20,2024-11-25,2024-12-01,15,PROMO,online,True,1.4
867,20,2024-12-02,2024-12-08,15,PROMO,online,True,1.0
868,20,2024-12-09,2024-12-15,8,PROMO,online,True,1.0
869,20,2024-12-16,2024-12-22,8,PROMO,online,True,1.8571428571428572
870,20,2024-12-23,2024-12-29,8,PROMO,online,True,1.4285714285714286
871,20,2024-12-30,2025-01-05,8,PROMO,online,True,1.4
872,20,2025-01-13,2025-01-19,12,PROMO,online,True,1.36
873,20,2025-01-20,2025-01-26,12,PROMO,online,True,1.6285714285714286
874,20,2025-01-27,2025-02-02,12,PROMO,online,True,1.5714285714285714
875,20,2025-02-03,2025-02-09,12,PROMO,online,True,1.4
876,20,2025-02-10,2025-02-16,12,PROMO,online,True,1.9666666666666666
877,20,2025-08-18,2025-08-24,10,PROMO,online,True,2.12
878,20,2025-08-25,2025-08-31,10,PROMO,online,True,1.0285714285714285
879,20,2025-09-01,2025-09-07,10,PROMO,online,True,1.9428571428571428
880,20,2025-09-08,2025-09-14,10,PROMO,online,True,2.257142857142857
881,20,2025-09-15,2025-09-21,10,PROMO,online,True,1.9333333333333333
882,20,2025-11-17,2025-11-23,15,PROMO,online,True,1.85
883,20,2025-11-24,2025-11-30,15,PROMO,online,True,1.3714285714285714
884,20,2025-12-01,2025-12-07,15,PROMO,online,True,1.6
885,20,2025-12-15,2025-12-21,8,PROMO,online,True,1.7428571428571429
886,20,2025-12-22,2025-12-28,8,PROMO,online,True,1.3142857142857143
887,20,2025-12-29,2026-01-04,8,PROMO,online,True,1.4666666666666666
888,20,2026-01-12,2026-01-18,12,PROMO,online,True,1.0
889,20,2026-01-19,2026-01-25,12,PROMO,online,True,1.5714285714285714
890,20,2026-01-26,2026-02-01,12,PROMO,online,True,1.6857142857142857
891,20,2026-02-02,2026-02-08,12,PROMO,online,True,1.2285714285714286
892,20,2026-02-09,2026-02-15,12,PROMO,online,True,1.5714285714285714
893,21,2024-01-15,2024-01-21,12,PROMO,online,True,4.171428571428572
894,21,2024-01-22,2024-01-28,12,PROMO,online,True,3.8285714285714287
895,21,2024-01-29,2024-02-04,12,PROMO,online,True,3.6857142857142855
896,21,2024-02-05,2024-02-11,12,PROMO,online,True,4.3428571428571425
897,21,2024-02-12,2024-02-18,12,PROMO,online,True,4.85
898,21,2024-03-04,2024-03-10,8,PROMO,online,True,6.6
899,21,2024-03-11,2024-03-17,8,PROMO,online,True,6.171428571428572
900,21,2024-03-18,2024-03-24,8,PROMO,online,True,6.428571428571429
901,21,2024-03-25,2024-03-31,8,PROMO,online,True,5.314285714285714
902,21,2024-04-01,2024-04-07,8,PROMO,online,True,5.885714285714286
903,21,2024-04-08,2024-04-14,8,PROMO,online,True,8.666666666666666
904,21,2024-08-19,2024-08-25,10,PROMO,online,True,5.066666666666666
905,21,2024-08-26,2024-09-01,10,PROMO,online,True,4.685714285714286
906,21,2024-09-02,2024-09-08,10,PROMO,online,True,4.885714285714286
907,21,2024-09-09,2024-09-15,10,PROMO,online,True,4.485714285714286
908,21,2024-09-16,2024-09-22,10,PROMO,online,True,6.96
909,21,2024-11-18,2024-11-24,15,PROMO,online,True,7.08
910,21,2024-11-25,2024-12-01,15,PROMO,online,True,6.314285714285714
911,21,2024-12-02,2024-12-08,15,PROMO,online,True,3.6
912,21,2024-12-09,2024-12-15,8,PROMO,online,True,7.4
913,21,2024-12-16,2024-12-22,8,PROMO,online,True,7.114285714285714
914,21,2024-12-23,2024-12-29,8,PROMO,online,True,5.714285714285714
915,21,2024-12-30,2025-01-05,8,PROMO,online,True,3.0
916,21,2025-01-13,2025-01-19,12,PROMO,online,True,5.8
917,21,2025-01-20,2025-01-26,12,PROMO,online,True,6.542857142857143
918,21,2025-01-27,2025-02-02,12,PROMO,online,True,6.4
919,21,2025-02-03,2025-02-09,12,PROMO,online,True,5.428571428571429
920,21,2025-02-10,2025-02-16,12,PROMO,online,True,2.8333333333333335
921,21,2025-03-10,2025-03-16,8,PROMO,online,True,6.3428571428571425
922,21,2025-03-17,2025-03-23,8,PROMO,online,True,5.514285714285714
923,21,2025-03-24,2025-03-30,8,PROMO,online,True,5.685714285714286
924,21,2025-03-31,2025-04-06,8,PROMO,online,True,3.8857142857142857
925,21,2025-04-07,2025-04-13,8,PROMO,online,True,4.1
926,21,2025-08-18,2025-08-24,10,PROMO,online,True,5.88
927,21,2025-08-25,2025-08-31,10,PROMO,online,True,4.457142857142857
928,21,2025-09-01,2025-09-07,10,PROMO,online,True,7.3428571428571425
929,21,2025-09-08,2025-09-14,10,PROMO,online,True,5.685714285714286
930,21,2025-09-15,2025-09-21,10,PROMO,online,True,4.633333333333334
931,21,2025-11-17,2025-11-23,15,PROMO,online,True,3.0
932,21,2025-11-24,2025-11-30,15,PROMO,online,True,1.9428571428571428
933,21,2025-12-01,2025-12-07,15,PROMO,online,True,3.5
934,21,2025-12-15,2025-12-21,8,PROMO,online,True,8.028571428571428
935,21,2025-12-22,2025-12-28,8,PROMO,online,True,6.228571428571429
936,21,2025-12-29,2026-01-04,8,PROMO,online,True,2.933333333333333
937,21,2026-01-12,2026-01-18,12,PROMO,online,True,7.05
938,21,2026-01-19,2026-01-25,12,PROMO,online,True,4.085714285714285
939,21,2026-01-26,2026-02-01,12,PROMO,online,True,5.714285714285714
940,21,2026-02-02,2026-02-08,12,PROMO,online,True,4.542857142857143
941,21,2026-02-09,2026-02-15,12,PROMO,online,True,7.057142857142857
942,21,2026-03-09,2026-03-15,8,PROMO,online,True,7.033333333333333
943,21,2026-03-16,2026-03-22,8,PROMO,online,True,4.714285714285714
944,21,2026-03-23,2026-03-29,8,PROMO,online,True,5.8
945,21,2026-03-30,2026-04-05,8,PROMO,online,True,5.514285714285714
946,21,2026-04-06,2026-04-12,8,PROMO,online,True,5.24
947,22,2024-01-15,2024-01-21,12,PROMO,online,True,0.3142857142857143
948,22,2024-01-22,2024-01-28,12,PROMO,online,True,0.3142857142857143
949,22,2024-01-29,2024-02-04,12,PROMO,online,True,0.37142857142857144
950,22,2024-02-05,2024-02-11,12,PROMO,online,True,0.6857142857142857
951,22,2024-02-12,2024-02-18,12,PROMO,online,True,0.4
952,22,2024-11-18,2024-11-24,15,PROMO,online,True,0.28
953,22,2024-11-25,2024-12-01,15,PROMO,online,True,0.4
954,22,2024-12-02,2024-12-08,15,PROMO,online,True,0.4
955,22,2024-12-09,2024-12-15,8,PROMO,online,True,0.2
956,22,2024-12-16,2024-12-22,8,PROMO,online,True,0.4
957,22,2024-12-23,2024-12-29,8,PROMO,online,True,0.6
958,22,2024-12-30,2025-01-05,8,PROMO,online,True,0.4
959,22,2025-01-13,2025-01-19,12,PROMO,online,True,0.48
960,22,2025-01-20,2025-01-26,12,PROMO,online,True,0.45714285714285713
961,22,2025-01-27,2025-02-02,12,PROMO,online,True,0.6285714285714286
962,22,2025-02-03,2025-02-09,12,PROMO,online,True,0.45714285714285713
963,22,2025-02-10,2025-02-16,12,PROMO,online,True,0.36666666666666664
964,22,2025-11-17,2025-11-23,15,PROMO,online,True,0.4
965,22,2025-11-24,2025-11-30,15,PROMO,online,True,0.34285714285714286
966,22,2025-12-01,2025-12-07,15,PROMO,online,True,0.4
967,22,2025-12-15,2025-12-21,8,PROMO,online,True,0.34285714285714286
968,22,2025-12-22,2025-12-28,8,PROMO,online,True,0.37142857142857144
969,22,2025-12-29,2026-01-04,8,PROMO,online,True,0.3333333333333333
970,22,2026-01-12,2026-01-18,12,PROMO,online,True,0.45
971,22,2026-01-19,2026-01-25,12,PROMO,online,True,0.42857142857142855
972,22,2026-01-26,2026-02-01,12,PROMO,online,True,0.45714285714285713
973,22,2026-02-02,2026-02-08,12,PROMO,online,True,0.34285714285714286
974,22,2026-02-09,2026-02-15,12,PROMO,online,True,0.7428571428571429
975,23,2024-01-15,2024-01-21,12,PROMO,online,True,2.657142857142857
976,23,2024-01-22,2024-01-28,12,PROMO,online,True,1.7714285714285714
977,23,2024-01-29,2024-02-04,12,PROMO,online,True,3.0
978,23,2024-02-05,2024-02-11,12,PROMO,online,True,2.5714285714285716
979,23,2024-02-12,2024-02-18,12,PROMO,online,True,3.2
980,23,2024-03-04,2024-03-10,8,PROMO,online,True,2.8
981,23,2024-03-11,2024-03-17,8,PROMO,online,True,1.4
982,23,2024-03-18,2024-03-24,8,PROMO,online,True,3.4571428571428573
983,23,2024-03-25,2024-03-31,8,PROMO,online,True,2.142857142857143
984,23,2024-04-01,2024-04-07,8,PROMO,online,True,2.1142857142857143
985,23,2024-04-08,2024-04-14,8,PROMO,online,True,2.066666666666667
986,23,2024-11-18,2024-11-24,15,PROMO,online,True,2.16
987,23,2024-11-25,2024-12-01,15,PROMO,online,True,2.2857142857142856
988,23,2024-12-02,2024-12-08,15,PROMO,online,True,2.4
989,23,2024-12-09,2024-12-15,8,PROMO,online,True,3.4
990,23,2024-12-16,2024-12-22,8,PROMO,online,True,3.1714285714285713
991,23,2024-12-23,2024-12-29,8,PROMO,online,True,3.8
992,23,2024-12-30,2025-01-05,8,PROMO,online,True,4.1
993,23,2025-01-13,2025-01-19,12,PROMO,online,True,2.88
994,23,2025-01-20,2025-01-26,12,PROMO,online,True,1.7714285714285714
995,23,2025-01-27,2025-02-02,12,PROMO,online,True,1.4285714285714286
996,23,2025-02-03,2025-02-09,12,PROMO,online,True,4.257142857142857
997,23,2025-02-10,2025-02-16,12,PROMO,online,True,3.3666666666666667
998,23,2025-03-10,2025-03-16,8,PROMO,online,True,1.9428571428571428
999,23,2025-03-17,2025-03-23,8,PROMO,online,True,3.2285714285714286
1000,23,2025-03-24,2025-03-30,8,PROMO,online,True,3.085714285714286
1001,23,2025-03-31,2025-04-06,8,PROMO,online,True,1.7714285714285714
1002,23,2025-04-07,2025-04-13,8,PROMO,online,True,2.75
1003,23,2025-11-17,2025-11-23,15,PROMO,online,True,3.4
1004,23,2025-11-24,2025-11-30,15,PROMO,online,True,3.257142857142857
1005,23,2025-12-01,2025-12-07,15,PROMO,online,True,2.3
1006,23,2025-12-15,2025-12-21,8,PROMO,online,True,3.142857142857143
1007,23,2025-12-22,2025-12-28,8,PROMO,online,True,2.4571428571428573
1008,23,2025-12-29,2026-01-04,8,PROMO,online,True,1.6
1009,23,2026-01-12,2026-01-18,12,PROMO,online,True,4.0
1010,23,2026-01-19,2026-01-25,12,PROMO,online,True,2.4571428571428573
1011,23,2026-01-26,2026-02-01,12,PROMO,online,True,1.7714285714285714
1012,23,2026-02-02,2026-02-08,12,PROMO,online,True,1.8857142857142857
1013,23,2026-02-09,2026-02-15,12,PROMO,online,True,3.4857142857142858
1014,23,2026-03-09,2026-03-15,8,PROMO,online,True,2.6
1015,23,2026-03-16,2026-03-22,8,PROMO,online,True,2.085714285714286
1016,23,2026-03-23,2026-03-29,8,PROMO,online,True,1.7428571428571429
1017,23,2026-03-30,2026-04-05,8,PROMO,online,True,2.6
1018,23,2026-04-06,2026-04-12,8,PROMO,online,True,2.84
1019,24,2024-01-15,2024-01-21,12,PROMO,online,True,0.4
1020,24,2024-01-22,2024-01-28,12,PROMO,online,True,0.4857142857142857
1021,24,2024-01-29,2024-02-04,12,PROMO,online,True,0.34285714285714286
1022,24,2024-02-05,2024-02-11,12,PROMO,online,True,0.5142857142857142
1023,24,2024-02-12,2024-02-18,12,PROMO,online,True,0.8
1024,24,2024-04-15,2024-04-21,10,PROMO,online,True,1.0
1025,24,2024-04-29,2024-05-05,10,PROMO,online,True,0.5
1026,24,2024-05-13,2024-05-19,10,PROMO,online,True,0.5
1027,24,2024-05-20,2024-05-26,10,PROMO,online,True,1.0
1028,24,2024-05-27,2024-06-02,10,PROMO,online,True,1.0
1029,24,2024-06-10,2024-06-16,10,PROMO,online,True,0.0
1030,24,2024-06-17,2024-06-23,10,PROMO,online,True,0.3333333333333333
1031,24,2024-06-24,2024-06-30,10,PROMO,online,True,0.0
1032,24,2024-07-01,2024-07-07,10,PROMO,online,True,0.0
1033,24,2024-07-08,2024-07-14,10,PROMO,online,True,0.0
1034,24,2024-07-15,2024-07-21,10,PROMO,online,True,1.0
1035,24,2024-07-22,2024-07-28,10,PROMO,online,True,0.0
1036,24,2024-07-29,2024-08-04,10,PROMO,online,True,0.6666666666666666
1037,24,2024-08-05,2024-08-11,10,PROMO,online,True,0.75
1038,24,2024-08-12,2024-08-18,10,PROMO,online,True,0.6666666666666666
1039,24,2024-08-19,2024-08-25,10,PROMO,online,True,0.5
1040,24,2024-08-26,2024-09-01,10,PROMO,online,True,0.3333333333333333
1041,24,2024-09-02,2024-09-08,10,PROMO,online,True,1.0
1042,24,2024-09-09,2024-09-15,10,PROMO,online,True,1.5
1043,24,2024-09-16,2024-09-22,10,PROMO,online,True,0.5
1044,24,2024-09-23,2024-09-29,10,PROMO,online,True,1.0
1045,24,2024-10-21,2024-10-27,10,PROMO,online,True,0.0
1046,24,2024-11-04,2024-11-10,10,PROMO,online,True,0.0
1047,24,2024-11-18,2024-11-24,15,PROMO,online,True,0.52
1048,24,2024-11-25,2024-12-01,15,PROMO,online,True,0.42857142857142855
1049,24,2024-12-02,2024-12-08,15,PROMO,online,True,0.5
1050,24,2024-12-09,2024-12-15,10,PROMO,online,True,1.0
1051,24,2024-12-16,2024-12-22,10,PROMO,online,True,0.42857142857142855
1052,24,2024-12-23,2024-12-29,10,PROMO,online,True,0.34285714285714286
1053,24,2024-12-30,2025-01-05,8,PROMO,online,True,0.6
1054,24,2025-01-13,2025-01-19,12,PROMO,online,True,0.4
1055,24,2025-01-20,2025-01-26,12,PROMO,online,True,0.5714285714285714
1056,24,2025-01-27,2025-02-02,12,PROMO,online,True,0.45714285714285713
1057,24,2025-02-03,2025-02-09,12,PROMO,online,True,0.3142857142857143
1058,24,2025-02-10,2025-02-16,12,PROMO,online,True,0.3333333333333333
1059,24,2025-02-17,2025-02-23,10,PROMO,online,True,0.0
1060,24,2025-03-03,2025-03-09,10,PROMO,online,True,0.0
1061,24,2025-03-17,2025-03-23,10,PROMO,online,True,0.0
1062,24,2025-03-24,2025-03-30,10,PROMO,online,True,0.6666666666666666
1063,24,2025-03-31,2025-04-06,10,PROMO,online,True,0.0
1064,24,2025-04-07,2025-04-13,10,PROMO,online,True,1.0
1065,24,2025-04-14,2025-04-20,10,PROMO,online,True,1.0
1066,24,2025-04-21,2025-04-27,10,PROMO,online,True,1.0
1067,24,2025-04-28,2025-05-04,10,PROMO,online,True,0.6666666666666666
1068,24,2025-05-05,2025-05-11,10,PROMO,online,True,0.0
1069,24,2025-11-17,2025-11-23,15,PROMO,online,True,0.5
1070,24,2025-11-24,2025-11-30,15,PROMO,online,True,0.5428571428571428
1071,24,2025-12-01,2025-12-07,15,PROMO,online,True,0.5
1072,24,2025-12-15,2025-12-21,8,PROMO,online,True,0.4
1073,24,2025-12-22,2025-12-28,8,PROMO,online,True,0.4
1074,24,2025-12-29,2026-01-04,8,PROMO,online,True,0.4666666666666667
1075,24,2026-01-12,2026-01-18,12,PROMO,online,True,0.2
1076,24,2026-01-19,2026-01-25,12,PROMO,online,True,0.45714285714285713
1077,24,2026-01-26,2026-02-01,12,PROMO,online,True,0.6285714285714286
1078,24,2026-02-02,2026-02-08,12,PROMO,online,True,0.34285714285714286
1079,24,2026-02-09,2026-02-15,12,PROMO,online,True,0.6285714285714286
1080,24,2026-04-27,2026-05-03,10,PROMO,online,True,0.0
1081,25,2024-01-15,2024-01-21,12,PROMO,online,True,2.142857142857143
1082,25,2024-01-22,2024-01-28,12,PROMO,online,True,2.257142857142857
1083,25,2024-01-29,2024-02-04,12,PROMO,online,True,2.6285714285714286
1084,25,2024-02-05,2024-02-11,12,PROMO,online,True,2.6
1085,25,2024-02-12,2024-02-18,12,PROMO,online,True,1.8
1086,25,2024-03-04,2024-03-10,8,PROMO,online,True,2.2
1087,25,2024-03-11,2024-03-17,8,PROMO,online,True,2.0285714285714285
1088,25,2024-03-18,2024-03-24,8,PROMO,online,True,1.8285714285714285
1089,25,2024-03-25,2024-03-31,8,PROMO,online,True,1.6285714285714286
1090,25,2024-04-01,2024-04-07,8,PROMO,online,True,2.4285714285714284
1091,25,2024-04-08,2024-04-14,8,PROMO,online,True,0.7333333333333333
1092,25,2024-08-19,2024-08-25,10,PROMO,online,True,2.6
1093,25,2024-08-26,2024-09-01,10,PROMO,online,True,1.8
1094,25,2024-09-02,2024-09-08,10,PROMO,online,True,2.8857142857142857
1095,25,2024-09-09,2024-09-15,10,PROMO,online,True,3.4857142857142858
1096,25,2024-09-16,2024-09-22,10,PROMO,online,True,2.88
1097,25,2024-11-18,2024-11-24,15,PROMO,online,True,2.76
1098,25,2024-11-25,2024-12-01,15,PROMO,online,True,3.0
1099,25,2024-12-02,2024-12-08,15,PROMO,online,True,1.4
1100,25,2024-12-09,2024-12-15,8,PROMO,online,True,1.6
1101,25,2024-12-16,2024-12-22,8,PROMO,online,True,2.057142857142857
1102,25,2024-12-23,2024-12-29,8,PROMO,online,True,2.4571428571428573
1103,25,2024-12-30,2025-01-05,8,PROMO,online,True,1.6
1104,25,2025-01-13,2025-01-19,12,PROMO,online,True,2.76
1105,25,2025-01-20,2025-01-26,12,PROMO,online,True,3.4571428571428573
1106,25,2025-01-27,2025-02-02,12,PROMO,online,True,2.342857142857143
1107,25,2025-02-03,2025-02-09,12,PROMO,online,True,2.5142857142857142
1108,25,2025-02-10,2025-02-16,12,PROMO,online,True,2.466666666666667
1109,25,2025-03-10,2025-03-16,8,PROMO,online,True,3.0
1110,25,2025-03-17,2025-03-23,8,PROMO,online,True,2.1142857142857143
1111,25,2025-03-24,2025-03-30,8,PROMO,online,True,2.3142857142857145
1112,25,2025-03-31,2025-04-06,8,PROMO,online,True,1.7142857142857142
1113,25,2025-04-07,2025-04-13,8,PROMO,online,True,1.35
1114,25,2025-08-18,2025-08-24,10,PROMO,online,True,2.28
1115,25,2025-08-25,2025-08-31,10,PROMO,online,True,2.4857142857142858
1116,25,2025-09-01,2025-09-07,10,PROMO,online,True,2.4285714285714284
1117,25,2025-09-08,2025-09-14,10,PROMO,online,True,2.6
1118,25,2025-09-15,2025-09-21,10,PROMO,online,True,3.033333333333333
1119,25,2025-11-17,2025-11-23,15,PROMO,online,True,2.8
1120,25,2025-11-24,2025-11-30,15,PROMO,online,True,2.657142857142857
1121,25,2025-12-01,2025-12-07,15,PROMO,online,True,1.1
1122,25,2025-12-15,2025-12-21,8,PROMO,online,True,2.7142857142857144
1123,25,2025-12-22,2025-12-28,8,PROMO,online,True,2.6285714285714286
1124,25,2025-12-29,2026-01-04,8,PROMO,online,True,2.2666666666666666
1125,25,2026-01-12,2026-01-18,12,PROMO,online,True,3.25
1126,25,2026-01-19,2026-01-25,12,PROMO,online,True,2.4
1127,25,2026-01-26,2026-02-01,12,PROMO,online,True,2.4571428571428573
1128,25,2026-02-02,2026-02-08,12,PROMO,online,True,2.1714285714285713
1129,25,2026-02-09,2026-02-15,12,PROMO,online,True,2.5142857142857142
1130,25,2026-03-09,2026-03-15,8,PROMO,online,True,2.566666666666667
1131,25,2026-03-16,2026-03-22,8,PROMO,online,True,2.657142857142857
1132,25,2026-03-23,2026-03-29,8,PROMO,online,True,2.0
1133,25,2026-03-30,2026-04-05,8,PROMO,online,True,2.0285714285714285
1134,25,2026-04-06,2026-04-12,8,PROMO,online,True,1.48
1135,26,2024-01-15,2024-01-21,12,PROMO,online,True,2.5714285714285716
1136,26,2024-01-22,2024-01-28,12,PROMO,online,True,2.914285714285714
1137,26,2024-01-29,2024-02-04,12,PROMO,online,True,1.9714285714285715
1138,26,2024-02-05,2024-02-11,12,PROMO,online,True,2.7142857142857144
1139,26,2024-02-12,2024-02-18,12,PROMO,online,True,2.761904761904762
1140,26,2024-02-19,2024-02-25,10,PROMO,online,True,3.0
1141,26,2024-03-11,2024-03-17,10,PROMO,online,True,5.0
1142,26,2024-04-15,2024-04-21,10,PROMO,online,True,1.0
1143,26,2024-04-22,2024-04-28,10,PROMO,online,True,0.0
1144,26,2024-05-06,2024-05-12,10,PROMO,online,True,2.75
1145,26,2024-05-13,2024-05-19,10,PROMO,online,True,5.0
1146,26,2024-05-27,2024-06-02,10,PROMO,online,True,3.0
1147,26,2024-06-10,2024-06-16,10,PROMO,online,True,2.8
1148,26,2024-07-08,2024-07-14,10,PROMO,online,True,1.6666666666666667
1149,26,2024-07-15,2024-07-21,10,PROMO,online,True,2.0
1150,26,2024-07-22,2024-07-28,10,PROMO,online,True,1.0
1151,26,2024-08-19,2024-08-25,10,PROMO,online,True,2.4
1152,26,2024-08-26,2024-09-01,10,PROMO,online,True,2.4857142857142858
1153,26,2024-09-02,2024-09-08,10,PROMO,online,True,2.2857142857142856
1154,26,2024-09-09,2024-09-15,10,PROMO,online,True,2.6285714285714286
1155,26,2024-09-16,2024-09-22,10,PROMO,online,True,2.44
1156,26,2024-10-21,2024-10-27,10,PROMO,online,True,2.0
1157,26,2024-10-28,2024-11-03,10,PROMO,online,True,1.0
1158,26,2024-11-04,2024-11-10,10,PROMO,online,True,1.0
1159,26,2024-11-11,2024-11-17,10,PROMO,online,True,2.0
1160,26,2024-11-18,2024-11-24,15,PROMO,online,True,3.76
1161,26,2024-11-25,2024-12-01,15,PROMO,online,True,3.4857142857142858
1162,26,2024-12-02,2024-12-08,15,PROMO,online,True,2.75
1163,26,2024-12-09,2024-12-15,10,PROMO,online,True,3.7142857142857144
1164,26,2024-12-16,2024-12-22,8,PROMO,online,True,2.8
1165,26,2024-12-23,2024-12-29,8,PROMO,online,True,2.7714285714285714
1166,26,2024-12-30,2025-01-05,8,PROMO,online,True,2.3
1167,26,2025-01-13,2025-01-19,12,PROMO,online,True,3.52
1168,26,2025-01-20,2025-01-26,12,PROMO,online,True,2.914285714285714
1169,26,2025-01-27,2025-02-02,12,PROMO,online,True,2.7714285714285714
1170,26,2025-02-03,2025-02-09,12,PROMO,online,True,2.2857142857142856
1171,26,2025-02-10,2025-02-16,12,PROMO,online,True,2.7333333333333334
1172,26,2025-03-10,2025-03-16,10,PROMO,online,True,2.0
1173,26,2025-03-17,2025-03-23,10,PROMO,online,True,5.0
1174,26,2025-03-24,2025-03-30,10,PROMO,online,True,2.0
1175,26,2025-03-31,2025-04-06,10,PROMO,online,True,3.0
1176,26,2025-04-07,2025-04-13,10,PROMO,online,True,7.0
1177,26,2025-04-21,2025-04-27,10,PROMO,online,True,1.5
1178,26,2025-05-05,2025-05-11,10,PROMO,online,True,5.0
1179,26,2025-06-30,2025-07-06,10,PROMO,online,True,7.0
1180,26,2025-08-04,2025-08-10,10,PROMO,online,True,3.0
1181,26,2025-08-11,2025-08-17,10,PROMO,online,True,1.0
1182,26,2025-08-18,2025-08-24,10,PROMO,online,True,3.56
1183,26,2025-08-25,2025-08-31,10,PROMO,online,True,3.1142857142857143
1184,26,2025-09-01,2025-09-07,10,PROMO,online,True,2.8285714285714287
1185,26,2025-09-08,2025-09-14,10,PROMO,online,True,2.6285714285714286
1186,26,2025-09-15,2025-09-21,10,PROMO,online,True,2.6
1187,26,2025-09-29,2025-10-05,10,PROMO,online,True,2.5
1188,26,2025-10-06,2025-10-12,10,PROMO,online,True,1.0
1189,26,2025-10-13,2025-10-19,10,PROMO,online,True,2.0
1190,26,2025-10-20,2025-10-26,10,PROMO,online,True,0.0
1191,26,2025-11-10,2025-11-16,10,PROMO,online,True,5.0
1192,26,2025-11-17,2025-11-23,15,PROMO,online,True,2.45
1193,26,2025-11-24,2025-11-30,15,PROMO,online,True,2.6285714285714286
1194,26,2025-12-01,2025-12-07,15,PROMO,online,True,2.8
1195,26,2025-12-15,2025-12-21,8,PROMO,online,True,2.742857142857143
1196,26,2025-12-22,2025-12-28,10,PROMO,online,True,2.857142857142857
1197,26,2025-12-29,2026-01-04,8,PROMO,online,True,2.8
1198,26,2026-01-12,2026-01-18,12,PROMO,online,True,2.85
1199,26,2026-01-19,2026-01-25,12,PROMO,online,True,3.0
1200,26,2026-01-26,2026-02-01,12,PROMO,online,True,2.7142857142857144
1201,26,2026-02-02,2026-02-08,12,PROMO,online,True,3.2285714285714286
1202,26,2026-02-09,2026-02-15,12,PROMO,online,True,3.7714285714285714
1203,26,2026-02-16,2026-02-22,10,PROMO,online,True,2.6666666666666665
1204,26,2026-02-23,2026-03-01,10,PROMO,online,True,1.0
1205,26,2026-03-02,2026-03-08,10,PROMO,online,True,3.0
1206,26,2026-03-16,2026-03-22,10,PROMO,online,True,2.0
1207,26,2026-03-23,2026-03-29,10,PROMO,online,True,5.0
1208,26,2026-04-20,2026-04-26,10,PROMO,online,True,5.0
1209,26,2026-04-27,2026-05-03,10,PROMO,online,True,3.25
1210,27,2024-01-15,2024-01-21,12,PROMO,online,True,1.8571428571428572
1211,27,2024-01-22,2024-01-28,12,PROMO,online,True,1.8571428571428572
1212,27,2024-01-29,2024-02-04,12,PROMO,online,True,2.3142857142857145
1213,27,2024-02-05,2024-02-11,12,PROMO,online,True,2.257142857142857
1214,27,2024-02-12,2024-02-18,12,PROMO,online,True,2.2
1215,27,2024-08-19,2024-08-25,10,PROMO,online,True,1.9333333333333333
1216,27,2024-08-26,2024-09-01,10,PROMO,online,True,2.857142857142857
1217,27,2024-09-02,2024-09-08,10,PROMO,online,True,1.3428571428571427
1218,27,2024-09-09,2024-09-15,10,PROMO,online,True,1.4285714285714286
1219,27,2024-09-16,2024-09-22,10,PROMO,online,True,1.28
1220,27,2024-11-18,2024-11-24,15,PROMO,online,True,2.6
1221,27,2024-11-25,2024-12-01,15,PROMO,online,True,1.6571428571428573
1222,27,2024-12-02,2024-12-08,15,PROMO,online,True,3.0
1223,27,2024-12-09,2024-12-15,8,PROMO,online,True,3.2
1224,27,2024-12-16,2024-12-22,8,PROMO,online,True,1.4857142857142858
1225,27,2024-12-23,2024-12-29,8,PROMO,online,True,1.9714285714285715
1226,27,2024-12-30,2025-01-05,8,PROMO,online,True,1.3
1227,27,2025-01-13,2025-01-19,12,PROMO,online,True,1.12
1228,27,2025-01-20,2025-01-26,12,PROMO,online,True,2.2857142857142856
1229,27,2025-01-27,2025-02-02,12,PROMO,online,True,1.3142857142857143
1230,27,2025-02-03,2025-02-09,12,PROMO,online,True,2.257142857142857
1231,27,2025-02-10,2025-02-16,12,PROMO,online,True,2.3333333333333335
1232,27,2025-08-18,2025-08-24,10,PROMO,online,True,1.84
1233,27,2025-08-25,2025-08-31,10,PROMO,online,True,1.0285714285714285
1234,27,2025-09-01,2025-09-07,10,PROMO,online,True,1.457142857142857
1235,27,2025-09-08,2025-09-14,10,PROMO,online,True,1.8571428571428572
1236,27,2025-09-15,2025-09-21,10,PROMO,online,True,1.0666666666666667
1237,27,2025-11-17,2025-11-23,15,PROMO,online,True,1.95
1238,27,2025-11-24,2025-11-30,15,PROMO,online,True,2.3142857142857145
1239,27,2025-12-01,2025-12-07,15,PROMO,online,True,1.9
1240,27,2025-12-15,2025-12-21,8,PROMO,online,True,1.8285714285714285
1241,27,2025-12-22,2025-12-28,8,PROMO,online,True,1.9428571428571428
1242,27,2025-12-29,2026-01-04,8,PROMO,online,True,0.9333333333333333
1243,27,2026-01-12,2026-01-18,12,PROMO,online,True,1.7
1244,27,2026-01-19,2026-01-25,12,PROMO,online,True,2.5714285714285716
1245,27,2026-01-26,2026-02-01,12,PROMO,online,True,2.0
1246,27,2026-02-02,2026-02-08,12,PROMO,online,True,2.1142857142857143
1247,27,2026-02-09,2026-02-15,12,PROMO,online,True,2.7142857142857144
1248,28,2024-01-15,2024-01-21,12,PROMO,online,True,1.3142857142857143
1249,28,2024-01-22,2024-01-28,12,PROMO,online,True,1.4857142857142858
1250,28,2024-01-29,2024-02-04,12,PROMO,online,True,1.8
1251,28,2024-02-05,2024-02-11,12,PROMO,online,True,0.9714285714285714
1252,28,2024-02-12,2024-02-18,12,PROMO,online,True,1.05
1253,28,2024-08-19,2024-08-25,10,PROMO,online,True,1.3333333333333333
1254,28,2024-08-26,2024-09-01,10,PROMO,online,True,1.8285714285714285
1255,28,2024-09-02,2024-09-08,10,PROMO,online,True,1.542857142857143
1256,28,2024-09-09,2024-09-15,10,PROMO,online,True,1.2571428571428571
1257,28,2024-09-16,2024-09-22,10,PROMO,online,True,1.84
1258,28,2024-11-18,2024-11-24,15,PROMO,online,True,1.28
1259,28,2024-11-25,2024-12-01,15,PROMO,online,True,1.6285714285714286
1260,28,2024-12-02,2024-12-08,15,PROMO,online,True,1.4
1261,28,2024-12-09,2024-12-15,8,PROMO,online,True,1.2
1262,28,2024-12-16,2024-12-22,8,PROMO,online,True,1.2857142857142858
1263,28,2024-12-23,2024-12-29,8,PROMO,online,True,0.7428571428571429
1264,28,2024-12-30,2025-01-05,8,PROMO,online,True,1.4
1265,28,2025-01-13,2025-01-19,12,PROMO,online,True,1.04
1266,28,2025-01-20,2025-01-26,12,PROMO,online,True,0.9142857142857143
1267,28,2025-01-27,2025-02-02,12,PROMO,online,True,1.0571428571428572
1268,28,2025-02-03,2025-02-09,12,PROMO,online,True,1.4857142857142858
1269,28,2025-02-10,2025-02-16,12,PROMO,online,True,1.3
1270,28,2025-08-18,2025-08-24,10,PROMO,online,True,1.44
1271,28,2025-08-25,2025-08-31,10,PROMO,online,True,1.4857142857142858
1272,28,2025-09-01,2025-09-07,10,PROMO,online,True,1.7142857142857142
1273,28,2025-09-08,2025-09-14,10,PROMO,online,True,1.0
1274,28,2025-09-15,2025-09-21,10,PROMO,online,True,1.5
1275,28,2025-11-17,2025-11-23,15,PROMO,online,True,1.15
1276,28,2025-11-24,2025-11-30,15,PROMO,online,True,2.085714285714286
1277,28,2025-12-01,2025-12-07,15,PROMO,online,True,0.8
1278,28,2025-12-15,2025-12-21,8,PROMO,online,True,1.4857142857142858
1279,28,2025-12-22,2025-12-28,8,PROMO,online,True,1.2
1280,28,2025-12-29,2026-01-04,8,PROMO,online,True,1.0
1281,28,2026-01-12,2026-01-18,12,PROMO,online,True,0.8
1282,28,2026-01-19,2026-01-25,12,PROMO,online,True,1.3714285714285714
1283,28,2026-01-26,2026-02-01,12,PROMO,online,True,1.457142857142857
1284,28,2026-02-02,2026-02-08,12,PROMO,online,True,1.6571428571428573
1285,28,2026-02-09,2026-02-15,12,PROMO,online,True,0.9428571428571428
1286,29,2024-01-15,2024-01-21,12,PROMO,online,True,0.8857142857142857
1287,29,2024-01-22,2024-01-28,12,PROMO,online,True,1.3142857142857143
1288,29,2024-01-29,2024-02-04,12,PROMO,online,True,1.4857142857142858
1289,29,2024-02-05,2024-02-11,12,PROMO,online,True,1.4857142857142858
1290,29,2024-02-12,2024-02-18,12,PROMO,online,True,0.8
1291,29,2024-08-19,2024-08-25,10,PROMO,online,True,2.0
1292,29,2024-08-26,2024-09-01,10,PROMO,online,True,1.542857142857143
1293,29,2024-09-02,2024-09-08,10,PROMO,online,True,1.7142857142857142
1294,29,2024-09-09,2024-09-15,10,PROMO,online,True,1.3714285714285714
1295,29,2024-09-16,2024-09-22,10,PROMO,online,True,1.24
1296,29,2024-11-18,2024-11-24,15,PROMO,online,True,1.92
1297,29,2024-11-25,2024-12-01,15,PROMO,online,True,1.4
1298,29,2024-12-02,2024-12-08,15,PROMO,online,True,1.6
1299,29,2024-12-09,2024-12-15,8,PROMO,online,True,0.8
1300,29,2024-12-16,2024-12-22,8,PROMO,online,True,1.4285714285714286
1301,29,2024-12-23,2024-12-29,8,PROMO,online,True,1.3142857142857143
1302,29,2024-12-30,2025-01-05,8,PROMO,online,True,1.5
1303,29,2025-01-13,2025-01-19,12,PROMO,online,True,1.16
1304,29,2025-01-20,2025-01-26,12,PROMO,online,True,1.5714285714285714
1305,29,2025-01-27,2025-02-02,12,PROMO,online,True,1.5714285714285714
1306,29,2025-02-03,2025-02-09,12,PROMO,online,True,0.9428571428571428
1307,29,2025-02-10,2025-02-16,12,PROMO,online,True,1.4666666666666666
1308,29,2025-08-18,2025-08-24,10,PROMO,online,True,1.52
1309,29,2025-08-25,2025-08-31,10,PROMO,online,True,2.2
1310,29,2025-09-01,2025-09-07,10,PROMO,online,True,2.057142857142857
1311,29,2025-09-08,2025-09-14,10,PROMO,online,True,1.4857142857142858
1312,29,2025-09-15,2025-09-21,10,PROMO,online,True,1.5
1313,29,2025-11-17,2025-11-23,15,PROMO,online,True,1.75
1314,29,2025-11-24,2025-11-30,15,PROMO,online,True,1.2857142857142858
1315,29,2025-12-01,2025-12-07,15,PROMO,online,True,1.6
1316,29,2025-12-15,2025-12-21,8,PROMO,online,True,1.2285714285714286
1317,29,2025-12-22,2025-12-28,8,PROMO,online,True,1.7714285714285714
1318,29,2025-12-29,2026-01-04,8,PROMO,online,True,1.8
1319,29,2026-01-12,2026-01-18,12,PROMO,online,True,1.25
1320,29,2026-01-19,2026-01-25,12,PROMO,online,True,1.5714285714285714
1321,29,2026-01-26,2026-02-01,12,PROMO,online,True,1.2857142857142858
1322,29,2026-02-02,2026-02-08,12,PROMO,online,True,1.3142857142857143
1323,29,2026-02-09,2026-02-15,12,PROMO,online,True,1.2857142857142858
1324,30,2024-01-08,2024-01-14,10,PROMO,online,True,0.0
1325,30,2024-01-15,2024-01-21,12,PROMO,online,True,1.6857142857142857
1326,30,2024-01-22,2024-01-28,12,PROMO,online,True,1.8
1327,30,2024-01-29,2024-02-04,12,PROMO,online,True,1.5142857142857142
1328,30,2024-02-05,2024-02-11,12,PROMO,online,True,1.2
1329,30,2024-02-12,2024-02-18,12,PROMO,online,True,1.55
1330,30,2024-02-19,2024-02-25,10,PROMO,online,True,1.3333333333333333
1331,30,2024-02-26,2024-03-03,10,PROMO,online,True,1.0
1332,30,2024-03-04,2024-03-10,10,PROMO,online,True,1.0
1333,30,2024-03-11,2024-03-17,10,PROMO,online,True,0.6666666666666666
1334,30,2024-03-18,2024-03-24,10,PROMO,online,True,1.0
1335,30,2024-04-01,2024-04-07,10,PROMO,online,True,0.0
1336,30,2024-04-08,2024-04-14,10,PROMO,online,True,1.0
1337,30,2024-04-22,2024-04-28,10,PROMO,online,True,1.0
1338,30,2024-04-29,2024-05-05,10,PROMO,online,True,1.5
1339,30,2024-05-20,2024-05-26,10,PROMO,online,True,0.0
1340,30,2024-05-27,2024-06-02,10,PROMO,online,True,1.0
1341,30,2024-07-15,2024-07-21,10,PROMO,online,True,0.0
1342,30,2024-07-22,2024-07-28,10,PROMO,online,True,2.0
1343,30,2024-08-12,2024-08-18,10,PROMO,online,True,3.5
1344,30,2024-08-19,2024-08-25,10,PROMO,online,True,2.2333333333333334
1345,30,2024-08-26,2024-09-01,10,PROMO,online,True,1.6857142857142857
1346,30,2024-09-02,2024-09-08,10,PROMO,online,True,1.8857142857142857
1347,30,2024-09-09,2024-09-15,10,PROMO,online,True,1.6
1348,30,2024-09-16,2024-09-22,10,PROMO,online,True,2.32
1349,30,2024-09-23,2024-09-29,10,PROMO,online,True,5.0
1350,30,2024-11-11,2024-11-17,10,PROMO,online,True,1.0
1351,30,2024-11-18,2024-11-24,15,PROMO,online,True,1.44
1352,30,2024-11-25,2024-12-01,15,PROMO,online,True,1.6857142857142857
1353,30,2024-12-02,2024-12-08,15,PROMO,online,True,1.6
1354,30,2024-12-09,2024-12-15,10,PROMO,online,True,1.2857142857142858
1355,30,2024-12-16,2024-12-22,8,PROMO,online,True,1.6285714285714286
1356,30,2024-12-23,2024-12-29,8,PROMO,online,True,2.0285714285714285
1357,30,2024-12-30,2025-01-05,8,PROMO,online,True,0.9
1358,30,2025-01-13,2025-01-19,12,PROMO,online,True,1.68
1359,30,2025-01-20,2025-01-26,12,PROMO,online,True,1.8285714285714285
1360,30,2025-01-27,2025-02-02,12,PROMO,online,True,1.6571428571428573
1361,30,2025-02-03,2025-02-09,12,PROMO,online,True,1.457142857142857
1362,30,2025-02-10,2025-02-16,12,PROMO,online,True,1.5666666666666667
1363,30,2025-03-10,2025-03-16,10,PROMO,online,True,0.0
1364,30,2025-03-17,2025-03-23,10,PROMO,online,True,0.75
1365,30,2025-03-24,2025-03-30,10,PROMO,online,True,1.0
1366,30,2025-03-31,2025-04-06,10,PROMO,online,True,4.5
1367,30,2025-04-07,2025-04-13,10,PROMO,online,True,3.0
1368,30,2025-04-21,2025-04-27,10,PROMO,online,True,3.0
1369,30,2025-05-05,2025-05-11,10,PROMO,online,True,1.0
1370,30,2025-06-02,2025-06-08,10,PROMO,online,True,2.0
1371,30,2025-06-23,2025-06-29,10,PROMO,online,True,3.3333333333333335
1372,30,2025-06-30,2025-07-06,10,PROMO,online,True,0.0
1373,30,2025-07-07,2025-07-13,10,PROMO,online,True,2.0
1374,30,2025-08-18,2025-08-24,10,PROMO,online,True,2.076923076923077
1375,30,2025-08-25,2025-08-31,10,PROMO,online,True,2.5142857142857142
1376,30,2025-09-01,2025-09-07,10,PROMO,online,True,2.2285714285714286
1377,30,2025-09-08,2025-09-14,10,PROMO,online,True,1.8
1378,30,2025-09-15,2025-09-21,10,PROMO,online,True,2.1333333333333333
1379,30,2025-09-22,2025-09-28,10,PROMO,online,True,1.5
1380,30,2025-10-20,2025-10-26,10,PROMO,online,True,1.0
1381,30,2025-11-17,2025-11-23,15,PROMO,online,True,1.75
1382,30,2025-11-24,2025-11-30,15,PROMO,online,True,1.6857142857142857
1383,30,2025-12-01,2025-12-07,15,PROMO,online,True,1.2
1384,30,2025-12-15,2025-12-21,10,PROMO,online,True,0.9714285714285714
1385,30,2025-12-22,2025-12-28,10,PROMO,online,True,1.0571428571428572
1386,30,2025-12-29,2026-01-04,8,PROMO,online,True,1.2666666666666666
1387,30,2026-01-12,2026-01-18,12,PROMO,online,True,1.45
1388,30,2026-01-19,2026-01-25,12,PROMO,online,True,1.6571428571428573
1389,30,2026-01-26,2026-02-01,12,PROMO,online,True,1.4857142857142858
1390,30,2026-02-02,2026-02-08,12,PROMO,online,True,1.3142857142857143
1391,30,2026-02-09,2026-02-15,12,PROMO,online,True,1.8
1392,30,2026-03-02,2026-03-08,10,PROMO,online,True,1.0
1393,30,2026-03-09,2026-03-15,10,PROMO,online,True,1.0
1394,30,2026-03-16,2026-03-22,10,PROMO,online,True,0.0
1395,30,2026-03-23,2026-03-29,10,PROMO,online,True,5.0
1396,30,2026-03-30,2026-04-05,10,PROMO,online,True,2.0
1397,31,2024-01-15,2024-01-21,12,PROMO,online,True,1.4857142857142858
1398,31,2024-01-22,2024-01-28,12,PROMO,online,True,1.0285714285714285
1399,31,2024-01-29,2024-02-04,12,PROMO,online,True,1.7714285714285714
1400,31,2024-02-05,2024-02-11,12,PROMO,online,True,1.8857142857142857
1401,31,2024-02-12,2024-02-18,12,PROMO,online,True,1.1
1402,31,2024-08-19,2024-08-25,10,PROMO,online,True,1.5666666666666667
1403,31,2024-08-26,2024-09-01,10,PROMO,online,True,1.7142857142857142
1404,31,2024-09-02,2024-09-08,10,PROMO,online,True,1.6571428571428573
1405,31,2024-09-09,2024-09-15,10,PROMO,online,True,1.6285714285714286
1406,31,2024-09-16,2024-09-22,10,PROMO,online,True,2.76
1407,31,2024-11-18,2024-11-24,15,PROMO,online,True,1.2
1408,31,2024-11-25,2024-12-01,15,PROMO,online,True,0.8571428571428571
1409,31,2024-12-02,2024-12-08,15,PROMO,online,True,1.4
1410,31,2024-12-09,2024-12-15,8,PROMO,online,True,1.8
1411,31,2024-12-16,2024-12-22,8,PROMO,online,True,2.085714285714286
1412,31,2024-12-23,2024-12-29,8,PROMO,online,True,1.2571428571428571
1413,31,2024-12-30,2025-01-05,8,PROMO,online,True,1.1
1414,31,2025-01-13,2025-01-19,12,PROMO,online,True,1.16
1415,31,2025-01-20,2025-01-26,12,PROMO,online,True,1.2285714285714286
1416,31,2025-01-27,2025-02-02,12,PROMO,online,True,1.2571428571428571
1417,31,2025-02-03,2025-02-09,12,PROMO,online,True,1.1428571428571428
1418,31,2025-02-10,2025-02-16,12,PROMO,online,True,1.4
1419,31,2025-08-18,2025-08-24,10,PROMO,online,True,1.64
1420,31,2025-08-25,2025-08-31,10,PROMO,online,True,2.2285714285714286
1421,31,2025-09-01,2025-09-07,10,PROMO,online,True,1.6857142857142857
1422,31,2025-09-08,2025-09-14,10,PROMO,online,True,1.2857142857142858
1423,31,2025-09-15,2025-09-21,10,PROMO,online,True,1.0
1424,31,2025-11-17,2025-11-23,15,PROMO,online,True,1.95
1425,31,2025-11-24,2025-11-30,15,PROMO,online,True,1.1428571428571428
1426,31,2025-12-01,2025-12-07,15,PROMO,online,True,1.0
1427,31,2025-12-15,2025-12-21,8,PROMO,online,True,1.8285714285714285
1428,31,2025-12-22,2025-12-28,8,PROMO,online,True,1.6
1429,31,2025-12-29,2026-01-04,8,PROMO,online,True,2.066666666666667
1430,31,2026-01-12,2026-01-18,12,PROMO,online,True,1.45
1431,31,2026-01-19,2026-01-25,12,PROMO,online,True,1.3142857142857143
1432,31,2026-01-26,2026-02-01,12,PROMO,online,True,1.2857142857142858
1433,31,2026-02-02,2026-02-08,12,PROMO,online,True,1.9142857142857144
1434,31,2026-02-09,2026-02-15,12,PROMO,online,True,2.085714285714286
1435,32,2024-01-15,2024-01-21,12,PROMO,online,True,2.1714285714285713
1436,32,2024-01-22,2024-01-28,12,PROMO,online,True,2.9714285714285715
1437,32,2024-01-29,2024-02-04,12,PROMO,online,True,3.8857142857142857
1438,32,2024-02-05,2024-02-11,12,PROMO,online,True,3.4
1439,32,2024-02-12,2024-02-18,12,PROMO,online,True,1.7
1440,32,2024-03-04,2024-03-10,8,PROMO,online,True,5.0
1441,32,2024-03-11,2024-03-17,8,PROMO,online,True,3.4857142857142858
1442,32,2024-03-18,2024-03-24,8,PROMO,online,True,3.4857142857142858
1443,32,2024-03-25,2024-03-31,8,PROMO,online,True,3.6285714285714286
1444,32,2024-04-01,2024-04-07,8,PROMO,online,True,4.4
1445,32,2024-04-08,2024-04-14,8,PROMO,online,True,3.3333333333333335
1446,32,2024-11-18,2024-11-24,15,PROMO,online,True,2.76
1447,32,2024-11-25,2024-12-01,15,PROMO,online,True,4.2
1448,32,2024-12-02,2024-12-08,15,PROMO,online,True,4.4
1449,32,2024-12-09,2024-12-15,8,PROMO,online,True,3.6
1450,32,2024-12-16,2024-12-22,8,PROMO,online,True,4.2
1451,32,2024-12-23,2024-12-29,8,PROMO,online,True,3.8
1452,32,2024-12-30,2025-01-05,8,PROMO,online,True,3.0
1453,32,2025-01-13,2025-01-19,12,PROMO,online,True,3.32
1454,32,2025-01-20,2025-01-26,12,PROMO,online,True,2.342857142857143
1455,32,2025-01-27,2025-02-02,12,PROMO,online,True,3.4
1456,32,2025-02-03,2025-02-09,12,PROMO,online,True,3.2
1457,32,2025-02-10,2025-02-16,12,PROMO,online,True,2.7
1458,32,2025-03-10,2025-03-16,8,PROMO,online,True,3.914285714285714
1459,32,2025-03-17,2025-03-23,8,PROMO,online,True,3.0285714285714285
1460,32,2025-03-24,2025-03-30,8,PROMO,online,True,3.4857142857142858
1461,32,2025-03-31,2025-04-06,8,PROMO,online,True,3.9714285714285715
1462,32,2025-04-07,2025-04-13,8,PROMO,online,True,3.25
1463,32,2025-11-17,2025-11-23,15,PROMO,online,True,5.0
1464,32,2025-11-24,2025-11-30,15,PROMO,online,True,4.428571428571429
1465,32,2025-12-01,2025-12-07,15,PROMO,online,True,4.8
1466,32,2025-12-15,2025-12-21,8,PROMO,online,True,1.9142857142857144
1467,32,2025-12-22,2025-12-28,8,PROMO,online,True,3.142857142857143
1468,32,2025-12-29,2026-01-04,8,PROMO,online,True,3.7333333333333334
1469,32,2026-01-12,2026-01-18,12,PROMO,online,True,2.25
1470,32,2026-01-19,2026-01-25,12,PROMO,online,True,3.5428571428571427
1471,32,2026-01-26,2026-02-01,12,PROMO,online,True,3.4857142857142858
1472,32,2026-02-02,2026-02-08,12,PROMO,online,True,2.4285714285714284
1473,32,2026-02-09,2026-02-15,12,PROMO,online,True,3.4
1474,32,2026-03-09,2026-03-15,8,PROMO,online,True,3.6333333333333333
1475,32,2026-03-16,2026-03-22,8,PROMO,online,True,3.342857142857143
1476,32,2026-03-23,2026-03-29,8,PROMO,online,True,3.057142857142857
1477,32,2026-03-30,2026-04-05,8,PROMO,online,True,3.0
1478,32,2026-04-06,2026-04-12,8,PROMO,online,True,3.2
1479,33,2024-01-15,2024-01-21,12,PROMO,online,True,2.8
1480,33,2024-01-22,2024-01-28,12,PROMO,online,True,2.4857142857142858
1481,33,2024-01-29,2024-02-04,12,PROMO,online,True,3.2285714285714286
1482,33,2024-02-05,2024-02-11,12,PROMO,online,True,1.8
1483,33,2024-02-12,2024-02-18,12,PROMO,online,True,2.95
1484,33,2024-03-04,2024-03-10,8,PROMO,online,True,2.0
1485,33,2024-03-11,2024-03-17,8,PROMO,online,True,2.2285714285714286
1486,33,2024-03-18,2024-03-24,8,PROMO,online,True,2.342857142857143
1487,33,2024-03-25,2024-03-31,8,PROMO,online,True,0.42857142857142855
1488,33,2024-04-01,2024-04-07,8,PROMO,online,True,2.257142857142857
1489,33,2024-04-08,2024-04-14,8,PROMO,online,True,1.7333333333333334
1490,33,2024-11-18,2024-11-24,15,PROMO,online,True,3.24
1491,33,2024-11-25,2024-12-01,15,PROMO,online,True,2.8285714285714287
1492,33,2024-12-02,2024-12-08,15,PROMO,online,True,1.8
1493,33,2024-12-09,2024-12-15,8,PROMO,online,True,4.0
1494,33,2024-12-16,2024-12-22,8,PROMO,online,True,1.8571428571428572
1495,33,2024-12-23,2024-12-29,8,PROMO,online,True,3.8
1496,33,2024-12-30,2025-01-05,8,PROMO,online,True,1.8
1497,33,2025-01-13,2025-01-19,12,PROMO,online,True,0.72
1498,33,2025-01-20,2025-01-26,12,PROMO,online,True,2.0285714285714285
1499,33,2025-01-27,2025-02-02,12,PROMO,online,True,2.657142857142857
1500,33,2025-02-03,2025-02-09,12,PROMO,online,True,2.257142857142857
1501,33,2025-02-10,2025-02-16,12,PROMO,online,True,1.9666666666666666
1502,33,2025-03-10,2025-03-16,8,PROMO,online,True,2.7714285714285714
1503,33,2025-03-17,2025-03-23,8,PROMO,online,True,2.7714285714285714
1504,33,2025-03-24,2025-03-30,8,PROMO,online,True,3.1714285714285713
1505,33,2025-03-31,2025-04-06,8,PROMO,online,True,0.6857142857142857
1506,33,2025-04-07,2025-04-13,8,PROMO,online,True,2.85
1507,33,2025-11-17,2025-11-23,15,PROMO,online,True,3.6
1508,33,2025-11-24,2025-11-30,15,PROMO,online,True,2.1142857142857143
1509,33,2025-12-01,2025-12-07,15,PROMO,online,True,2.3
1510,33,2025-12-15,2025-12-21,8,PROMO,online,True,1.7428571428571429
1511,33,2025-12-22,2025-12-28,8,PROMO,online,True,2.0
1512,33,2025-12-29,2026-01-04,8,PROMO,online,True,3.2
1513,33,2026-01-12,2026-01-18,12,PROMO,online,True,2.3
1514,33,2026-01-19,2026-01-25,12,PROMO,online,True,2.857142857142857
1515,33,2026-01-26,2026-02-01,12,PROMO,online,True,2.085714285714286
1516,33,2026-02-02,2026-02-08,12,PROMO,online,True,2.342857142857143
1517,33,2026-02-09,2026-02-15,12,PROMO,online,True,2.1714285714285713
1518,33,2026-03-09,2026-03-15,8,PROMO,online,True,2.933333333333333
1519,33,2026-03-16,2026-03-22,8,PROMO,online,True,3.657142857142857
1520,33,2026-03-23,2026-03-29,8,PROMO,online,True,2.5714285714285716
1521,33,2026-03-30,2026-04-05,8,PROMO,online,True,2.2
1522,33,2026-04-06,2026-04-12,8,PROMO,online,True,1.44
1523,34,2024-01-15,2024-01-21,12,PROMO,online,True,1.0857142857142856
1524,34,2024-01-22,2024-01-28,12,PROMO,online,True,1.2285714285714286
1525,34,2024-01-29,2024-02-04,12,PROMO,online,True,1.3714285714285714
1526,34,2024-02-05,2024-02-11,12,PROMO,online,True,1.1714285714285715
1527,34,2024-02-12,2024-02-18,12,PROMO,online,True,0.9
1528,34,2024-08-19,2024-08-25,10,PROMO,online,True,1.6
1529,34,2024-08-26,2024-09-01,10,PROMO,online,True,1.0
1530,34,2024-09-02,2024-09-08,10,PROMO,online,True,1.1428571428571428
1531,34,2024-09-09,2024-09-15,10,PROMO,online,True,1.2
1532,34,2024-09-16,2024-09-22,10,PROMO,online,True,1.04
1533,34,2024-11-18,2024-11-24,15,PROMO,online,True,1.16
1534,34,2024-11-25,2024-12-01,15,PROMO,online,True,1.3142857142857143
1535,34,2024-12-02,2024-12-08,15,PROMO,online,True,0.6
1536,34,2024-12-09,2024-12-15,8,PROMO,online,True,1.4
1537,34,2024-12-16,2024-12-22,8,PROMO,online,True,1.1142857142857143
1538,34,2024-12-23,2024-12-29,8,PROMO,online,True,0.6285714285714286
1539,34,2024-12-30,2025-01-05,8,PROMO,online,True,0.8
1540,34,2025-01-13,2025-01-19,12,PROMO,online,True,1.08
1541,34,2025-01-20,2025-01-26,12,PROMO,online,True,1.2
1542,34,2025-01-27,2025-02-02,12,PROMO,online,True,1.0857142857142856
1543,34,2025-02-03,2025-02-09,12,PROMO,online,True,1.3142857142857143
1544,34,2025-02-10,2025-02-16,12,PROMO,online,True,1.2
1545,34,2025-08-18,2025-08-24,10,PROMO,online,True,1.96
1546,34,2025-08-25,2025-08-31,10,PROMO,online,True,1.542857142857143
1547,34,2025-09-01,2025-09-07,10,PROMO,online,True,1.3428571428571427
1548,34,2025-09-08,2025-09-14,10,PROMO,online,True,1.7714285714285714
1549,34,2025-09-15,2025-09-21,10,PROMO,online,True,1.2
1550,34,2025-11-17,2025-11-23,15,PROMO,online,True,0.8
1551,34,2025-11-24,2025-11-30,15,PROMO,online,True,1.0
1552,34,2025-12-01,2025-12-07,15,PROMO,online,True,0.9
1553,34,2025-12-15,2025-12-21,8,PROMO,online,True,0.8285714285714286
1554,34,2025-12-22,2025-12-28,8,PROMO,online,True,0.6857142857142857
1555,34,2025-12-29,2026-01-04,8,PROMO,online,True,1.0
1556,34,2026-01-12,2026-01-18,12,PROMO,online,True,0.9
1557,34,2026-01-19,2026-01-25,12,PROMO,online,True,0.6857142857142857
1558,34,2026-01-26,2026-02-01,12,PROMO,online,True,1.0571428571428572
1559,34,2026-02-02,2026-02-08,12,PROMO,online,True,1.0285714285714285
1560,34,2026-02-09,2026-02-15,12,PROMO,online,True,1.0571428571428572
1561,35,2024-01-15,2024-01-21,12,PROMO,online,True,5.142857142857143
1562,35,2024-01-22,2024-01-28,12,PROMO,online,True,4.685714285714286
1563,35,2024-01-29,2024-02-04,12,PROMO,online,True,4.0285714285714285
1564,35,2024-02-05,2024-02-11,12,PROMO,online,True,5.685714285714286
1565,35,2024-02-12,2024-02-18,12,PROMO,online,True,4.95
1566,35,2024-02-26,2024-03-03,10,PROMO,online,True,4.5
1567,35,2024-03-04,2024-03-10,10,PROMO,online,True,4.0
1568,35,2024-03-11,2024-03-17,8,PROMO,online,True,3.914285714285714
1569,35,2024-03-18,2024-03-24,8,PROMO,online,True,5.485714285714286
1570,35,2024-03-25,2024-03-31,10,PROMO,online,True,5.3428571428571425
1571,35,2024-04-01,2024-04-07,8,PROMO,online,True,5.428571428571429
1572,35,2024-04-08,2024-04-14,8,PROMO,online,True,5.6
1573,35,2024-04-22,2024-04-28,10,PROMO,online,True,4.0
1574,35,2024-05-27,2024-06-02,10,PROMO,online,True,5.0
1575,35,2024-06-03,2024-06-09,10,PROMO,online,True,3.0
1576,35,2024-06-10,2024-06-16,10,PROMO,online,True,2.0
1577,35,2024-07-29,2024-08-04,10,PROMO,online,True,4.0
1578,35,2024-08-05,2024-08-11,10,PROMO,online,True,5.0
1579,35,2024-09-02,2024-09-08,10,PROMO,online,True,3.0
1580,35,2024-09-16,2024-09-22,10,PROMO,online,True,3.0
1581,35,2024-10-14,2024-10-20,10,PROMO,online,True,3.0
1582,35,2024-10-28,2024-11-03,10,PROMO,online,True,2.0
1583,35,2024-11-04,2024-11-10,10,PROMO,online,True,6.0
1584,35,2024-11-11,2024-11-17,10,PROMO,online,True,7.0
1585,35,2024-11-18,2024-11-24,15,PROMO,online,True,6.52
1586,35,2024-11-25,2024-12-01,15,PROMO,online,True,6.285714285714286
1587,35,2024-12-02,2024-12-08,15,PROMO,online,True,5.8
1588,35,2024-12-09,2024-12-15,8,PROMO,online,True,5.2
1589,35,2024-12-16,2024-12-22,10,PROMO,online,True,5.0285714285714285
1590,35,2024-12-23,2024-12-29,10,PROMO,online,True,5.3428571428571425
1591,35,2024-12-30,2025-01-05,8,PROMO,online,True,4.7
1592,35,2025-01-13,2025-01-19,12,PROMO,online,True,4.269230769230769
1593,35,2025-01-20,2025-01-26,12,PROMO,online,True,3.3714285714285714
1594,35,2025-01-27,2025-02-02,12,PROMO,online,True,4.742857142857143
1595,35,2025-02-03,2025-02-09,12,PROMO,online,True,4.3428571428571425
1596,35,2025-02-10,2025-02-16,12,PROMO,online,True,4.7
1597,35,2025-02-17,2025-02-23,10,PROMO,online,True,4.0
1598,35,2025-03-10,2025-03-16,8,PROMO,online,True,4.542857142857143
1599,35,2025-03-17,2025-03-23,10,PROMO,online,True,6.171428571428572
1600,35,2025-03-24,2025-03-30,8,PROMO,online,True,5.571428571428571
1601,35,2025-03-31,2025-04-06,10,PROMO,online,True,6.542857142857143
1602,35,2025-04-07,2025-04-13,8,PROMO,online,True,6.6
1603,35,2025-04-21,2025-04-27,10,PROMO,online,True,5.0
1604,35,2025-05-12,2025-05-18,10,PROMO,online,True,5.0
1605,35,2025-05-19,2025-05-25,10,PROMO,online,True,9.0
1606,35,2025-05-26,2025-06-01,10,PROMO,online,True,4.0
1607,35,2025-06-16,2025-06-22,10,PROMO,online,True,6.0
1608,35,2025-06-23,2025-06-29,10,PROMO,online,True,4.0
1609,35,2025-07-21,2025-07-27,10,PROMO,online,True,4.0
1610,35,2025-07-28,2025-08-03,10,PROMO,online,True,5.0
1611,35,2025-08-04,2025-08-10,10,PROMO,online,True,5.0
1612,35,2025-08-11,2025-08-17,10,PROMO,online,True,2.0
1613,35,2025-08-25,2025-08-31,10,PROMO,online,True,4.0
1614,35,2025-09-01,2025-09-07,10,PROMO,online,True,8.0
1615,35,2025-09-08,2025-09-14,10,PROMO,online,True,8.0
1616,35,2025-10-06,2025-10-12,10,PROMO,online,True,4.0
1617,35,2025-11-17,2025-11-23,15,PROMO,online,True,5.4
1618,35,2025-11-24,2025-11-30,15,PROMO,online,True,4.571428571428571
1619,35,2025-12-01,2025-12-07,15,PROMO,online,True,5.636363636363637
1620,35,2025-12-15,2025-12-21,10,PROMO,online,True,4.942857142857143
1621,35,2025-12-22,2025-12-28,8,PROMO,online,True,5.314285714285714
1622,35,2025-12-29,2026-01-04,8,PROMO,online,True,5.0
1623,35,2026-01-05,2026-01-11,10,PROMO,online,True,3.0
1624,35,2026-01-12,2026-01-18,12,PROMO,online,True,4.35
1625,35,2026-01-19,2026-01-25,12,PROMO,online,True,3.742857142857143
1626,35,2026-01-26,2026-02-01,12,PROMO,online,True,4.9714285714285715
1627,35,2026-02-02,2026-02-08,12,PROMO,online,True,4.114285714285714
1628,35,2026-02-09,2026-02-15,12,PROMO,online,True,3.8857142857142857
1629,35,2026-02-23,2026-03-01,10,PROMO,online,True,1.0
1630,35,2026-03-02,2026-03-08,10,PROMO,online,True,4.0
1631,35,2026-03-09,2026-03-15,8,PROMO,online,True,3.6666666666666665
1632,35,2026-03-16,2026-03-22,10,PROMO,online,True,4.942857142857143
1633,35,2026-03-23,2026-03-29,8,PROMO,online,True,5.371428571428571
1634,35,2026-03-30,2026-04-05,10,PROMO,online,True,4.514285714285714
1635,35,2026-04-06,2026-04-12,8,PROMO,online,True,4.44
1636,35,2026-04-27,2026-05-03,10,PROMO,online,True,3.0
1637,35,2026-05-04,2026-05-10,10,PROMO,online,True,4.0
1638,36,2024-01-15,2024-01-21,12,PROMO,online,True,0.8285714285714286
1639,36,2024-01-22,2024-01-28,12,PROMO,online,True,1.3142857142857143
1640,36,2024-01-29,2024-02-04,12,PROMO,online,True,1.0
1641,36,2024-02-05,2024-02-11,12,PROMO,online,True,0.9428571428571428
1642,36,2024-02-12,2024-02-18,12,PROMO,online,True,0.95
1643,36,2024-08-19,2024-08-25,10,PROMO,online,True,2.033333333333333
1644,36,2024-08-26,2024-09-01,10,PROMO,online,True,1.542857142857143
1645,36,2024-09-02,2024-09-08,10,PROMO,online,True,1.457142857142857
1646,36,2024-09-09,2024-09-15,10,PROMO,online,True,1.3714285714285714
1647,36,2024-09-16,2024-09-22,10,PROMO,online,True,1.24
1648,36,2024-11-18,2024-11-24,15,PROMO,online,True,1.32
1649,36,2024-11-25,2024-12-01,15,PROMO,online,True,0.7428571428571429
1650,36,2024-12-02,2024-12-08,15,PROMO,online,True,0.8
1651,36,2024-12-09,2024-12-15,8,PROMO,online,True,1.8
1652,36,2024-12-16,2024-12-22,8,PROMO,online,True,0.8
1653,36,2024-12-23,2024-12-29,8,PROMO,online,True,0.8571428571428571
1654,36,2024-12-30,2025-01-05,8,PROMO,online,True,0.6
1655,36,2025-01-13,2025-01-19,12,PROMO,online,True,0.8
1656,36,2025-01-20,2025-01-26,12,PROMO,online,True,0.8571428571428571
1657,36,2025-01-27,2025-02-02,12,PROMO,online,True,0.7714285714285715
1658,36,2025-02-03,2025-02-09,12,PROMO,online,True,0.9714285714285714
1659,36,2025-02-10,2025-02-16,12,PROMO,online,True,1.5333333333333334
1660,36,2025-08-18,2025-08-24,10,PROMO,online,True,1.24
1661,36,2025-08-25,2025-08-31,10,PROMO,online,True,1.2285714285714286
1662,36,2025-09-01,2025-09-07,10,PROMO,online,True,1.2857142857142858
1663,36,2025-09-08,2025-09-14,10,PROMO,online,True,1.3714285714285714
1664,36,2025-09-15,2025-09-21,10,PROMO,online,True,1.0
1665,36,2025-11-17,2025-11-23,15,PROMO,online,True,1.55
1666,36,2025-11-24,2025-11-30,15,PROMO,online,True,1.4857142857142858
1667,36,2025-12-01,2025-12-07,15,PROMO,online,True,0.2
1668,36,2025-12-15,2025-12-21,8,PROMO,online,True,1.3714285714285714
1669,36,2025-12-22,2025-12-28,8,PROMO,online,True,1.0571428571428572
1670,36,2025-12-29,2026-01-04,8,PROMO,online,True,1.2
1671,36,2026-01-12,2026-01-18,12,PROMO,online,True,1.6
1672,36,2026-01-19,2026-01-25,12,PROMO,online,True,0.7142857142857143
1673,36,2026-01-26,2026-02-01,12,PROMO,online,True,0.7428571428571429
1674,36,2026-02-02,2026-02-08,12,PROMO,online,True,1.2571428571428571
1675,36,2026-02-09,2026-02-15,12,PROMO,online,True,0.6285714285714286
