competitor_price_id,product_id,competitor_id,collected_at,competitor_price,status
1,44,5,2026-01-02T17:00:00,815.8,OK
2,95,2,2026-02-09T08:00:00,359.91,OK
3,8,7,2025-12-09T17:00:00,303.47,OK
4,159,5,2026-02-23T00:00:00,510.35,OK
5,157,2,2026-01-05T10:00:00,957.65,OK
6,22,3,2025-10-29T13:00:00,444.66,OK
7,153,3,2026-01-21T16:00:00,750.04,OK
8,154,6,2025-12-29T17:00:00,251.07,OK
9,49,2,2025-11-17T17:00:00,629.33,OK
10,137,2,2026-02-01T09:00:00,437.73,OK
11,177,4,2025-12-07T04:00:00,1564.13,OK
12,127,5,2026-01-14T22:00:00,166.99,OK
13,20,1,2025-11-08T12:00:00,651.5,OK
14,108,3,2026-01-13T12:00:00,617.37,OK
15,114,3,2025-11-11T10:00:00,17.05,OK
16,123,1,2026-01-11T05:00:00,133.87,OK
17,58,2,2025-11-17T17:00:00,887.12,OK
18,198,6,2025-12-05T13:00:00,435.58,OK
19,86,7,2025-12-18T15:00:00,198.79,OK
20,181,6,2026-01-26T01:00:00,717.94,OK
21,60,4,2026-02-02T03:00:00,,COLLECT_FAILED
22,163,6,2026-02-10T20:00:00,,COLLECT_FAILED
23,117,2,2025-11-14T07:00:00,980.17,OK
24,162,4,2025-11-19T23:00:00,706.79,OK
25,101,6,2025-11-07T07:00:00,225.79,OK
26,108,2,2026-02-26T09:00:00,402.07,OK
27,106,7,2026-01-21T07:00:00,369.63,OK
28,59,5,2025-11-23T05:00:00,28.76,OK
29,110,5,2026-02-14T06:00:00,340.63,OK
30,85,5,2025-11-18T22:00:00,463.87,OK
31,159,5,2026-01-18T06:00:00,468.07,OK
32,49,3,2026-02-25T06:00:00,,COLLECT_FAILED
33,95,2,2026-02-10T05:00:00,364.15,OK
34,129,6,2026-01-07T18:00:00,951.4,OK
35,15,6,2025-10-31T22:00:00,614.93,OK
36,194,1,2025-11-10T12:00:00,415.14,OK
37,52,2,2026-01-27T05:00:00,591.32,OK
38,156,1,2025-11-13T21:00:00,888.22,OK
39,80,6,2025-11-21T21:00:00,1368.42,OK
40,192,4,2026-01-20T02:00:00,284.63,OK
41,106,7,2026-01-15T05:00:00,355.13,OK
42,107,7,2026-01-10T05:00:00,440.56,OK
43,150,1,2026-02-20T08:00:00,860.94,OK
44,1,2,2026-02-03T19:00:00,121.44,OK
45,136,5,2025-11-20T07:00:00,,COLLECT_FAILED
46,49,5,2026-02-16T18:00:00,841.38,OK
47,118,2,2026-02-12T00:00:00,35.21,OK
48,133,5,2025-12-06T03:00:00,781.78,OK
49,42,5,2025-11-29T00:00:00,364.64,OK
50,70,2,2025-12-24T20:00:00,575.15,OK
51,111,1,2025-11-21T22:00:00,,COLLECT_FAILED
52,126,2,2025-11-23T07:00:00,,COLLECT_FAILED
53,183,5,2026-02-05T22:00:00,802.84,OK
54,164,1,2026-02-21T21:00:00,1250.89,OK
55,2,4,2026-02-20T01:00:00,182.81,OK
56,78,5,2025-12-27T03:00:00,,COLLECT_FAILED
57,164,2,2025-11-29T23:00:00,1033.52,OK
58,118,7,2025-12-02T12:00:00,33.25,OK
59,62,1,2026-02-22T23:00:00,126.73,OK
60,52,1,2025-12-12T01:00:00,642.2,OK
61,162,3,2026-02-09T20:00:00,691.8,OK
62,191,7,2026-01-27T19:00:00,562.53,OK
63,124,7,2025-11-30T19:00:00,514.52,OK
64,124,4,2025-11-15T20:00:00,392.9,OK
65,200,4,2025-11-02T13:00:00,346.24,OK
66,80,7,2025-11-06T16:00:00,1082.44,OK
67,200,7,2025-12-03T15:00:00,536.2,OK
68,55,4,2026-02-25T22:00:00,343.71,OK
69,132,4,2025-11-23T02:00:00,892.04,OK
70,125,2,2025-12-29T19:00:00,786.89,OK
71,81,4,2026-01-10T07:00:00,72.72,OK
72,54,5,2026-02-11T10:00:00,217.99,OK
73,55,7,2025-12-23T05:00:00,376.89,OK
74,37,5,2026-01-16T10:00:00,468.2,OK
75,173,2,2025-10-30T17:00:00,44.86,OK
76,87,5,2026-01-03T20:00:00,,COLLECT_FAILED
77,37,6,2026-02-10T17:00:00,537.99,OK
78,34,2,2026-01-04T15:00:00,201.55,OK
79,163,3,2025-11-16T20:00:00,963.45,OK
80,98,7,2026-01-08T14:00:00,1067.0,OK
81,4,6,2025-11-21T12:00:00,400.56,OK
82,92,1,2025-12-26T16:00:00,215.05,OK
83,8,5,2026-01-18T17:00:00,370.52,OK
84,132,5,2025-11-05T18:00:00,1063.85,OK
85,64,6,2026-02-14T11:00:00,1031.24,OK
86,111,5,2026-02-25T20:00:00,830.33,OK
87,188,5,2025-12-28T15:00:00,96.88,OK
88,162,6,2026-02-13T10:00:00,663.7,OK
89,183,6,2026-01-03T21:00:00,815.06,OK
90,176,4,2025-11-01T04:00:00,428.41,OK
91,177,5,2025-12-30T12:00:00,1248.42,OK
92,145,2,2025-11-01T11:00:00,544.97,OK
93,164,1,2026-02-03T07:00:00,1243.59,OK
94,117,6,2026-01-19T11:00:00,812.82,OK
95,184,5,2026-02-03T14:00:00,1252.75,OK
96,120,4,2026-01-26T15:00:00,749.92,OK
97,143,2,2026-02-21T23:00:00,676.25,OK
98,99,5,2026-01-26T13:00:00,367.26,OK
99,187,6,2025-12-02T08:00:00,672.42,OK
100,173,3,2026-02-04T23:00:00,51.17,OK
101,94,2,2025-11-06T14:00:00,737.9,OK
102,163,1,2026-01-14T09:00:00,924.84,OK
103,117,5,2025-12-18T18:00:00,931.75,OK
104,13,2,2025-11-26T01:00:00,662.98,OK
105,49,2,2026-02-20T09:00:00,741.61,OK
106,185,1,2025-12-07T22:00:00,57.94,OK
107,93,2,2026-02-03T17:00:00,642.0,OK
108,146,5,2026-01-14T13:00:00,635.02,OK
109,110,7,2026-02-06T09:00:00,329.52,OK
110,99,2,2026-02-17T05:00:00,301.21,OK
111,191,5,2026-02-20T11:00:00,535.15,OK
112,98,3,2025-11-28T11:00:00,739.84,OK
113,176,1,2025-12-03T02:00:00,320.46,OK
114,90,1,2026-02-10T12:00:00,537.27,OK
115,122,7,2026-02-01T09:00:00,765.29,OK
116,167,1,2025-11-18T15:00:00,217.49,OK
117,143,4,2026-01-01T08:00:00,867.18,OK
118,7,1,2025-12-16T08:00:00,439.64,OK
119,15,4,2025-12-07T05:00:00,427.37,OK
120,122,4,2026-01-27T03:00:00,866.2,OK
121,30,2,2026-02-02T14:00:00,,COLLECT_FAILED
122,50,6,2026-01-30T11:00:00,73.76,OK
123,2,2,2025-12-25T11:00:00,129.1,OK
124,10,6,2025-12-25T23:00:00,305.09,OK
125,102,4,2025-11-13T07:00:00,815.53,OK
126,156,6,2026-01-01T11:00:00,588.43,OK
127,4,3,2025-11-04T12:00:00,558.65,OK
128,87,3,2025-12-13T17:00:00,928.63,OK
129,72,5,2026-02-02T16:00:00,1094.57,OK
130,18,6,2025-12-05T12:00:00,837.06,OK
131,48,7,2025-12-17T10:00:00,11.75,OK
132,39,4,2025-12-05T19:00:00,1005.38,OK
133,86,4,2025-11-05T15:00:00,310.76,OK
134,67,6,2026-01-13T04:00:00,906.9,OK
135,163,5,2026-02-22T11:00:00,1091.39,OK
136,60,3,2026-02-25T06:00:00,579.91,OK
137,98,1,2025-11-02T11:00:00,966.32,OK
138,51,2,2026-01-09T18:00:00,959.06,OK
139,45,5,2026-02-23T16:00:00,51.44,OK
140,190,7,2026-01-08T16:00:00,686.25,OK
141,131,1,2026-01-06T15:00:00,119.16,OK
142,25,7,2026-01-15T19:00:00,461.34,OK
143,30,3,2025-10-30T05:00:00,297.97,OK
144,78,6,2025-11-23T00:00:00,1186.68,OK
145,151,3,2025-12-15T21:00:00,233.42,OK
146,157,6,2026-02-23T11:00:00,718.12,OK
147,139,1,2026-02-09T13:00:00,539.06,OK
148,8,2,2025-11-29T05:00:00,293.95,OK
149,38,3,2025-11-02T07:00:00,459.65,OK
150,18,3,2025-12-28T23:00:00,1404.92,OK
151,156,4,2025-11-14T14:00:00,596.18,OK
152,5,7,2025-12-02T03:00:00,347.05,OK
153,174,5,2025-11-23T10:00:00,405.95,OK
154,194,6,2026-01-04T15:00:00,407.07,OK
155,167,3,2025-11-30T07:00:00,263.6,OK
156,104,3,2026-01-07T22:00:00,337.17,OK
157,35,3,2026-01-05T06:00:00,1044.24,OK
158,96,1,2026-01-03T20:00:00,122.37,OK
159,45,4,2025-11-02T21:00:00,54.69,OK
160,71,2,2025-11-01T20:00:00,1247.45,OK
161,170,3,2025-12-25T15:00:00,716.88,OK
162,89,1,2026-01-31T11:00:00,1007.6,OK
163,71,7,2025-12-20T00:00:00,1143.66,OK
164,97,2,2025-11-02T14:00:00,,COLLECT_FAILED
165,11,6,2025-12-07T04:00:00,502.25,OK
166,36,5,2026-02-15T10:00:00,568.01,OK
167,35,1,2026-02-03T05:00:00,,COLLECT_FAILED
168,134,5,2025-10-30T01:00:00,886.14,OK
169,51,4,2025-12-07T04:00:00,1226.52,OK
170,162,7,2025-11-20T02:00:00,466.7,OK
171,177,3,2025-12-14T16:00:00,1247.11,OK
172,18,6,2025-12-23T19:00:00,,COLLECT_FAILED
173,33,1,2025-12-13T03:00:00,,COLLECT_FAILED
174,42,2,2026-02-05T05:00:00,,COLLECT_FAILED
175,80,2,2025-11-10T17:00:00,815.43,OK
176,80,4,2025-11-14T06:00:00,1190.99,OK
177,3,3,2025-11-07T05:00:00,1152.55,OK
178,197,5,2025-12-04T08:00:00,,COLLECT_FAILED
179,21,7,2025-11-08T02:00:00,1300.01,OK
180,170,1,2026-01-17T17:00:00,803.72,OK
181,80,2,2025-11-22T02:00:00,869.17,OK
182,89,7,2025-12-06T22:00:00,993.38,OK
183,171,7,2025-12-16T18:00:00,659.87,OK
184,131,3,2026-02-01T22:00:00,81.38,OK
185,21,3,2025-12-21T10:00:00,991.32,OK
186,114,2,2026-02-27T00:00:00,24.35,OK
187,193,1,2025-12-20T07:00:00,1015.02,OK
188,200,4,2025-12-07T05:00:00,535.86,OK
189,38,7,2025-12-15T20:00:00,517.1,OK
190,30,4,2026-02-04T08:00:00,478.08,OK
191,107,5,2025-11-17T23:00:00,559.43,OK
192,44,5,2026-02-13T06:00:00,870.42,OK
193,166,6,2025-11-26T23:00:00,182.14,OK
194,129,7,2025-12-17T05:00:00,1003.14,OK
195,90,6,2026-02-19T03:00:00,542.42,OK
196,95,2,2026-01-23T00:00:00,240.46,OK
197,175,4,2026-02-16T11:00:00,850.18,OK
198,118,4,2026-01-17T17:00:00,30.58,OK
199,85,3,2025-11-06T18:00:00,669.59,OK
200,162,6,2026-01-03T21:00:00,666.7,OK
201,152,5,2026-02-12T16:00:00,371.05,OK
202,167,7,2026-02-12T08:00:00,257.33,OK
203,62,1,2025-10-31T00:00:00,145.57,OK
204,71,5,2026-02-08T19:00:00,1302.99,OK
205,142,5,2025-12-29T12:00:00,278.74,OK
206,106,7,2026-02-11T21:00:00,298.4,OK
207,191,1,2026-02-16T00:00:00,684.62,OK
208,122,2,2026-01-01T07:00:00,1286.65,OK
209,83,3,2025-12-03T09:00:00,186.79,OK
210,85,4,2026-02-05T06:00:00,448.74,OK
211,168,2,2025-12-19T11:00:00,948.06,OK
212,99,4,2025-12-02T03:00:00,,COLLECT_FAILED
213,168,6,2026-01-28T04:00:00,794.25,OK
214,44,3,2025-11-11T06:00:00,1040.46,OK
215,49,3,2025-12-10T02:00:00,635.75,OK
216,31,6,2026-01-11T22:00:00,1332.69,OK
217,156,5,2025-12-11T21:00:00,662.05,OK
218,135,2,2025-11-25T16:00:00,,COLLECT_FAILED
219,25,2,2025-12-01T22:00:00,329.56,OK
220,84,5,2026-02-23T10:00:00,242.06,OK
221,15,5,2026-02-15T19:00:00,384.11,OK
222,184,3,2025-11-11T03:00:00,1167.55,OK
223,156,3,2025-12-11T12:00:00,685.8,OK
224,83,2,2026-01-16T01:00:00,133.08,OK
225,30,5,2026-01-04T12:00:00,311.93,OK
226,185,6,2026-02-21T00:00:00,60.47,OK
227,101,2,2025-12-29T03:00:00,258.02,OK
228,193,7,2026-02-22T08:00:00,629.53,OK
229,138,7,2025-11-29T00:00:00,712.25,OK
230,127,5,2026-01-29T18:00:00,227.74,OK
231,106,1,2026-01-20T02:00:00,348.92,OK
232,68,7,2025-11-12T13:00:00,1314.08,OK
233,57,1,2026-02-19T23:00:00,,COLLECT_FAILED
234,110,5,2025-12-11T02:00:00,406.5,OK
235,47,4,2026-01-17T10:00:00,387.13,OK
236,153,1,2026-02-04T13:00:00,605.01,OK
237,174,4,2026-01-13T18:00:00,440.96,OK
238,146,3,2026-01-22T10:00:00,600.24,OK
239,185,3,2025-12-18T04:00:00,,COLLECT_FAILED
240,135,7,2025-11-09T15:00:00,1033.89,OK
241,114,7,2026-02-06T13:00:00,19.99,OK
242,44,7,2025-12-21T18:00:00,1061.38,OK
243,39,3,2026-02-23T20:00:00,,COLLECT_FAILED
244,189,5,2025-11-03T01:00:00,561.26,OK
245,191,5,2026-01-21T18:00:00,609.04,OK
246,192,3,2026-02-22T21:00:00,182.39,OK
247,172,2,2025-12-15T15:00:00,664.89,OK
248,173,6,2025-12-13T23:00:00,30.53,OK
249,11,1,2026-01-01T09:00:00,753.24,OK
250,163,1,2025-12-16T19:00:00,1454.15,OK
251,76,5,2026-01-10T21:00:00,510.91,OK
252,110,6,2025-11-11T02:00:00,408.42,OK
253,46,3,2025-12-09T22:00:00,910.08,OK
254,156,2,2025-11-17T15:00:00,916.17,OK
255,197,4,2025-12-29T11:00:00,,COLLECT_FAILED
256,70,6,2025-11-01T12:00:00,653.51,OK
257,1,6,2025-11-04T10:00:00,,COLLECT_FAILED
258,189,4,2025-11-11T07:00:00,604.78,OK
259,180,6,2025-10-29T20:00:00,474.43,OK
260,183,7,2026-02-19T12:00:00,1161.13,OK
261,101,3,2026-02-04T07:00:00,203.03,OK
262,94,6,2026-01-01T12:00:00,,COLLECT_FAILED
263,132,7,2025-11-25T10:00:00,787.96,OK
264,56,3,2026-01-21T01:00:00,1126.58,OK
265,98,4,2026-01-22T14:00:00,,COLLECT_FAILED
266,75,3,2026-01-29T21:00:00,643.84,OK
267,29,7,2025-11-23T13:00:00,261.63,OK
268,108,5,2026-02-03T17:00:00,,COLLECT_FAILED
269,186,2,2025-12-09T02:00:00,603.07,OK
270,111,1,2025-11-09T08:00:00,888.34,OK
271,172,4,2026-01-19T23:00:00,837.2,OK
272,199,5,2025-10-30T23:00:00,532.54,OK
273,123,5,2025-12-09T05:00:00,122.4,OK
274,125,5,2025-11-02T00:00:00,1005.06,OK
275,21,3,2025-10-30T02:00:00,1333.39,OK
276,179,1,2026-02-17T13:00:00,1329.01,OK
277,83,6,2026-02-25T10:00:00,,COLLECT_FAILED
278,194,4,2026-02-16T17:00:00,285.93,OK
279,102,7,2026-01-26T19:00:00,1317.62,OK
280,45,6,2025-12-24T21:00:00,50.81,OK
281,149,7,2025-11-14T10:00:00,,COLLECT_FAILED
282,21,7,2026-02-13T22:00:00,870.77,OK
283,108,4,2026-02-15T05:00:00,620.37,OK
284,29,5,2026-01-01T06:00:00,264.49,OK
285,153,4,2025-12-21T22:00:00,616.76,OK
286,126,1,2025-11-22T16:00:00,272.21,OK
287,45,4,2025-12-04T02:00:00,43.32,OK
288,14,4,2026-01-30T19:00:00,1265.08,OK
289,36,4,2026-02-17T03:00:00,830.5,OK
290,91,1,2025-11-20T05:00:00,1221.6,OK
291,5,5,2025-11-11T12:00:00,548.28,OK
292,28,7,2026-01-03T09:00:00,457.5,OK
293,146,5,2026-02-07T07:00:00,835.02,OK
294,125,5,2026-01-04T01:00:00,753.36,OK
295,72,1,2026-01-16T15:00:00,1291.82,OK
296,167,1,2026-02-11T00:00:00,263.3,OK
297,97,5,2025-11-14T09:00:00,734.17,OK
298,28,3,2026-01-23T05:00:00,,COLLECT_FAILED
299,129,4,2025-12-27T21:00:00,967.12,OK
300,135,6,2025-11-09T05:00:00,948.19,OK
301,127,5,2025-11-16T21:00:00,250.47,OK
302,92,5,2025-12-24T17:00:00,,COLLECT_FAILED
303,176,5,2026-02-17T06:00:00,333.81,OK
304,149,2,2026-01-04T08:00:00,127.51,OK
305,41,1,2026-01-17T22:00:00,627.2,OK
306,182,7,2026-01-07T22:00:00,1475.43,OK
307,17,6,2026-02-09T08:00:00,81.77,OK
308,81,4,2025-12-04T13:00:00,69.34,OK
309,144,6,2026-01-30T09:00:00,205.82,OK
310,120,2,2025-10-29T19:00:00,811.39,OK
311,79,2,2026-01-02T03:00:00,543.36,OK
312,55,1,2026-02-15T16:00:00,453.43,OK
313,88,6,2026-02-09T09:00:00,620.85,OK
314,62,3,2026-02-22T10:00:00,90.42,OK
315,192,4,2026-02-08T01:00:00,243.88,OK
316,124,5,2025-11-27T02:00:00,423.2,OK
317,165,3,2026-01-08T16:00:00,1524.08,OK
318,21,6,2026-02-24T12:00:00,983.74,OK
319,12,6,2026-02-07T05:00:00,215.66,OK
320,158,3,2026-01-15T21:00:00,931.84,OK
321,106,1,2025-12-12T06:00:00,217.61,OK
322,134,1,2026-01-06T07:00:00,668.0,OK
323,161,3,2025-11-08T06:00:00,167.1,OK
324,1,2,2025-12-06T12:00:00,152.16,OK
325,38,4,2026-02-05T17:00:00,432.17,OK
326,189,7,2025-12-08T15:00:00,,COLLECT_FAILED
327,185,4,2026-02-25T19:00:00,72.7,OK
328,100,6,2025-11-01T19:00:00,406.82,OK
329,177,5,2026-01-31T10:00:00,1537.64,OK
330,67,6,2026-01-12T08:00:00,712.15,OK
331,37,2,2025-11-23T00:00:00,446.38,OK
332,12,6,2026-01-15T12:00:00,171.9,OK
333,106,4,2025-10-29T15:00:00,226.62,OK
334,127,5,2026-01-17T03:00:00,155.64,OK
335,163,5,2025-12-25T02:00:00,1017.49,OK
336,194,7,2025-12-05T04:00:00,322.22,OK
337,117,3,2025-12-26T11:00:00,657.71,OK
338,161,2,2025-11-08T06:00:00,114.94,OK
339,31,5,2026-01-07T15:00:00,986.76,OK
340,16,7,2026-01-21T18:00:00,182.1,OK
341,83,1,2025-12-13T22:00:00,171.18,OK
342,13,1,2025-12-07T19:00:00,999.58,OK
343,175,3,2025-11-02T02:00:00,1077.97,OK
344,159,2,2026-01-04T12:00:00,341.11,OK
345,72,6,2025-11-25T01:00:00,971.26,OK
346,140,6,2026-02-18T15:00:00,147.89,OK
347,138,5,2025-11-28T12:00:00,523.68,OK
348,143,4,2026-02-13T15:00:00,824.67,OK
349,30,6,2026-02-17T06:00:00,322.74,OK
350,138,4,2025-11-22T13:00:00,,COLLECT_FAILED
351,44,2,2025-11-27T08:00:00,875.33,OK
352,174,3,2026-01-23T15:00:00,472.44,OK
353,138,4,2025-12-16T15:00:00,620.85,OK
354,155,1,2026-01-25T23:00:00,877.11,OK
355,105,2,2025-11-27T01:00:00,76.33,OK
356,60,3,2025-11-25T02:00:00,482.73,OK
357,73,2,2025-12-29T23:00:00,1054.17,OK
358,153,1,2025-11-25T19:00:00,824.36,OK
359,86,7,2025-12-05T06:00:00,301.22,OK
360,86,2,2025-12-08T20:00:00,287.19,OK
361,43,7,2026-01-03T11:00:00,526.46,OK
362,169,1,2026-01-03T07:00:00,526.15,OK
363,195,7,2026-02-21T05:00:00,333.97,OK
364,141,3,2025-11-17T15:00:00,626.76,OK
365,184,1,2025-12-07T20:00:00,815.73,OK
366,40,7,2026-01-09T22:00:00,52.2,OK
367,66,6,2026-02-07T10:00:00,404.21,OK
368,172,1,2025-12-06T16:00:00,639.81,OK
369,92,2,2025-11-07T08:00:00,258.12,OK
370,188,4,2025-12-24T08:00:00,,COLLECT_FAILED
371,159,1,2025-11-28T03:00:00,370.14,OK
372,83,2,2026-01-10T00:00:00,138.3,OK
373,190,6,2025-12-24T13:00:00,935.13,OK
374,99,3,2026-02-14T18:00:00,293.07,OK
375,144,1,2026-02-13T20:00:00,173.88,OK
376,68,5,2025-12-20T12:00:00,1304.04,OK
377,130,1,2026-02-04T05:00:00,343.94,OK
378,140,3,2025-11-22T06:00:00,162.99,OK
379,197,6,2025-10-31T05:00:00,240.3,OK
380,48,7,2026-01-05T13:00:00,13.42,OK
381,10,7,2026-02-19T13:00:00,298.76,OK
382,75,3,2025-11-08T18:00:00,941.93,OK
383,160,6,2026-02-22T02:00:00,1096.96,OK
384,181,1,2026-01-03T23:00:00,933.12,OK
385,106,2,2025-12-10T03:00:00,250.04,OK
386,187,7,2025-11-05T01:00:00,956.19,OK
387,98,1,2026-01-16T21:00:00,669.72,OK
388,53,4,2026-01-24T04:00:00,236.72,OK
389,38,1,2025-11-16T20:00:00,562.53,OK
390,158,5,2025-11-19T12:00:00,825.39,OK
391,128,4,2025-11-10T03:00:00,685.6,OK
392,93,3,2025-11-18T14:00:00,,COLLECT_FAILED
393,49,5,2025-12-01T15:00:00,755.93,OK
394,105,7,2025-11-28T05:00:00,56.6,OK
395,87,4,2025-12-23T13:00:00,872.6,OK
396,170,6,2026-02-26T06:00:00,695.71,OK
397,141,7,2026-02-23T06:00:00,742.85,OK
398,16,3,2026-01-10T00:00:00,232.02,OK
399,100,7,2025-11-08T12:00:00,534.43,OK
400,178,3,2025-11-25T21:00:00,259.45,OK
401,64,1,2025-12-23T10:00:00,1146.78,OK
402,1,7,2026-02-06T16:00:00,121.0,OK
403,108,6,2025-12-09T01:00:00,530.16,OK
404,115,6,2026-02-26T11:00:00,1276.41,OK
405,131,1,2025-12-09T03:00:00,142.71,OK
406,168,2,2025-11-04T06:00:00,857.05,OK
407,44,2,2026-01-21T08:00:00,806.93,OK
408,162,4,2026-02-22T18:00:00,,COLLECT_FAILED
409,147,1,2026-01-01T22:00:00,768.17,OK
410,168,6,2026-01-14T09:00:00,1018.25,OK
411,137,2,2025-12-05T17:00:00,503.84,OK
412,79,7,2025-12-13T16:00:00,487.63,OK
413,126,3,2026-02-19T11:00:00,302.04,OK
414,87,2,2025-12-16T05:00:00,984.62,OK
415,48,5,2026-01-06T01:00:00,,COLLECT_FAILED
416,167,6,2025-11-01T17:00:00,238.53,OK
417,17,7,2026-01-11T20:00:00,66.94,OK
418,26,6,2026-01-06T13:00:00,673.47,OK
419,76,2,2025-11-28T17:00:00,781.09,OK
420,76,1,2025-11-22T01:00:00,620.55,OK
421,26,3,2025-12-23T20:00:00,503.28,OK
422,46,4,2026-02-08T14:00:00,,COLLECT_FAILED
423,64,5,2026-01-26T23:00:00,729.75,OK
424,38,6,2026-02-07T16:00:00,529.02,OK
425,122,4,2026-02-11T13:00:00,952.41,OK
426,126,2,2026-02-12T02:00:00,359.09,OK
427,41,7,2026-02-18T21:00:00,750.45,OK
428,178,7,2025-11-09T06:00:00,431.88,OK
429,111,6,2025-12-12T17:00:00,667.89,OK
430,127,1,2025-12-28T18:00:00,238.39,OK
431,94,1,2026-01-28T22:00:00,667.24,OK
432,146,5,2026-01-03T07:00:00,707.72,OK
433,50,3,2025-12-12T15:00:00,76.81,OK
434,172,7,2025-12-28T13:00:00,792.73,OK
435,81,2,2025-12-29T01:00:00,83.69,OK
436,65,2,2026-02-09T13:00:00,271.62,OK
437,94,1,2026-01-03T00:00:00,1154.49,OK
438,17,7,2025-12-09T22:00:00,64.6,OK
439,50,5,2025-10-31T22:00:00,88.83,OK
440,15,2,2026-02-09T09:00:00,576.97,OK
441,66,4,2026-01-25T19:00:00,254.36,OK
442,36,7,2026-02-09T09:00:00,556.33,OK
443,162,1,2025-12-28T15:00:00,487.28,OK
444,76,6,2025-12-22T12:00:00,530.34,OK
445,184,4,2025-12-23T18:00:00,1424.81,OK
446,74,3,2026-02-02T08:00:00,271.64,OK
447,147,6,2026-02-11T04:00:00,675.88,OK
448,69,6,2026-02-25T02:00:00,730.38,OK
449,8,6,2025-12-14T07:00:00,302.77,OK
450,109,5,2025-11-25T10:00:00,308.05,OK
451,20,3,2025-11-30T22:00:00,735.31,OK
452,120,7,2026-01-21T16:00:00,992.88,OK
453,82,3,2025-12-01T17:00:00,,COLLECT_FAILED
454,172,2,2026-02-10T19:00:00,955.21,OK
455,150,2,2026-01-29T20:00:00,1151.93,OK
456,79,7,2025-12-01T04:00:00,627.03,OK
457,57,5,2025-12-15T18:00:00,909.79,OK
458,72,5,2025-12-14T14:00:00,1033.3,OK
459,39,7,2026-01-17T18:00:00,1431.33,OK
460,76,7,2026-02-03T19:00:00,709.26,OK
461,17,4,2026-01-21T07:00:00,62.75,OK
462,32,3,2026-01-12T15:00:00,529.15,OK
463,100,1,2026-01-16T14:00:00,,COLLECT_FAILED
464,91,3,2025-12-19T08:00:00,946.18,OK
465,26,6,2025-11-03T04:00:00,547.67,OK
466,16,2,2025-10-30T16:00:00,189.96,OK
467,65,3,2025-11-23T05:00:00,298.34,OK
468,143,3,2026-01-30T02:00:00,924.34,OK
469,27,1,2025-11-22T22:00:00,247.37,OK
470,137,7,2026-01-31T20:00:00,452.09,OK
471,48,1,2025-11-09T11:00:00,8.54,OK
472,195,7,2025-12-06T10:00:00,444.82,OK
473,24,7,2025-11-17T06:00:00,695.38,OK
474,26,6,2026-02-23T20:00:00,628.96,OK
475,133,6,2025-11-14T17:00:00,620.4,OK
476,112,3,2025-10-30T20:00:00,878.06,OK
477,15,4,2026-01-21T05:00:00,527.62,OK
478,138,4,2026-02-18T00:00:00,522.28,OK
479,10,3,2025-11-18T17:00:00,381.88,OK
480,14,1,2025-12-19T12:00:00,937.2,OK
481,168,1,2026-01-17T18:00:00,,COLLECT_FAILED
482,97,2,2026-02-08T17:00:00,,COLLECT_FAILED
483,54,4,2026-01-22T11:00:00,191.58,OK
484,175,3,2026-01-02T13:00:00,1254.24,OK
485,37,1,2026-01-11T15:00:00,459.85,OK
486,14,4,2025-11-03T18:00:00,791.0,OK
487,23,4,2026-02-03T03:00:00,933.77,OK
488,124,4,2026-02-05T11:00:00,504.29,OK
489,54,2,2026-02-21T05:00:00,195.79,OK
490,38,4,2025-11-04T20:00:00,398.4,OK
491,3,1,2026-02-09T23:00:00,734.09,OK
492,12,4,2026-01-11T08:00:00,194.67,OK
493,123,2,2025-12-02T15:00:00,124.47,OK
494,58,1,2025-12-25T08:00:00,1273.37,OK
495,130,7,2025-12-04T09:00:00,319.28,OK
496,90,2,2025-12-19T12:00:00,,COLLECT_FAILED
497,104,4,2025-12-31T00:00:00,466.57,OK
498,162,7,2026-02-02T10:00:00,580.22,OK
499,122,7,2026-02-08T07:00:00,1236.81,OK
500,114,1,2025-11-28T06:00:00,28.87,OK
501,176,4,2025-11-24T13:00:00,397.92,OK
502,50,3,2025-12-27T08:00:00,79.38,OK
503,164,5,2026-01-23T05:00:00,,COLLECT_FAILED
504,139,2,2026-01-18T23:00:00,537.49,OK
505,160,3,2025-12-02T17:00:00,827.86,OK
506,70,5,2025-11-09T09:00:00,790.2,OK
507,163,3,2026-01-14T06:00:00,1324.21,OK
508,129,5,2026-01-28T12:00:00,791.3,OK
509,139,5,2025-11-13T08:00:00,692.79,OK
510,181,6,2026-02-19T06:00:00,955.63,OK
511,113,5,2026-01-08T15:00:00,953.17,OK
512,17,4,2025-11-12T13:00:00,91.74,OK
513,34,7,2026-01-15T02:00:00,,COLLECT_FAILED
514,161,2,2025-11-21T13:00:00,126.08,OK
515,8,1,2025-11-21T18:00:00,214.69,OK
516,120,2,2025-11-25T09:00:00,1028.65,OK
517,45,4,2025-12-22T09:00:00,35.07,OK
518,64,2,2025-11-05T21:00:00,1161.1,OK
519,129,7,2026-01-31T04:00:00,741.45,OK
520,181,7,2025-12-09T20:00:00,837.03,OK
521,189,7,2026-01-03T10:00:00,945.1,OK
522,162,4,2026-02-24T15:00:00,560.47,OK
523,134,2,2026-01-27T12:00:00,701.21,OK
524,167,1,2025-10-30T10:00:00,314.85,OK
525,111,7,2026-02-21T02:00:00,736.12,OK
526,119,1,2025-12-20T08:00:00,300.07,OK
527,100,6,2025-12-09T04:00:00,514.55,OK
528,60,1,2025-12-14T21:00:00,653.56,OK
529,145,4,2025-12-31T18:00:00,683.45,OK
530,101,7,2025-11-15T07:00:00,229.48,OK
531,138,4,2026-01-20T12:00:00,678.87,OK
532,191,4,2025-12-18T02:00:00,655.46,OK
533,117,7,2025-12-12T16:00:00,815.08,OK
534,84,7,2025-11-07T14:00:00,311.13,OK
535,142,5,2026-02-10T17:00:00,317.68,OK
536,184,2,2025-12-27T23:00:00,984.75,OK
537,165,1,2025-12-22T13:00:00,1133.81,OK
538,61,2,2025-12-20T03:00:00,745.24,OK
539,46,5,2026-02-20T23:00:00,1021.07,OK
540,175,3,2025-12-06T09:00:00,1365.53,OK
541,150,6,2026-01-25T21:00:00,,COLLECT_FAILED
542,23,2,2026-02-20T09:00:00,763.15,OK
543,154,1,2025-12-08T00:00:00,209.03,OK
544,44,6,2026-02-24T13:00:00,1096.41,OK
545,9,7,2025-12-18T18:00:00,79.69,OK
546,169,2,2026-01-04T17:00:00,502.67,OK
547,53,1,2025-12-25T08:00:00,264.47,OK
548,128,1,2025-11-11T04:00:00,721.03,OK
549,187,5,2026-01-22T01:00:00,837.27,OK
550,91,6,2025-11-15T09:00:00,1108.13,OK
551,170,1,2025-11-10T02:00:00,621.0,OK
552,31,6,2026-01-05T00:00:00,1446.5,OK
553,183,5,2025-12-12T19:00:00,1125.11,OK
554,104,2,2025-11-04T03:00:00,322.18,OK
555,6,7,2026-02-05T01:00:00,1094.25,OK
556,13,5,2025-11-16T00:00:00,1050.51,OK
557,118,7,2026-01-05T22:00:00,27.27,OK
558,26,2,2025-11-13T02:00:00,673.16,OK
559,63,2,2026-01-29T16:00:00,1580.02,OK
560,170,2,2025-11-21T01:00:00,638.38,OK
561,192,4,2025-12-01T09:00:00,248.33,OK
562,46,7,2026-02-12T01:00:00,1048.32,OK
563,107,3,2025-12-05T11:00:00,406.33,OK
564,123,4,2026-02-07T22:00:00,136.94,OK
565,105,2,2025-11-08T14:00:00,56.26,OK
566,73,2,2026-02-17T00:00:00,933.97,OK
567,68,1,2026-02-21T01:00:00,,COLLECT_FAILED
568,83,3,2025-12-24T19:00:00,109.61,OK
569,66,7,2026-02-18T02:00:00,249.27,OK
570,92,1,2026-01-09T21:00:00,323.32,OK
571,105,3,2026-01-26T10:00:00,53.99,OK
572,191,5,2025-12-03T09:00:00,606.68,OK
573,61,7,2026-02-03T04:00:00,738.41,OK
574,63,6,2026-01-09T10:00:00,1220.35,OK
575,142,5,2025-11-14T13:00:00,215.63,OK
576,38,3,2025-11-30T22:00:00,437.54,OK
577,182,3,2025-12-24T07:00:00,1382.92,OK
578,31,3,2026-01-10T13:00:00,1565.18,OK
579,148,5,2026-01-27T00:00:00,822.91,OK
580,32,2,2026-02-25T21:00:00,442.97,OK
581,134,1,2026-01-18T22:00:00,,COLLECT_FAILED
582,17,6,2026-02-10T12:00:00,57.21,OK
583,179,6,2026-02-26T11:00:00,1298.82,OK
584,36,6,2025-12-15T12:00:00,,COLLECT_FAILED
585,181,5,2025-12-28T10:00:00,837.19,OK
586,147,7,2026-02-02T21:00:00,676.57,OK
587,153,2,2025-11-29T15:00:00,678.42,OK
588,114,3,2025-12-16T00:00:00,23.78,OK
589,125,1,2025-12-26T10:00:00,761.75,OK
590,75,5,2025-12-15T02:00:00,719.4,OK
591,39,6,2026-01-24T12:00:00,1329.44,OK
592,137,6,2026-02-14T14:00:00,493.93,OK
593,108,1,2025-12-13T05:00:00,,COLLECT_FAILED
594,162,2,2026-01-08T18:00:00,479.84,OK
595,39,4,2026-02-07T00:00:00,1492.73,OK
596,65,1,2026-02-12T13:00:00,227.81,OK
597,54,5,2026-02-12T23:00:00,138.45,OK
598,158,4,2026-01-27T01:00:00,934.03,OK
599,73,7,2025-12-27T21:00:00,913.9,OK
600,143,7,2025-12-14T05:00:00,1114.84,OK
601,181,4,2025-11-20T09:00:00,1012.33,OK
602,16,2,2026-02-13T12:00:00,200.68,OK
603,134,1,2025-10-29T07:00:00,1022.98,OK
604,165,7,2025-12-20T16:00:00,875.97,OK
605,75,2,2026-02-16T06:00:00,,COLLECT_FAILED
606,175,5,2026-01-12T04:00:00,1094.74,OK
607,101,5,2025-11-22T08:00:00,247.04,OK
608,119,3,2025-12-01T07:00:00,350.81,OK
609,24,3,2025-11-27T02:00:00,807.05,OK
610,171,2,2025-12-04T04:00:00,644.12,OK
611,185,7,2026-01-10T13:00:00,72.45,OK
612,41,1,2025-11-05T23:00:00,928.67,OK
613,107,7,2025-12-18T08:00:00,504.03,OK
614,142,5,2026-01-02T16:00:00,218.15,OK
615,193,2,2025-11-11T07:00:00,680.32,OK
616,121,4,2026-01-05T10:00:00,233.08,OK
617,147,3,2025-10-31T04:00:00,894.95,OK
618,18,3,2026-01-29T04:00:00,784.83,OK
619,39,6,2025-12-25T01:00:00,945.31,OK
620,99,4,2026-02-04T23:00:00,375.16,OK
621,197,2,2025-12-25T20:00:00,213.58,OK
622,117,1,2025-11-13T06:00:00,798.42,OK
623,110,4,2026-01-24T13:00:00,303.3,OK
624,38,2,2025-12-13T20:00:00,537.26,OK
625,112,6,2026-01-13T03:00:00,949.33,OK
626,162,4,2026-01-14T10:00:00,529.76,OK
627,32,1,2026-02-07T00:00:00,344.43,OK
628,83,6,2026-01-17T13:00:00,190.72,OK
629,171,3,2026-02-24T09:00:00,756.86,OK
630,161,5,2026-01-31T08:00:00,137.08,OK
631,116,7,2026-02-25T09:00:00,703.24,OK
632,184,2,2026-01-28T13:00:00,1192.33,OK
633,74,2,2026-02-02T07:00:00,308.29,OK
634,34,2,2025-11-30T20:00:00,272.78,OK
635,191,4,2026-02-18T23:00:00,537.62,OK
636,20,6,2025-11-15T21:00:00,740.41,OK
637,151,7,2026-01-26T07:00:00,201.92,OK
638,187,3,2025-11-20T16:00:00,729.98,OK
639,198,4,2025-11-30T02:00:00,364.49,OK
640,73,1,2025-11-15T18:00:00,1152.45,OK
641,16,7,2026-01-10T07:00:00,234.76,OK
642,2,3,2025-11-07T05:00:00,196.24,OK
643,146,2,2025-11-15T21:00:00,718.36,OK
644,34,2,2025-11-24T18:00:00,239.63,OK
645,85,1,2025-12-10T11:00:00,768.44,OK
646,64,3,2026-01-24T00:00:00,,COLLECT_FAILED
647,192,6,2025-12-16T01:00:00,281.01,OK
648,142,6,2025-12-10T07:00:00,,COLLECT_FAILED
649,54,4,2025-12-02T08:00:00,182.51,OK
650,59,3,2025-11-23T08:00:00,21.39,OK
651,141,2,2025-12-10T04:00:00,989.25,OK
652,136,5,2025-11-30T14:00:00,1044.85,OK
653,73,5,2025-12-21T00:00:00,903.1,OK
654,18,3,2026-01-14T11:00:00,1089.5,OK
655,35,7,2025-11-06T19:00:00,1119.96,OK
656,107,2,2026-01-07T15:00:00,438.2,OK
657,135,4,2026-02-19T15:00:00,990.7,OK
658,161,1,2026-01-23T03:00:00,,COLLECT_FAILED
659,28,5,2026-02-08T05:00:00,485.26,OK
660,114,4,2026-01-30T18:00:00,25.03,OK
661,198,5,2025-12-15T17:00:00,483.22,OK
662,200,4,2025-11-18T23:00:00,366.09,OK
663,51,4,2026-01-03T00:00:00,1347.85,OK
664,151,1,2025-11-24T09:00:00,254.97,OK
665,85,4,2025-12-14T03:00:00,589.31,OK
666,130,1,2025-11-25T19:00:00,381.32,OK
667,59,4,2026-02-05T19:00:00,35.25,OK
668,134,3,2026-02-17T06:00:00,636.42,OK
669,35,1,2026-02-12T17:00:00,1356.74,OK
670,110,5,2025-12-06T01:00:00,316.38,OK
671,8,4,2026-02-25T05:00:00,337.49,OK
672,193,5,2026-01-16T09:00:00,672.33,OK
673,106,5,2026-01-14T01:00:00,293.74,OK
674,66,3,2025-11-29T18:00:00,357.67,OK
675,131,6,2026-02-17T04:00:00,,COLLECT_FAILED
676,52,6,2025-11-07T15:00:00,383.64,OK
677,128,7,2026-01-21T06:00:00,622.5,OK
678,55,1,2025-12-01T07:00:00,274.43,OK
679,186,5,2025-12-14T17:00:00,713.89,OK
680,19,7,2026-01-29T06:00:00,716.36,OK
681,171,2,2026-01-08T10:00:00,768.68,OK
682,83,7,2026-01-26T01:00:00,128.68,OK
683,82,6,2025-12-15T06:00:00,96.18,OK
684,141,7,2026-02-23T04:00:00,933.63,OK
685,26,3,2026-02-03T20:00:00,524.02,OK
686,180,2,2025-11-25T20:00:00,591.27,OK
687,196,5,2026-01-03T21:00:00,186.68,OK
688,98,5,2026-02-18T18:00:00,1067.97,OK
689,49,3,2025-12-21T21:00:00,881.32,OK
690,8,7,2026-01-12T20:00:00,,COLLECT_FAILED
691,4,2,2026-01-17T10:00:00,645.87,OK
692,94,3,2026-02-04T22:00:00,,COLLECT_FAILED
693,52,6,2025-11-19T04:00:00,483.78,OK
694,102,1,2026-01-18T16:00:00,975.31,OK
695,118,5,2025-12-16T09:00:00,29.45,OK
696,22,3,2026-02-05T19:00:00,,COLLECT_FAILED
697,22,1,2026-02-25T03:00:00,478.89,OK
698,88,1,2026-01-06T13:00:00,649.29,OK
699,46,6,2025-11-09T00:00:00,877.24,OK
700,104,7,2026-01-13T04:00:00,342.26,OK
701,78,2,2025-11-13T00:00:00,1194.06,OK
702,72,4,2025-11-04T00:00:00,1089.76,OK
703,76,5,2026-01-17T23:00:00,841.18,OK
704,124,2,2026-01-20T14:00:00,345.07,OK
705,37,6,2026-02-21T00:00:00,461.12,OK
706,177,5,2025-12-01T10:00:00,1171.89,OK
707,146,2,2026-02-06T12:00:00,741.93,OK
708,97,3,2026-01-29T21:00:00,438.37,OK
709,190,2,2026-02-23T06:00:00,781.51,OK
710,134,2,2025-12-08T13:00:00,880.88,OK
711,121,5,2025-11-21T11:00:00,166.0,OK
712,153,2,2025-12-30T06:00:00,690.93,OK
713,65,5,2026-01-30T19:00:00,297.2,OK
714,127,3,2026-02-08T12:00:00,197.53,OK
715,115,3,2026-02-19T21:00:00,1000.47,OK
716,116,7,2026-01-13T23:00:00,543.26,OK
717,108,6,2025-11-15T02:00:00,664.94,OK
718,92,4,2026-02-02T11:00:00,242.56,OK
719,172,5,2025-11-24T11:00:00,880.95,OK
720,7,1,2026-01-31T06:00:00,351.11,OK
721,167,1,2025-11-29T05:00:00,271.7,OK
722,79,4,2026-01-06T14:00:00,721.78,OK
723,74,1,2025-12-17T07:00:00,359.36,OK
724,3,2,2025-11-16T09:00:00,821.33,OK
725,147,2,2026-02-23T15:00:00,848.02,OK
726,5,5,2025-12-05T15:00:00,494.38,OK
727,105,1,2025-11-27T02:00:00,66.17,OK
728,141,4,2026-01-28T07:00:00,739.05,OK
729,26,3,2025-11-21T12:00:00,,COLLECT_FAILED
730,51,5,2025-11-06T02:00:00,1080.19,OK
731,37,6,2026-01-13T20:00:00,537.57,OK
732,88,7,2026-01-21T09:00:00,502.16,OK
733,44,7,2025-12-06T05:00:00,,COLLECT_FAILED
734,115,3,2026-01-17T17:00:00,1188.75,OK
735,93,1,2026-01-02T13:00:00,712.37,OK
736,49,7,2025-12-16T00:00:00,972.4,OK
737,71,7,2026-01-25T17:00:00,832.94,OK
738,34,6,2025-11-21T00:00:00,218.22,OK
739,36,2,2026-02-11T20:00:00,623.95,OK
740,169,1,2025-12-04T17:00:00,345.21,OK
741,178,2,2025-12-21T08:00:00,442.2,OK
742,122,7,2026-02-19T03:00:00,850.76,OK
743,112,1,2026-02-19T04:00:00,739.22,OK
744,195,1,2026-02-23T08:00:00,409.56,OK
745,99,7,2025-12-14T03:00:00,327.67,OK
746,165,4,2026-01-14T18:00:00,1458.82,OK
747,101,2,2025-12-03T04:00:00,201.26,OK
748,104,6,2026-01-20T20:00:00,331.02,OK
749,183,7,2025-11-09T03:00:00,1004.01,OK
750,132,6,2025-12-04T00:00:00,1126.82,OK
751,179,2,2026-01-07T05:00:00,,COLLECT_FAILED
752,76,7,2026-02-03T01:00:00,548.48,OK
753,195,6,2025-12-20T11:00:00,493.59,OK
754,22,5,2026-02-20T06:00:00,594.14,OK
755,122,3,2026-01-17T14:00:00,1160.39,OK
756,198,3,2025-12-07T18:00:00,479.24,OK
757,7,3,2025-10-31T21:00:00,598.73,OK
758,52,2,2025-11-10T12:00:00,616.3,OK
759,74,1,2026-02-18T12:00:00,423.96,OK
760,121,6,2026-02-20T17:00:00,263.02,OK
761,174,6,2026-02-17T03:00:00,319.89,OK
762,110,6,2026-01-24T06:00:00,305.01,OK
763,183,3,2025-12-31T22:00:00,976.09,OK
764,126,2,2025-12-13T04:00:00,304.82,OK
765,20,1,2025-11-02T22:00:00,,COLLECT_FAILED
766,70,1,2026-01-10T09:00:00,774.36,OK
767,125,7,2026-02-24T17:00:00,1204.42,OK
768,128,1,2025-12-27T16:00:00,753.23,OK
769,6,7,2025-11-12T09:00:00,1516.12,OK
770,135,3,2026-02-01T17:00:00,1017.19,OK
771,38,2,2026-02-23T02:00:00,396.08,OK
772,39,7,2025-11-30T23:00:00,1413.2,OK
773,99,4,2025-11-14T05:00:00,251.93,OK
774,184,3,2025-11-16T08:00:00,1291.0,OK
775,181,6,2026-02-14T08:00:00,801.13,OK
776,154,3,2025-10-31T12:00:00,211.29,OK
777,174,5,2025-12-26T15:00:00,311.62,OK
778,187,3,2025-12-14T23:00:00,,COLLECT_FAILED
779,52,7,2026-01-25T20:00:00,498.43,OK
780,199,2,2026-01-05T17:00:00,563.98,OK
781,77,5,2026-02-01T00:00:00,680.9,OK
782,95,3,2026-01-14T04:00:00,391.32,OK
783,157,4,2026-02-25T22:00:00,1046.54,OK
784,126,7,2025-11-06T19:00:00,,COLLECT_FAILED
785,82,6,2025-11-22T11:00:00,87.66,OK
786,7,7,2025-12-26T18:00:00,430.93,OK
787,191,4,2025-11-12T21:00:00,415.75,OK
788,132,1,2026-01-05T13:00:00,859.4,OK
789,110,3,2025-12-28T20:00:00,332.1,OK
790,106,6,2026-01-20T20:00:00,216.61,OK
791,115,4,2026-01-12T09:00:00,,COLLECT_FAILED
792,194,4,2026-01-13T08:00:00,264.7,OK
793,59,7,2026-01-20T02:00:00,,COLLECT_FAILED
794,114,7,2025-11-24T12:00:00,26.5,OK
795,181,6,2025-12-16T12:00:00,788.06,OK
796,141,4,2026-02-11T19:00:00,1052.61,OK
797,67,3,2025-12-09T09:00:00,717.79,OK
798,185,6,2025-11-18T16:00:00,54.87,OK
799,8,4,2025-11-18T04:00:00,305.05,OK
800,22,6,2025-10-29T05:00:00,,COLLECT_FAILED
801,23,3,2025-12-04T13:00:00,,COLLECT_FAILED
802,46,5,2025-11-08T20:00:00,1172.71,OK
803,162,2,2026-01-06T20:00:00,482.03,OK
804,198,6,2026-01-23T11:00:00,475.26,OK
805,57,2,2025-12-17T17:00:00,1072.75,OK
806,14,2,2025-12-08T10:00:00,,COLLECT_FAILED
807,41,6,2025-11-03T12:00:00,684.26,OK
808,28,3,2025-11-02T22:00:00,465.42,OK
809,9,2,2025-11-30T05:00:00,,COLLECT_FAILED
810,81,1,2026-01-19T22:00:00,68.64,OK
811,18,1,2025-11-20T06:00:00,798.82,OK
812,125,2,2025-11-07T11:00:00,1007.2,OK
813,61,4,2025-10-30T04:00:00,1103.32,OK
814,119,4,2026-02-11T21:00:00,269.02,OK
815,73,5,2025-12-03T09:00:00,1158.37,OK
816,78,1,2026-02-26T08:00:00,859.13,OK
817,92,7,2026-02-08T22:00:00,204.92,OK
818,123,4,2025-11-26T11:00:00,122.3,OK
819,26,5,2025-12-20T12:00:00,618.79,OK
820,91,2,2026-01-26T08:00:00,863.53,OK
821,32,1,2025-11-15T10:00:00,555.03,OK
822,113,4,2026-02-23T18:00:00,825.78,OK
823,118,2,2025-12-06T13:00:00,23.77,OK
824,68,1,2026-01-23T15:00:00,796.14,OK
825,196,3,2025-12-27T06:00:00,152.59,OK
826,118,7,2026-02-09T23:00:00,29.61,OK
827,51,3,2026-02-06T13:00:00,822.4,OK
828,159,5,2025-12-30T13:00:00,,COLLECT_FAILED
829,103,4,2025-11-07T02:00:00,183.36,OK
830,91,6,2025-12-18T10:00:00,,COLLECT_FAILED
831,34,7,2025-11-23T08:00:00,192.92,OK
832,9,2,2026-01-22T21:00:00,94.75,OK
833,101,2,2025-12-20T11:00:00,153.63,OK
834,136,2,2026-02-20T21:00:00,931.66,OK
835,173,6,2026-02-09T10:00:00,51.78,OK
836,187,3,2026-01-05T23:00:00,891.01,OK
837,143,6,2025-11-16T15:00:00,,COLLECT_FAILED
838,36,7,2025-12-19T15:00:00,866.05,OK
839,67,3,2026-01-01T15:00:00,673.42,OK
840,93,4,2025-12-14T19:00:00,548.98,OK
841,17,7,2025-12-19T18:00:00,75.92,OK
842,181,5,2025-11-05T13:00:00,687.53,OK
843,49,3,2026-01-09T20:00:00,843.58,OK
844,89,1,2025-12-29T07:00:00,752.88,OK
845,167,5,2025-10-31T19:00:00,272.06,OK
846,197,5,2025-12-06T13:00:00,235.36,OK
847,146,4,2025-11-05T02:00:00,681.31,OK
848,177,5,2025-11-25T05:00:00,1201.27,OK
849,9,6,2025-10-29T08:00:00,68.42,OK
850,169,4,2026-01-02T13:00:00,,COLLECT_FAILED
851,56,6,2025-12-07T04:00:00,940.26,OK
852,97,6,2026-01-23T08:00:00,439.82,OK
853,30,6,2026-02-15T08:00:00,336.38,OK
854,170,6,2025-11-16T12:00:00,953.05,OK
855,2,2,2026-02-08T23:00:00,159.7,OK
856,149,7,2026-01-16T04:00:00,131.78,OK
857,6,6,2025-12-20T17:00:00,1299.53,OK
858,45,6,2025-12-31T17:00:00,59.16,OK
859,138,2,2026-01-01T12:00:00,722.24,OK
860,182,6,2025-12-30T23:00:00,1083.26,OK
861,2,5,2026-02-16T03:00:00,170.15,OK
862,43,7,2026-01-06T21:00:00,,COLLECT_FAILED
863,138,6,2026-02-19T05:00:00,665.35,OK
864,180,1,2025-11-18T12:00:00,519.39,OK
865,186,2,2026-01-26T20:00:00,932.28,OK
866,178,2,2026-01-06T02:00:00,316.2,OK
867,13,1,2025-11-22T06:00:00,1143.97,OK
868,31,1,2026-02-15T19:00:00,886.7,OK
869,119,2,2026-02-04T21:00:00,,COLLECT_FAILED
870,126,3,2025-12-03T03:00:00,388.7,OK
871,58,5,2025-12-16T20:00:00,1143.22,OK
872,72,7,2026-02-24T05:00:00,1414.37,OK
873,63,3,2026-01-20T11:00:00,1325.81,OK
874,36,4,2025-11-19T11:00:00,583.67,OK
875,187,5,2025-11-07T01:00:00,848.39,OK
876,97,7,2026-01-29T06:00:00,437.53,OK
877,71,2,2025-12-04T12:00:00,1011.7,OK
878,161,5,2026-02-16T19:00:00,112.17,OK
879,7,1,2026-02-03T17:00:00,522.91,OK
880,199,7,2025-11-22T03:00:00,525.01,OK
881,160,7,2025-11-05T03:00:00,726.82,OK
882,118,6,2026-01-26T02:00:00,33.57,OK
883,41,2,2025-12-13T18:00:00,684.31,OK
884,152,3,2026-01-14T04:00:00,280.01,OK
885,150,4,2026-01-13T22:00:00,1319.4,OK
886,87,2,2026-01-27T08:00:00,901.46,OK
887,113,2,2026-01-14T00:00:00,1366.34,OK
888,98,4,2025-11-27T22:00:00,784.79,OK
889,175,7,2026-01-29T10:00:00,1332.97,OK
890,5,5,2026-02-24T17:00:00,370.5,OK
891,101,3,2026-01-20T17:00:00,215.11,OK
892,85,6,2025-11-10T17:00:00,510.78,OK
893,144,2,2025-11-11T18:00:00,238.25,OK
894,109,3,2026-02-21T05:00:00,301.17,OK
895,136,1,2025-12-24T15:00:00,1092.91,OK
896,57,6,2026-01-08T15:00:00,926.69,OK
897,16,2,2025-11-07T03:00:00,143.67,OK
898,120,7,2025-12-15T06:00:00,639.75,OK
899,52,3,2026-01-05T07:00:00,605.43,OK
900,8,4,2026-01-13T12:00:00,216.97,OK
901,127,7,2026-01-18T09:00:00,156.5,OK
902,47,2,2026-01-19T23:00:00,395.39,OK
903,184,4,2025-12-25T20:00:00,1104.42,OK
904,164,2,2025-12-18T11:00:00,925.1,OK
905,125,6,2026-02-19T10:00:00,818.41,OK
906,166,2,2026-02-13T07:00:00,229.97,OK
907,194,5,2025-12-10T03:00:00,424.28,OK
908,155,5,2026-02-09T18:00:00,965.71,OK
909,198,5,2025-11-23T13:00:00,410.22,OK
910,35,6,2025-12-08T00:00:00,1032.89,OK
911,6,4,2026-01-29T13:00:00,1678.41,OK
912,116,3,2026-01-08T13:00:00,787.38,OK
913,194,6,2025-11-28T07:00:00,433.93,OK
914,167,1,2025-11-16T18:00:00,261.64,OK
915,5,3,2025-12-08T11:00:00,,COLLECT_FAILED
916,188,3,2026-02-14T00:00:00,106.49,OK
917,145,6,2025-12-09T14:00:00,422.23,OK
918,143,6,2025-12-28T19:00:00,818.66,OK
919,37,4,2026-02-13T11:00:00,558.4,OK
920,34,7,2026-02-25T13:00:00,277.16,OK
921,188,7,2025-11-07T14:00:00,101.42,OK
922,128,6,2026-02-06T17:00:00,794.75,OK
923,65,7,2025-12-29T15:00:00,228.45,OK
924,151,1,2025-12-09T06:00:00,270.61,OK
925,126,7,2026-01-18T11:00:00,464.32,OK
926,137,3,2026-01-03T03:00:00,471.96,OK
927,191,1,2025-11-18T12:00:00,417.8,OK
928,165,5,2025-12-04T07:00:00,1198.65,OK
929,172,5,2025-12-15T09:00:00,,COLLECT_FAILED
930,78,1,2025-11-30T09:00:00,868.75,OK
931,178,6,2026-01-12T20:00:00,351.79,OK
932,129,1,2025-12-02T03:00:00,797.54,OK
933,25,3,2026-02-02T03:00:00,519.32,OK
934,39,3,2026-02-07T23:00:00,912.89,OK
935,148,7,2025-11-30T08:00:00,725.58,OK
936,172,4,2025-12-15T02:00:00,874.76,OK
937,140,2,2025-11-05T14:00:00,124.0,OK
938,169,1,2025-12-13T06:00:00,541.27,OK
939,130,6,2026-01-15T04:00:00,282.37,OK
940,99,1,2026-01-26T21:00:00,,COLLECT_FAILED
941,118,5,2025-12-20T03:00:00,31.33,OK
942,134,6,2025-11-27T04:00:00,675.41,OK
943,101,4,2025-10-30T12:00:00,216.01,OK
944,194,2,2026-02-06T17:00:00,423.15,OK
945,136,7,2026-01-21T15:00:00,1277.14,OK
946,24,4,2025-12-16T01:00:00,818.77,OK
947,153,6,2026-01-10T01:00:00,646.1,OK
948,22,4,2025-11-20T00:00:00,,COLLECT_FAILED
949,165,6,2026-01-18T04:00:00,1282.37,OK
950,50,4,2026-02-11T16:00:00,90.15,OK
951,171,6,2025-11-04T07:00:00,787.55,OK
952,59,2,2026-02-14T03:00:00,29.04,OK
953,122,7,2026-02-21T15:00:00,1234.13,OK
954,93,4,2025-11-12T21:00:00,461.98,OK
955,125,2,2026-01-02T23:00:00,963.33,OK
956,175,3,2026-02-17T11:00:00,1371.53,OK
957,191,1,2025-12-06T11:00:00,,COLLECT_FAILED
958,14,3,2025-12-18T01:00:00,1254.52,OK
959,76,3,2026-02-13T01:00:00,769.96,OK
960,44,4,2025-11-18T20:00:00,950.83,OK
961,138,5,2025-12-19T22:00:00,442.25,OK
962,111,7,2025-11-21T15:00:00,824.36,OK
963,42,6,2026-01-23T08:00:00,466.5,OK
964,81,7,2025-12-12T14:00:00,83.97,OK
965,94,5,2026-02-13T17:00:00,762.91,OK
966,149,5,2025-11-20T18:00:00,112.47,OK
967,142,2,2025-11-19T18:00:00,266.75,OK
968,126,1,2026-01-07T06:00:00,311.29,OK
969,197,3,2026-01-02T07:00:00,302.5,OK
970,193,2,2025-11-22T05:00:00,895.95,OK
971,166,7,2025-12-30T11:00:00,189.03,OK
972,85,4,2025-12-04T06:00:00,587.47,OK
973,19,2,2026-02-15T14:00:00,746.09,OK
974,109,4,2025-12-05T11:00:00,525.84,OK
975,176,4,2025-11-15T00:00:00,322.66,OK
976,182,5,2026-01-22T16:00:00,,COLLECT_FAILED
977,128,2,2026-01-18T13:00:00,683.24,OK
978,154,5,2025-12-14T07:00:00,291.81,OK
979,18,1,2025-12-09T15:00:00,1114.79,OK
980,173,2,2025-11-27T17:00:00,38.34,OK
981,54,5,2025-12-16T11:00:00,,COLLECT_FAILED
982,80,3,2025-12-25T21:00:00,990.35,OK
983,148,5,2025-12-01T10:00:00,675.99,OK
984,148,3,2025-10-31T04:00:00,589.84,OK
985,179,5,2026-01-07T22:00:00,1013.34,OK
986,117,4,2025-11-14T15:00:00,581.65,OK
987,27,7,2025-11-04T20:00:00,364.2,OK
988,8,3,2025-11-10T17:00:00,365.35,OK
989,154,2,2025-11-11T19:00:00,199.91,OK
990,151,6,2025-12-26T18:00:00,268.92,OK
991,117,2,2026-02-11T08:00:00,732.72,OK
992,174,2,2026-02-10T03:00:00,365.8,OK
993,159,1,2025-12-29T16:00:00,449.1,OK
994,182,5,2026-01-22T13:00:00,1244.09,OK
995,182,5,2025-11-17T21:00:00,1161.69,OK
996,81,7,2026-01-24T09:00:00,62.59,OK
997,107,7,2025-11-22T07:00:00,,COLLECT_FAILED
998,184,1,2025-12-08T20:00:00,1314.5,OK
999,34,1,2025-11-14T13:00:00,301.9,OK
1000,60,4,2025-11-09T16:00:00,397.16,OK
1001,105,2,2025-11-22T07:00:00,91.4,OK
1002,170,2,2025-11-23T07:00:00,789.32,OK
1003,200,4,2026-01-26T21:00:00,340.9,OK
1004,193,5,2025-12-30T19:00:00,,COLLECT_FAILED
1005,12,4,2025-12-25T01:00:00,,COLLECT_FAILED
1006,136,6,2025-11-22T22:00:00,1270.43,OK
1007,107,7,2025-12-24T20:00:00,557.99,OK
1008,42,7,2025-12-22T22:00:00,323.53,OK
1009,56,1,2025-11-22T10:00:00,1213.53,OK
1010,44,6,2025-12-27T07:00:00,941.9,OK
1011,68,2,2025-12-27T07:00:00,1146.76,OK
1012,70,2,2025-12-29T13:00:00,676.77,OK
1013,7,6,2026-01-09T14:00:00,575.46,OK
1014,140,1,2025-11-13T01:00:00,181.8,OK
1015,55,1,2026-01-03T15:00:00,352.67,OK
1016,163,3,2025-12-18T07:00:00,1410.39,OK
1017,49,6,2026-01-23T23:00:00,749.96,OK
1018,56,2,2025-12-20T04:00:00,935.48,OK
1019,140,5,2025-12-02T06:00:00,123.89,OK
1020,135,1,2025-12-07T09:00:00,,COLLECT_FAILED
1021,10,5,2026-02-03T20:00:00,393.29,OK
1022,31,5,2026-01-23T23:00:00,1020.47,OK
1023,179,4,2025-12-30T13:00:00,1497.52,OK
1024,64,2,2026-01-08T10:00:00,1128.0,OK
1025,132,5,2025-11-10T15:00:00,868.94,OK
1026,173,5,2026-01-05T09:00:00,43.84,OK
1027,54,5,2025-12-02T20:00:00,210.24,OK
1028,27,7,2025-11-28T01:00:00,226.54,OK
1029,183,4,2025-11-19T02:00:00,960.92,OK
1030,81,6,2025-12-22T01:00:00,101.45,OK
1031,63,3,2026-01-09T12:00:00,1080.78,OK
1032,196,2,2025-11-03T08:00:00,120.93,OK
1033,103,6,2025-11-05T04:00:00,256.93,OK
1034,117,4,2026-01-27T23:00:00,777.06,OK
1035,47,5,2025-11-18T08:00:00,276.98,OK
1036,113,1,2025-12-07T20:00:00,903.66,OK
1037,173,1,2025-11-26T03:00:00,35.13,OK
1038,60,4,2025-12-03T17:00:00,425.78,OK
1039,89,7,2026-01-19T12:00:00,602.27,OK
1040,188,5,2025-11-10T22:00:00,96.44,OK
1041,138,6,2025-12-07T11:00:00,626.49,OK
1042,170,5,2026-01-24T01:00:00,601.15,OK
1043,148,7,2026-01-25T06:00:00,855.04,OK
1044,188,6,2026-01-17T03:00:00,65.8,OK
1045,180,5,2026-02-19T19:00:00,343.77,OK
1046,24,3,2025-12-08T04:00:00,577.48,OK
1047,190,6,2025-12-20T00:00:00,817.45,OK
1048,40,3,2025-10-31T05:00:00,,COLLECT_FAILED
1049,141,6,2025-11-14T15:00:00,947.44,OK
1050,185,5,2025-12-28T17:00:00,52.98,OK
1051,14,4,2026-01-17T09:00:00,788.46,OK
1052,134,1,2026-02-13T11:00:00,984.35,OK
1053,93,4,2026-02-02T19:00:00,708.1,OK
1054,74,6,2026-02-26T01:00:00,320.19,OK
1055,103,3,2026-01-03T08:00:00,189.53,OK
1056,161,1,2025-11-12T05:00:00,142.05,OK
1057,176,2,2026-02-14T10:00:00,374.41,OK
1058,145,4,2026-02-10T20:00:00,615.96,OK
1059,174,3,2025-11-23T11:00:00,375.59,OK
1060,70,4,2026-02-17T03:00:00,653.19,OK
1061,77,2,2026-02-23T03:00:00,768.38,OK
1062,162,6,2025-11-28T12:00:00,542.03,OK
1063,162,1,2025-10-30T00:00:00,431.26,OK
1064,183,3,2025-12-29T03:00:00,1238.04,OK
1065,99,5,2025-12-12T01:00:00,272.71,OK
1066,97,1,2026-01-01T22:00:00,481.92,OK
1067,14,5,2026-01-25T03:00:00,974.27,OK
1068,40,1,2025-11-20T03:00:00,39.48,OK
1069,176,3,2025-11-21T10:00:00,263.56,OK
1070,164,7,2025-12-22T08:00:00,1170.42,OK
1071,75,6,2025-11-11T17:00:00,754.77,OK
1072,74,6,2025-11-05T14:00:00,376.56,OK
1073,16,5,2026-01-06T01:00:00,,COLLECT_FAILED
1074,187,4,2026-01-17T23:00:00,866.12,OK
1075,117,3,2025-11-19T20:00:00,615.08,OK
1076,130,1,2026-01-05T11:00:00,382.6,OK
1077,129,1,2025-12-23T06:00:00,999.37,OK
1078,161,1,2026-01-06T18:00:00,,COLLECT_FAILED
1079,111,5,2026-01-23T20:00:00,847.98,OK
1080,62,2,2026-01-02T22:00:00,122.88,OK
1081,61,3,2026-01-14T05:00:00,1074.83,OK
1082,94,4,2026-02-06T10:00:00,730.74,OK
1083,142,1,2025-12-04T01:00:00,260.2,OK
1084,173,1,2025-11-26T15:00:00,49.0,OK
1085,173,2,2025-12-23T23:00:00,32.77,OK
1086,126,1,2025-11-18T05:00:00,318.88,OK
1087,110,4,2025-12-02T09:00:00,321.1,OK
1088,196,3,2026-02-17T08:00:00,117.37,OK
1089,14,3,2025-11-05T03:00:00,1086.39,OK
1090,39,5,2025-12-04T17:00:00,1215.09,OK
1091,38,2,2025-12-23T00:00:00,538.27,OK
1092,156,4,2025-12-12T08:00:00,,COLLECT_FAILED
1093,19,2,2025-11-21T15:00:00,648.88,OK
1094,11,5,2026-01-02T09:00:00,783.21,OK
1095,109,4,2025-12-27T13:00:00,314.16,OK
1096,54,4,2025-11-14T12:00:00,,COLLECT_FAILED
1097,63,7,2025-12-09T01:00:00,1568.33,OK
1098,159,5,2026-02-16T15:00:00,365.08,OK
1099,158,4,2025-12-02T14:00:00,1327.38,OK
1100,57,1,2025-12-18T04:00:00,843.89,OK
1101,195,7,2026-02-22T21:00:00,,COLLECT_FAILED
1102,126,1,2026-01-13T22:00:00,276.1,OK
1103,174,5,2025-12-22T07:00:00,465.09,OK
1104,125,1,2026-01-27T19:00:00,1117.65,OK
1105,185,5,2025-12-10T22:00:00,62.41,OK
1106,50,4,2026-01-23T13:00:00,92.1,OK
1107,112,7,2025-11-01T01:00:00,690.86,OK
1108,5,5,2026-02-16T06:00:00,605.66,OK
1109,130,7,2025-11-10T16:00:00,429.78,OK
1110,126,4,2026-01-10T06:00:00,321.76,OK
1111,155,2,2025-11-10T19:00:00,840.09,OK
1112,14,1,2025-12-13T20:00:00,850.11,OK
1113,91,5,2026-01-17T09:00:00,1242.15,OK
1114,53,2,2025-12-28T21:00:00,,COLLECT_FAILED
1115,19,5,2026-02-01T14:00:00,511.5,OK
1116,142,4,2025-11-02T21:00:00,247.17,OK
1117,29,4,2026-02-20T18:00:00,,COLLECT_FAILED
1118,102,1,2026-01-30T14:00:00,891.01,OK
1119,27,4,2025-12-14T16:00:00,265.23,OK
1120,182,5,2026-01-24T14:00:00,1047.32,OK
1121,163,7,2025-12-06T10:00:00,924.19,OK
1122,113,3,2025-11-21T18:00:00,1261.84,OK
1123,142,4,2025-12-08T04:00:00,271.84,OK
1124,170,1,2026-02-15T15:00:00,937.98,OK
1125,157,2,2026-02-01T09:00:00,1054.91,OK
1126,47,3,2025-12-02T06:00:00,351.07,OK
1127,98,5,2026-01-05T03:00:00,836.44,OK
1128,7,1,2025-11-09T22:00:00,456.47,OK
1129,103,3,2026-02-14T22:00:00,224.06,OK
1130,61,3,2026-01-11T13:00:00,903.57,OK
1131,140,6,2026-02-19T03:00:00,184.19,OK
1132,14,4,2026-01-06T04:00:00,722.91,OK
1133,176,7,2025-12-27T09:00:00,365.81,OK
1134,27,2,2026-01-03T00:00:00,216.64,OK
1135,188,6,2025-11-09T18:00:00,87.01,OK
1136,188,4,2026-01-26T01:00:00,90.37,OK
1137,127,5,2026-02-09T17:00:00,188.41,OK
1138,30,1,2025-12-11T03:00:00,409.95,OK
1139,170,5,2025-12-31T19:00:00,911.59,OK
1140,26,7,2026-01-08T18:00:00,590.89,OK
1141,195,5,2025-11-05T21:00:00,448.14,OK
1142,140,1,2026-02-23T16:00:00,173.12,OK
1143,84,2,2026-01-15T09:00:00,301.96,OK
1144,157,2,2026-01-15T08:00:00,963.95,OK
1145,16,2,2026-02-25T23:00:00,210.76,OK
1146,84,6,2026-01-12T00:00:00,268.51,OK
1147,140,4,2025-10-29T08:00:00,152.56,OK
1148,15,6,2026-01-16T19:00:00,540.22,OK
1149,37,2,2026-02-10T13:00:00,413.99,OK
1150,52,6,2026-02-01T16:00:00,566.36,OK
1151,54,2,2025-12-06T22:00:00,228.32,OK
1152,51,7,2026-02-26T20:00:00,983.67,OK
1153,52,2,2025-12-01T00:00:00,447.21,OK
1154,62,2,2026-02-09T09:00:00,146.58,OK
1155,4,3,2025-11-13T04:00:00,567.43,OK
1156,168,3,2026-01-19T09:00:00,988.69,OK
1157,4,5,2025-12-07T01:00:00,520.16,OK
1158,8,7,2025-11-24T10:00:00,356.4,OK
1159,4,7,2025-11-25T07:00:00,512.65,OK
1160,124,5,2026-01-18T14:00:00,395.62,OK
1161,75,6,2025-12-05T18:00:00,875.47,OK
1162,199,4,2025-12-23T15:00:00,389.62,OK
1163,18,6,2026-02-17T08:00:00,1259.8,OK
1164,51,2,2025-11-24T12:00:00,1317.47,OK
1165,55,4,2025-11-28T14:00:00,265.68,OK
1166,16,2,2026-01-26T01:00:00,240.44,OK
1167,29,4,2026-01-27T01:00:00,229.03,OK
1168,194,7,2026-01-21T13:00:00,384.02,OK
1169,61,4,2025-11-15T19:00:00,802.66,OK
1170,4,2,2026-01-23T03:00:00,560.48,OK
1171,1,2,2026-01-01T17:00:00,104.7,OK
1172,158,5,2026-02-10T10:00:00,888.64,OK
1173,7,2,2026-02-03T05:00:00,428.95,OK
1174,151,6,2025-12-26T14:00:00,184.0,OK
1175,1,7,2026-02-03T06:00:00,108.38,OK
1176,180,3,2026-02-25T06:00:00,555.03,OK
1177,91,4,2025-12-29T07:00:00,1083.27,OK
1178,98,3,2025-11-04T01:00:00,,COLLECT_FAILED
1179,135,6,2026-02-15T10:00:00,624.47,OK
1180,10,2,2026-02-06T06:00:00,251.0,OK
1181,77,2,2025-11-26T19:00:00,615.67,OK
1182,189,2,2026-01-30T20:00:00,569.89,OK
1183,59,7,2026-02-22T23:00:00,31.0,OK
1184,43,5,2026-01-15T12:00:00,398.54,OK
1185,34,5,2026-02-01T03:00:00,190.25,OK
1186,129,4,2025-12-06T19:00:00,572.12,OK
1187,116,3,2026-02-07T23:00:00,469.15,OK
1188,84,3,2026-01-07T05:00:00,206.31,OK
1189,111,1,2026-01-02T02:00:00,564.81,OK
1190,30,3,2026-01-27T08:00:00,379.19,OK
1191,127,7,2026-01-27T00:00:00,,COLLECT_FAILED
1192,158,4,2026-02-10T09:00:00,1067.45,OK
1193,189,5,2025-12-26T12:00:00,,COLLECT_FAILED
1194,163,2,2026-01-16T20:00:00,1140.86,OK
1195,113,4,2025-12-26T16:00:00,1111.97,OK
1196,149,1,2026-01-22T20:00:00,162.04,OK
1197,128,3,2025-11-19T12:00:00,810.75,OK
1198,80,2,2026-02-18T15:00:00,784.58,OK
1199,136,5,2025-12-28T02:00:00,1040.56,OK
1200,157,3,2026-01-27T02:00:00,1151.66,OK
1201,119,1,2025-12-23T06:00:00,,COLLECT_FAILED
1202,48,5,2025-11-05T15:00:00,7.97,OK
1203,161,5,2025-11-21T08:00:00,129.71,OK
1204,129,1,2026-02-03T03:00:00,804.61,OK
1205,18,2,2025-11-21T23:00:00,814.14,OK
1206,24,4,2026-01-23T07:00:00,872.27,OK
1207,182,1,2025-11-08T13:00:00,1053.02,OK
1208,67,5,2025-11-01T09:00:00,853.52,OK
1209,35,1,2025-12-22T10:00:00,827.2,OK
1210,187,1,2025-11-26T03:00:00,910.9,OK
1211,141,5,2026-01-22T19:00:00,969.52,OK
1212,93,5,2026-01-25T00:00:00,507.42,OK
1213,106,5,2025-12-19T02:00:00,216.46,OK
1214,18,2,2026-01-14T04:00:00,1027.7,OK
1215,99,7,2026-02-08T20:00:00,256.62,OK
1216,198,2,2026-01-03T14:00:00,443.0,OK
1217,171,4,2025-12-04T10:00:00,509.32,OK
1218,59,3,2025-12-04T13:00:00,,COLLECT_FAILED
1219,34,4,2026-01-22T02:00:00,273.49,OK
1220,153,6,2026-02-03T10:00:00,488.98,OK
1221,154,3,2025-10-31T16:00:00,234.99,OK
1222,81,2,2026-01-06T23:00:00,80.3,OK
1223,75,4,2025-11-25T03:00:00,554.13,OK
1224,126,3,2026-02-26T05:00:00,412.3,OK
1225,99,1,2026-02-07T04:00:00,296.61,OK
1226,14,1,2025-11-26T10:00:00,1133.63,OK
1227,110,3,2025-12-23T23:00:00,513.89,OK
1228,50,2,2026-01-12T03:00:00,114.0,OK
1229,160,7,2025-12-08T08:00:00,1099.67,OK
1230,139,5,2025-10-30T21:00:00,489.61,OK
1231,163,5,2026-01-18T12:00:00,1293.62,OK
1232,68,1,2025-11-29T22:00:00,,COLLECT_FAILED
1233,45,2,2025-12-12T11:00:00,60.18,OK
1234,197,5,2026-02-16T17:00:00,288.34,OK
1235,188,1,2025-12-28T02:00:00,68.47,OK
1236,81,7,2026-02-08T02:00:00,63.87,OK
1237,114,5,2025-11-10T20:00:00,19.4,OK
1238,149,4,2025-12-27T14:00:00,128.23,OK
1239,182,3,2025-12-14T15:00:00,1271.85,OK
1240,58,4,2025-12-17T09:00:00,1241.06,OK
1241,90,3,2025-12-13T01:00:00,580.22,OK
1242,21,7,2025-12-22T05:00:00,1283.8,OK
1243,73,6,2025-12-22T21:00:00,1021.73,OK
1244,111,2,2026-01-30T09:00:00,751.77,OK
1245,67,4,2026-02-07T02:00:00,682.75,OK
1246,185,2,2026-02-05T12:00:00,83.83,OK
1247,107,1,2026-01-14T03:00:00,506.96,OK
1248,79,1,2025-12-27T02:00:00,535.76,OK
1249,162,7,2026-02-04T03:00:00,,COLLECT_FAILED
1250,183,1,2025-12-27T15:00:00,1096.09,OK
1251,83,6,2025-12-10T11:00:00,124.89,OK
1252,23,6,2026-01-26T20:00:00,754.37,OK
1253,188,1,2025-11-26T20:00:00,72.44,OK
1254,74,6,2025-12-01T22:00:00,302.31,OK
1255,90,5,2026-02-08T14:00:00,719.06,OK
1256,199,3,2025-11-24T03:00:00,544.57,OK
1257,79,2,2025-12-19T20:00:00,520.59,OK
1258,187,4,2025-12-02T05:00:00,1089.13,OK
1259,10,3,2026-02-18T23:00:00,259.68,OK
1260,20,3,2025-12-13T15:00:00,825.53,OK
1261,169,7,2026-02-09T02:00:00,550.02,OK
1262,149,3,2026-02-07T08:00:00,114.25,OK
1263,35,4,2026-02-19T11:00:00,824.51,OK
1264,187,6,2026-02-17T16:00:00,937.42,OK
1265,75,2,2026-01-28T12:00:00,994.38,OK
1266,165,1,2026-01-27T20:00:00,1063.26,OK
1267,73,1,2025-12-30T04:00:00,,COLLECT_FAILED
1268,198,2,2025-11-21T02:00:00,,COLLECT_FAILED
1269,27,4,2026-02-19T23:00:00,271.22,OK
1270,160,4,2026-02-25T05:00:00,640.61,OK
1271,121,7,2026-02-11T09:00:00,170.08,OK
1272,173,5,2026-01-22T00:00:00,32.73,OK
1273,165,5,2026-01-23T18:00:00,1525.9,OK
1274,30,1,2025-11-22T05:00:00,452.76,OK
1275,126,1,2025-12-28T08:00:00,427.67,OK
1276,89,6,2026-01-06T02:00:00,955.2,OK
1277,62,4,2025-12-17T07:00:00,150.63,OK
1278,172,4,2025-12-07T03:00:00,772.9,OK
1279,195,3,2026-01-09T06:00:00,436.18,OK
1280,107,2,2025-12-22T13:00:00,,COLLECT_FAILED
1281,194,6,2025-12-04T01:00:00,345.7,OK
1282,44,5,2025-12-08T22:00:00,,COLLECT_FAILED
1283,121,1,2025-11-15T22:00:00,247.37,OK
1284,182,4,2026-01-28T13:00:00,1327.99,OK
1285,31,2,2026-01-26T21:00:00,935.19,OK
1286,126,6,2026-02-20T11:00:00,408.22,OK
1287,80,4,2025-11-05T08:00:00,1250.94,OK
1288,147,6,2025-12-05T06:00:00,838.21,OK
1289,149,4,2025-12-11T02:00:00,102.23,OK
1290,188,2,2026-01-29T09:00:00,89.34,OK
1291,19,5,2026-01-15T02:00:00,467.83,OK
1292,103,4,2026-02-20T11:00:00,211.58,OK
1293,153,2,2025-11-22T00:00:00,738.24,OK
1294,113,4,2025-11-11T02:00:00,1173.31,OK
1295,4,4,2025-12-14T01:00:00,413.98,OK
1296,89,3,2026-02-07T07:00:00,758.58,OK
1297,126,3,2026-02-22T07:00:00,363.24,OK
1298,28,4,2026-01-18T16:00:00,,COLLECT_FAILED
1299,63,7,2025-12-21T07:00:00,1508.83,OK
1300,167,2,2025-11-26T17:00:00,321.76,OK
1301,38,4,2026-01-28T10:00:00,364.72,OK
1302,16,7,2026-01-08T21:00:00,192.56,OK
1303,132,5,2026-02-21T15:00:00,1147.46,OK
1304,178,1,2025-11-02T23:00:00,250.62,OK
1305,1,3,2025-10-29T05:00:00,137.19,OK
1306,91,1,2025-12-29T12:00:00,818.85,OK
1307,68,5,2026-01-03T08:00:00,1020.06,OK
1308,112,5,2026-02-19T09:00:00,1010.33,OK
1309,58,5,2026-02-08T21:00:00,782.14,OK
1310,12,5,2026-02-13T21:00:00,168.93,OK
1311,155,2,2026-02-12T03:00:00,799.68,OK
1312,6,5,2025-11-03T08:00:00,1701.34,OK
1313,160,2,2025-12-10T08:00:00,1049.43,OK
1314,99,3,2025-11-03T12:00:00,312.6,OK
1315,108,6,2026-02-13T00:00:00,591.5,OK
1316,60,5,2025-11-25T20:00:00,663.92,OK
1317,175,7,2026-01-31T07:00:00,1212.68,OK
1318,62,3,2026-01-30T10:00:00,107.13,OK
1319,35,4,2025-11-30T23:00:00,1035.33,OK
1320,164,3,2026-02-23T04:00:00,741.81,OK
1321,162,7,2025-12-20T10:00:00,447.92,OK
1322,103,3,2025-11-08T10:00:00,245.12,OK
1323,187,7,2025-11-05T10:00:00,910.24,OK
1324,121,1,2026-02-03T00:00:00,211.08,OK
1325,129,2,2025-12-11T09:00:00,619.04,OK
1326,101,6,2026-01-03T18:00:00,160.15,OK
1327,131,5,2025-12-19T12:00:00,104.14,OK
1328,198,5,2025-11-21T17:00:00,453.13,OK
1329,164,1,2026-01-02T01:00:00,742.35,OK
1330,192,4,2025-11-01T13:00:00,176.84,OK
1331,20,7,2025-11-26T15:00:00,782.72,OK
1332,143,5,2026-02-26T22:00:00,797.89,OK
1333,91,1,2026-02-25T13:00:00,1157.96,OK
1334,172,2,2026-01-19T02:00:00,872.06,OK
1335,143,3,2025-11-18T19:00:00,786.39,OK
1336,71,1,2025-11-24T10:00:00,1328.16,OK
1337,116,4,2026-02-23T21:00:00,747.8,OK
1338,51,2,2025-11-19T13:00:00,1074.97,OK
1339,31,6,2026-01-08T05:00:00,1118.39,OK
1340,60,6,2025-11-14T13:00:00,428.22,OK
1341,105,7,2025-11-13T06:00:00,62.08,OK
1342,14,3,2025-11-21T02:00:00,809.91,OK
1343,149,1,2026-01-24T01:00:00,156.67,OK
1344,2,1,2025-12-10T17:00:00,214.61,OK
1345,187,7,2025-12-17T06:00:00,891.43,OK
1346,131,6,2026-01-20T17:00:00,127.6,OK
1347,79,7,2026-01-11T09:00:00,640.16,OK
1348,80,6,2026-02-03T14:00:00,1129.24,OK
1349,41,2,2025-12-17T12:00:00,946.76,OK
1350,150,7,2025-11-27T17:00:00,1446.29,OK
1351,162,5,2026-02-06T21:00:00,710.73,OK
1352,138,4,2025-12-18T13:00:00,450.54,OK
1353,11,6,2025-12-30T17:00:00,575.6,OK
1354,52,2,2025-11-25T04:00:00,488.08,OK
1355,6,6,2025-11-21T15:00:00,1251.19,OK
1356,67,5,2026-02-08T20:00:00,628.29,OK
1357,5,2,2025-11-06T14:00:00,509.95,OK
1358,143,3,2025-11-06T14:00:00,1070.29,OK
1359,57,5,2025-12-26T16:00:00,,COLLECT_FAILED
1360,2,5,2026-01-12T13:00:00,,COLLECT_FAILED
1361,101,2,2025-11-21T13:00:00,237.02,OK
1362,29,3,2025-11-21T03:00:00,265.09,OK
1363,198,3,2026-01-30T06:00:00,,COLLECT_FAILED
1364,82,4,2025-12-11T21:00:00,90.88,OK
1365,4,4,2026-02-19T17:00:00,497.12,OK
1366,143,7,2025-11-18T08:00:00,920.5,OK
1367,50,4,2026-01-29T23:00:00,76.57,OK
1368,47,4,2025-11-01T09:00:00,394.58,OK
1369,184,5,2025-11-17T22:00:00,875.75,OK
1370,140,4,2025-12-20T06:00:00,175.33,OK
1371,148,1,2025-12-19T15:00:00,596.11,OK
1372,16,7,2026-02-05T14:00:00,226.7,OK
1373,117,5,2026-02-07T14:00:00,922.92,OK
1374,29,2,2026-02-24T19:00:00,168.63,OK
1375,60,4,2025-11-21T17:00:00,667.36,OK
1376,11,7,2025-11-18T13:00:00,685.89,OK
1377,175,3,2025-11-20T00:00:00,1323.21,OK
1378,72,7,2025-11-11T03:00:00,1232.89,OK
1379,171,1,2025-11-14T02:00:00,615.75,OK
1380,185,2,2026-02-01T09:00:00,55.38,OK
1381,91,5,2025-11-01T14:00:00,786.99,OK
1382,179,6,2026-02-18T01:00:00,1030.39,OK
1383,138,1,2025-12-16T03:00:00,,COLLECT_FAILED
1384,43,7,2025-11-02T00:00:00,649.81,OK
1385,18,3,2026-02-05T03:00:00,981.9,OK
1386,154,7,2026-02-16T10:00:00,250.07,OK
1387,183,4,2025-12-16T14:00:00,,COLLECT_FAILED
1388,120,6,2025-11-29T23:00:00,,COLLECT_FAILED
1389,47,2,2026-01-16T23:00:00,234.94,OK
1390,127,3,2025-12-10T22:00:00,193.25,OK
1391,140,6,2025-12-13T23:00:00,185.85,OK
1392,51,7,2025-12-16T17:00:00,1032.03,OK
1393,79,6,2026-01-22T09:00:00,,COLLECT_FAILED
1394,193,6,2026-02-24T11:00:00,802.88,OK
1395,127,5,2026-01-09T14:00:00,155.29,OK
1396,143,2,2026-02-17T01:00:00,669.48,OK
1397,84,5,2025-12-24T19:00:00,196.06,OK
1398,132,6,2025-12-12T07:00:00,927.8,OK
1399,111,2,2025-12-01T15:00:00,773.75,OK
1400,19,4,2025-12-11T11:00:00,498.07,OK
1401,63,3,2026-02-23T07:00:00,1386.28,OK
1402,134,3,2026-01-29T21:00:00,792.33,OK
1403,36,6,2025-12-30T04:00:00,647.64,OK
1404,156,6,2025-11-06T21:00:00,979.16,OK
1405,190,4,2026-01-12T16:00:00,703.17,OK
1406,139,1,2026-01-05T20:00:00,416.28,OK
1407,34,6,2025-11-22T09:00:00,283.21,OK
1408,163,7,2026-01-07T23:00:00,1135.06,OK
1409,153,2,2026-02-02T04:00:00,849.04,OK
1410,6,2,2026-02-20T11:00:00,1644.68,OK
1411,37,1,2026-01-16T18:00:00,,COLLECT_FAILED
1412,73,3,2025-11-17T19:00:00,1036.38,OK
1413,147,4,2025-12-23T14:00:00,832.02,OK
1414,82,7,2026-02-07T17:00:00,73.91,OK
1415,9,2,2025-12-18T20:00:00,59.3,OK
1416,45,1,2025-11-21T14:00:00,54.89,OK
1417,33,3,2025-11-17T14:00:00,316.53,OK
1418,145,7,2025-12-08T06:00:00,630.29,OK
1419,156,3,2026-02-03T03:00:00,1042.81,OK
1420,157,4,2025-11-21T09:00:00,718.19,OK
1421,75,3,2026-01-09T19:00:00,584.9,OK
1422,35,4,2025-11-04T16:00:00,917.63,OK
1423,103,5,2025-10-31T21:00:00,257.45,OK
1424,125,3,2025-11-14T06:00:00,1142.31,OK
1425,170,5,2025-11-26T00:00:00,658.26,OK
1426,148,1,2026-01-02T14:00:00,600.62,OK
1427,135,6,2025-11-12T20:00:00,883.41,OK
1428,168,5,2025-12-24T08:00:00,752.7,OK
1429,19,7,2025-12-04T21:00:00,791.11,OK
1430,114,7,2026-02-20T00:00:00,22.41,OK
1431,195,5,2025-12-12T00:00:00,336.6,OK
1432,11,2,2025-11-07T23:00:00,785.1,OK
1433,95,4,2025-11-03T10:00:00,316.6,OK
1434,48,1,2025-11-06T11:00:00,9.13,OK
1435,41,6,2026-01-25T01:00:00,,COLLECT_FAILED
1436,91,1,2025-12-31T11:00:00,1330.54,OK
1437,136,5,2025-12-15T21:00:00,1176.41,OK
1438,160,2,2025-12-09T07:00:00,922.61,OK
1439,93,6,2025-11-04T03:00:00,500.94,OK
1440,82,6,2025-12-25T00:00:00,92.59,OK
1441,41,1,2026-02-07T00:00:00,,COLLECT_FAILED
1442,200,4,2025-11-23T18:00:00,549.91,OK
1443,28,3,2026-01-16T19:00:00,686.92,OK
1444,34,7,2025-12-09T21:00:00,305.27,OK
1445,9,3,2025-11-22T21:00:00,75.6,OK
1446,147,3,2026-01-29T08:00:00,618.74,OK
1447,124,1,2025-11-30T08:00:00,422.17,OK
1448,156,1,2026-01-26T02:00:00,734.41,OK
1449,153,1,2025-12-05T18:00:00,555.36,OK
1450,25,2,2025-12-16T18:00:00,522.64,OK
1451,92,6,2025-12-28T20:00:00,286.32,OK
1452,116,2,2026-02-15T22:00:00,595.27,OK
1453,184,4,2025-12-26T11:00:00,,COLLECT_FAILED
1454,129,7,2026-01-03T13:00:00,798.73,OK
1455,7,7,2026-02-14T02:00:00,449.45,OK
1456,15,2,2026-02-22T03:00:00,430.32,OK
1457,149,7,2025-11-21T16:00:00,107.44,OK
1458,73,1,2025-11-25T13:00:00,886.68,OK
1459,96,1,2026-01-15T03:00:00,115.4,OK
1460,41,2,2025-12-11T06:00:00,623.22,OK
1461,18,2,2025-12-24T04:00:00,,COLLECT_FAILED
1462,145,1,2025-12-29T09:00:00,656.17,OK
1463,177,5,2026-02-03T09:00:00,,COLLECT_FAILED
1464,30,4,2025-12-13T14:00:00,362.65,OK
1465,163,5,2026-01-01T12:00:00,1126.8,OK
1466,183,4,2025-12-26T02:00:00,1158.51,OK
1467,187,3,2026-01-18T21:00:00,808.3,OK
1468,116,3,2026-01-30T09:00:00,791.51,OK
1469,154,5,2026-02-03T15:00:00,316.1,OK
1470,38,5,2025-11-18T21:00:00,439.92,OK
1471,25,2,2025-12-10T03:00:00,395.41,OK
1472,171,3,2026-01-17T10:00:00,804.97,OK
1473,100,3,2026-02-22T10:00:00,360.35,OK
1474,78,7,2025-12-08T06:00:00,841.87,OK
1475,68,4,2025-10-31T01:00:00,963.11,OK
1476,15,6,2026-01-24T13:00:00,493.94,OK
1477,55,1,2025-12-07T19:00:00,380.56,OK
1478,46,4,2026-01-17T21:00:00,964.98,OK
1479,116,2,2025-12-15T06:00:00,510.36,OK
1480,50,4,2026-02-22T04:00:00,125.64,OK
1481,90,1,2026-02-18T18:00:00,711.04,OK
1482,22,6,2025-11-15T19:00:00,582.79,OK
1483,185,4,2026-02-14T13:00:00,75.69,OK
1484,89,6,2026-02-16T22:00:00,984.55,OK
1485,122,6,2026-01-20T19:00:00,836.71,OK
1486,85,5,2026-01-30T22:00:00,762.09,OK
1487,44,5,2025-12-27T13:00:00,884.22,OK
1488,8,5,2026-01-01T21:00:00,326.68,OK
1489,24,3,2025-11-13T07:00:00,660.26,OK
1490,103,2,2025-12-07T10:00:00,309.62,OK
1491,187,1,2025-12-17T10:00:00,729.27,OK
1492,142,7,2025-11-20T14:00:00,205.42,OK
1493,75,2,2025-11-14T08:00:00,664.92,OK
1494,100,5,2026-01-17T21:00:00,488.41,OK
1495,125,6,2025-10-31T03:00:00,1132.7,OK
1496,103,7,2025-12-12T20:00:00,238.69,OK
1497,42,6,2025-12-10T23:00:00,485.71,OK
1498,159,7,2026-02-11T12:00:00,337.92,OK
1499,21,1,2025-11-03T21:00:00,1307.59,OK
1500,77,1,2026-01-20T02:00:00,973.03,OK
1501,169,7,2025-12-28T17:00:00,423.76,OK
1502,96,2,2026-02-11T01:00:00,135.3,OK
1503,33,1,2025-12-25T17:00:00,436.64,OK
1504,15,6,2026-02-16T11:00:00,,COLLECT_FAILED
1505,109,2,2025-12-14T14:00:00,420.73,OK
1506,14,7,2025-11-03T10:00:00,976.52,OK
1507,169,4,2026-01-02T09:00:00,,COLLECT_FAILED
1508,17,6,2026-01-06T12:00:00,93.41,OK
1509,69,5,2026-01-14T07:00:00,768.79,OK
1510,196,5,2025-12-19T04:00:00,131.32,OK
1511,80,3,2025-12-03T20:00:00,942.75,OK
1512,70,6,2025-12-10T01:00:00,679.07,OK
1513,91,2,2025-12-24T11:00:00,,COLLECT_FAILED
1514,75,3,2026-02-13T19:00:00,737.34,OK
1515,127,4,2026-01-04T10:00:00,246.88,OK
1516,28,3,2026-01-10T19:00:00,492.96,OK
1517,178,4,2025-11-12T07:00:00,445.91,OK
1518,23,1,2026-02-07T12:00:00,,COLLECT_FAILED
1519,142,4,2025-12-22T13:00:00,,COLLECT_FAILED
1520,55,3,2026-01-16T08:00:00,401.53,OK
1521,177,5,2025-12-26T09:00:00,978.45,OK
1522,168,4,2025-12-24T01:00:00,980.53,OK
1523,179,2,2026-01-19T19:00:00,1383.86,OK
1524,93,5,2026-02-03T08:00:00,778.33,OK
1525,3,1,2026-01-15T20:00:00,929.88,OK
1526,101,2,2025-12-28T19:00:00,,COLLECT_FAILED
1527,104,1,2025-12-24T19:00:00,326.71,OK
1528,3,6,2025-12-18T16:00:00,1288.1,OK
1529,120,3,2026-02-07T11:00:00,661.94,OK
1530,80,4,2026-02-12T19:00:00,808.85,OK
1531,33,4,2026-01-10T10:00:00,452.4,OK
1532,182,2,2026-02-23T00:00:00,1097.75,OK
1533,166,6,2025-12-10T17:00:00,180.01,OK
1534,40,5,2025-11-30T03:00:00,50.63,OK
1535,200,5,2026-02-25T19:00:00,567.84,OK
1536,163,7,2026-01-12T19:00:00,995.23,OK
1537,162,3,2025-12-01T13:00:00,590.39,OK
1538,143,2,2025-12-03T04:00:00,878.76,OK
1539,116,3,2025-12-14T22:00:00,,COLLECT_FAILED
1540,134,7,2026-02-11T14:00:00,796.96,OK
1541,50,7,2025-12-11T11:00:00,113.91,OK
1542,172,3,2025-12-28T04:00:00,765.73,OK
1543,163,1,2026-01-20T19:00:00,1014.52,OK
1544,143,3,2026-01-07T13:00:00,879.66,OK
1545,54,2,2026-01-26T14:00:00,181.48,OK
1546,111,5,2025-11-18T02:00:00,644.02,OK
1547,70,5,2025-12-10T16:00:00,491.59,OK
1548,70,6,2025-12-31T10:00:00,858.98,OK
1549,116,2,2025-12-24T00:00:00,691.21,OK
1550,118,6,2026-02-17T15:00:00,19.86,OK
1551,176,3,2025-11-17T12:00:00,416.53,OK
1552,128,5,2025-12-19T21:00:00,957.85,OK
1553,29,5,2025-12-21T14:00:00,203.82,OK
1554,70,3,2026-02-06T21:00:00,634.03,OK
1555,167,1,2025-11-30T22:00:00,216.15,OK
1556,135,2,2025-11-19T03:00:00,989.29,OK
1557,65,6,2025-12-17T04:00:00,256.11,OK
1558,21,6,2026-02-09T21:00:00,1317.54,OK
1559,148,3,2025-11-18T11:00:00,579.33,OK
1560,28,7,2025-11-01T01:00:00,542.39,OK
1561,138,3,2026-02-08T10:00:00,723.98,OK
1562,12,1,2025-12-29T10:00:00,140.99,OK
1563,165,1,2025-11-30T14:00:00,1488.38,OK
1564,120,1,2025-12-01T21:00:00,897.73,OK
1565,59,5,2025-11-20T01:00:00,30.41,OK
1566,177,4,2025-11-24T14:00:00,1616.07,OK
1567,164,2,2026-01-05T16:00:00,947.82,OK
1568,183,6,2025-12-15T23:00:00,930.24,OK
1569,47,1,2025-12-13T23:00:00,360.1,OK
1570,122,1,2026-02-03T14:00:00,1062.45,OK
1571,71,1,2026-01-20T09:00:00,1006.62,OK
1572,169,2,2025-11-15T01:00:00,313.52,OK
1573,72,4,2026-02-21T00:00:00,1437.36,OK
1574,181,3,2026-02-19T04:00:00,1002.69,OK
1575,112,5,2026-01-13T12:00:00,701.23,OK
1576,153,6,2026-02-07T14:00:00,,COLLECT_FAILED
1577,60,2,2026-01-25T07:00:00,654.66,OK
1578,82,3,2026-01-05T07:00:00,69.44,OK
1579,4,6,2025-12-10T10:00:00,493.15,OK
1580,52,1,2025-11-28T01:00:00,532.4,OK
1581,177,5,2026-01-14T06:00:00,1243.32,OK
1582,162,4,2026-01-24T20:00:00,662.94,OK
1583,169,1,2025-11-04T20:00:00,440.87,OK
1584,61,6,2025-11-07T09:00:00,638.36,OK
1585,48,4,2025-11-07T05:00:00,13.01,OK
1586,123,3,2026-01-28T05:00:00,92.85,OK
1587,27,2,2025-12-09T16:00:00,273.68,OK
1588,60,2,2026-02-10T09:00:00,,COLLECT_FAILED
1589,23,4,2026-01-30T05:00:00,863.96,OK
1590,31,4,2026-02-07T20:00:00,1106.57,OK
1591,84,4,2026-01-18T08:00:00,193.1,OK
1592,54,2,2026-01-18T11:00:00,197.98,OK
1593,59,5,2025-12-23T21:00:00,30.66,OK
1594,85,3,2026-01-23T19:00:00,446.06,OK
1595,157,6,2025-12-11T02:00:00,850.49,OK
1596,102,1,2026-02-19T02:00:00,1094.37,OK
1597,67,5,2025-11-20T18:00:00,,COLLECT_FAILED
1598,103,1,2025-11-05T09:00:00,,COLLECT_FAILED
1599,131,2,2026-02-22T10:00:00,103.98,OK
1600,77,5,2025-11-19T11:00:00,720.97,OK
1601,108,6,2025-12-17T21:00:00,400.64,OK
1602,36,2,2026-01-25T00:00:00,566.86,OK
1603,42,5,2026-02-16T14:00:00,435.13,OK
1604,83,7,2025-11-29T15:00:00,127.28,OK
1605,67,6,2026-01-05T09:00:00,616.37,OK
1606,159,3,2026-02-26T15:00:00,368.13,OK
1607,73,1,2026-02-12T06:00:00,932.33,OK
1608,58,4,2025-11-04T23:00:00,1273.15,OK
1609,60,3,2026-02-21T13:00:00,681.74,OK
1610,21,2,2026-02-22T23:00:00,952.54,OK
1611,145,3,2026-01-31T19:00:00,573.47,OK
1612,130,2,2026-01-28T17:00:00,453.99,OK
1613,31,4,2026-02-09T05:00:00,1483.35,OK
1614,189,6,2025-12-18T22:00:00,809.92,OK
1615,79,5,2026-02-15T15:00:00,504.09,OK
1616,184,2,2026-01-29T13:00:00,1316.46,OK
1617,171,1,2026-01-17T12:00:00,479.96,OK
1618,163,2,2026-01-19T09:00:00,1039.81,OK
1619,135,4,2025-12-16T20:00:00,1046.87,OK
1620,90,3,2025-11-24T22:00:00,506.7,OK
1621,180,3,2025-11-28T01:00:00,501.1,OK
1622,154,4,2025-11-08T07:00:00,322.4,OK
1623,144,4,2025-12-24T04:00:00,261.12,OK
1624,132,4,2025-11-04T09:00:00,1019.7,OK
1625,158,7,2025-11-04T18:00:00,1081.39,OK
1626,78,6,2025-11-23T05:00:00,1159.07,OK
1627,126,2,2026-02-23T20:00:00,269.57,OK
1628,42,1,2026-02-19T15:00:00,418.22,OK
1629,31,7,2025-11-14T16:00:00,1520.28,OK
1630,23,2,2025-11-05T07:00:00,1034.54,OK
1631,151,6,2026-01-28T17:00:00,182.91,OK
1632,51,6,2025-12-04T15:00:00,1135.33,OK
1633,83,6,2025-12-02T02:00:00,175.96,OK
1634,156,2,2025-12-26T01:00:00,954.45,OK
1635,72,1,2025-12-29T12:00:00,1035.57,OK
1636,86,7,2025-11-29T21:00:00,309.74,OK
1637,2,7,2025-11-06T22:00:00,164.26,OK
1638,190,3,2026-02-23T17:00:00,1004.34,OK
1639,193,6,2026-01-06T20:00:00,651.29,OK
1640,143,1,2026-01-02T05:00:00,640.38,OK
1641,129,5,2026-02-16T21:00:00,696.57,OK
1642,18,5,2025-11-03T06:00:00,1291.27,OK
1643,97,2,2025-11-14T16:00:00,753.36,OK
1644,81,7,2026-02-24T22:00:00,92.3,OK
1645,108,6,2026-01-20T03:00:00,421.93,OK
1646,5,5,2025-12-10T13:00:00,599.81,OK
1647,85,4,2025-12-21T22:00:00,459.55,OK
1648,57,1,2026-01-14T17:00:00,1219.21,OK
1649,25,3,2025-12-14T17:00:00,453.75,OK
1650,133,6,2026-02-07T19:00:00,615.9,OK
1651,103,2,2026-01-22T02:00:00,,COLLECT_FAILED
1652,198,7,2026-01-03T19:00:00,543.62,OK
1653,27,5,2025-11-21T01:00:00,249.1,OK
1654,82,2,2026-01-01T03:00:00,,COLLECT_FAILED
1655,192,2,2026-02-26T07:00:00,242.49,OK
1656,65,1,2026-01-28T12:00:00,250.92,OK
1657,11,1,2025-11-05T02:00:00,,COLLECT_FAILED
1658,170,3,2026-02-25T11:00:00,859.38,OK
1659,191,6,2025-12-03T12:00:00,626.67,OK
1660,94,1,2025-12-26T20:00:00,908.57,OK
1661,182,3,2025-11-22T17:00:00,924.9,OK
1662,34,2,2025-12-07T12:00:00,239.3,OK
1663,75,3,2026-02-13T16:00:00,812.42,OK
1664,19,6,2025-11-13T13:00:00,697.9,OK
1665,144,2,2026-01-26T00:00:00,182.54,OK
1666,36,6,2025-12-24T17:00:00,853.87,OK
1667,70,3,2026-01-10T12:00:00,647.21,OK
1668,167,1,2026-01-09T11:00:00,289.21,OK
1669,192,3,2025-11-20T05:00:00,213.73,OK
1670,105,7,2025-10-29T15:00:00,67.31,OK
1671,18,3,2025-12-29T21:00:00,1087.76,OK
1672,178,2,2026-02-21T00:00:00,444.44,OK
1673,52,7,2026-01-22T06:00:00,681.21,OK
1674,138,3,2025-11-15T15:00:00,514.29,OK
1675,11,4,2026-01-18T04:00:00,749.18,OK
1676,174,5,2026-02-08T07:00:00,275.68,OK
1677,149,6,2026-01-22T16:00:00,97.71,OK
1678,17,1,2025-11-05T14:00:00,,COLLECT_FAILED
1679,148,4,2025-12-28T05:00:00,,COLLECT_FAILED
1680,186,4,2025-11-12T16:00:00,1011.44,OK
1681,78,3,2026-02-09T03:00:00,,COLLECT_FAILED
1682,104,5,2026-01-05T03:00:00,429.66,OK
1683,178,5,2026-01-02T06:00:00,345.33,OK
1684,149,2,2025-11-11T15:00:00,,COLLECT_FAILED
1685,159,4,2025-11-05T18:00:00,518.22,OK
1686,33,7,2025-11-04T03:00:00,348.71,OK
1687,33,7,2025-12-02T12:00:00,308.72,OK
1688,118,5,2026-01-21T07:00:00,20.94,OK
1689,136,1,2026-02-23T23:00:00,762.65,OK
1690,79,4,2026-01-11T22:00:00,,COLLECT_FAILED
1691,126,2,2025-12-27T03:00:00,377.02,OK
1692,131,7,2026-02-22T02:00:00,84.87,OK
1693,175,2,2026-02-05T08:00:00,1124.51,OK
1694,14,4,2025-12-22T06:00:00,1190.51,OK
1695,123,5,2025-11-26T17:00:00,144.58,OK
1696,35,3,2025-12-03T23:00:00,1208.63,OK
1697,95,6,2025-11-13T13:00:00,314.84,OK
1698,38,2,2026-01-26T02:00:00,347.01,OK
1699,24,4,2025-11-03T13:00:00,626.3,OK
1700,187,6,2025-12-21T08:00:00,1028.07,OK
1701,16,5,2025-12-15T04:00:00,146.74,OK
1702,54,3,2025-12-18T18:00:00,200.1,OK
1703,10,6,2026-01-04T22:00:00,351.51,OK
1704,85,4,2025-11-29T02:00:00,601.8,OK
1705,90,4,2026-02-02T00:00:00,,COLLECT_FAILED
1706,54,6,2025-11-23T06:00:00,218.28,OK
1707,123,6,2026-01-01T22:00:00,107.25,OK
1708,53,6,2025-12-13T01:00:00,247.97,OK
1709,32,2,2025-11-23T10:00:00,345.35,OK
1710,41,4,2026-01-25T00:00:00,1017.96,OK
1711,30,4,2025-12-13T15:00:00,414.01,OK
1712,69,2,2026-01-24T22:00:00,616.58,OK
1713,195,7,2026-01-11T04:00:00,452.05,OK
1714,173,7,2025-11-04T13:00:00,51.79,OK
1715,16,2,2026-02-14T08:00:00,182.18,OK
1716,88,5,2025-12-17T20:00:00,430.85,OK
1717,94,1,2025-12-28T11:00:00,1052.76,OK
1718,105,1,2025-12-18T04:00:00,80.19,OK
1719,78,1,2025-12-08T17:00:00,1348.43,OK
1720,92,2,2026-01-10T14:00:00,228.34,OK
1721,93,2,2025-12-12T10:00:00,524.21,OK
1722,181,7,2025-11-29T14:00:00,982.11,OK
1723,163,4,2025-11-28T15:00:00,1402.71,OK
1724,45,7,2026-02-08T13:00:00,48.81,OK
1725,159,7,2026-01-04T10:00:00,505.66,OK
1726,23,1,2026-01-08T02:00:00,,COLLECT_FAILED
1727,191,7,2026-02-16T02:00:00,484.09,OK
1728,58,2,2026-02-06T18:00:00,1340.92,OK
1729,91,6,2026-01-18T17:00:00,863.17,OK
1730,67,3,2026-01-31T11:00:00,801.87,OK
1731,10,7,2026-02-09T12:00:00,310.47,OK
1732,26,7,2026-02-04T22:00:00,645.92,OK
1733,131,2,2026-01-25T14:00:00,119.07,OK
1734,48,2,2026-01-28T05:00:00,11.92,OK
1735,177,5,2025-11-14T16:00:00,1093.47,OK
1736,189,6,2025-11-26T23:00:00,783.67,OK
1737,179,1,2025-11-17T10:00:00,1226.91,OK
1738,21,1,2026-01-13T21:00:00,954.78,OK
1739,118,1,2025-12-08T23:00:00,34.73,OK
1740,20,4,2025-11-22T13:00:00,597.96,OK
1741,148,6,2025-12-04T07:00:00,624.24,OK
1742,199,3,2025-12-06T18:00:00,497.36,OK
1743,183,5,2026-02-05T07:00:00,862.34,OK
1744,70,2,2025-12-05T16:00:00,730.23,OK
1745,181,1,2026-01-17T19:00:00,934.79,OK
1746,4,1,2025-11-25T11:00:00,446.28,OK
1747,105,1,2025-12-08T14:00:00,73.15,OK
1748,151,5,2026-01-30T03:00:00,198.33,OK
1749,160,6,2026-01-06T02:00:00,762.22,OK
1750,134,5,2026-01-02T18:00:00,1019.76,OK
1751,145,5,2026-01-05T08:00:00,424.78,OK
1752,108,4,2025-12-16T01:00:00,591.42,OK
1753,9,3,2026-01-18T10:00:00,,COLLECT_FAILED
1754,44,6,2026-01-21T05:00:00,773.03,OK
1755,144,2,2025-11-11T07:00:00,164.42,OK
1756,50,2,2026-01-14T13:00:00,75.79,OK
1757,102,7,2025-11-25T05:00:00,829.55,OK
1758,47,7,2026-01-01T19:00:00,328.79,OK
1759,29,2,2026-01-02T05:00:00,232.67,OK
1760,110,1,2026-02-05T20:00:00,440.75,OK
1761,106,3,2025-11-10T23:00:00,228.49,OK
1762,16,3,2025-12-04T00:00:00,220.61,OK
1763,25,4,2026-01-05T00:00:00,468.51,OK
1764,30,2,2025-11-01T09:00:00,378.64,OK
1765,56,5,2026-01-09T15:00:00,769.61,OK
1766,8,3,2025-11-13T20:00:00,213.46,OK
1767,109,7,2026-01-06T01:00:00,368.9,OK
1768,108,2,2026-01-11T02:00:00,585.27,OK
1769,4,6,2025-11-29T22:00:00,603.38,OK
1770,155,3,2026-02-11T14:00:00,732.14,OK
1771,51,1,2025-12-24T09:00:00,1281.93,OK
1772,166,3,2025-11-22T23:00:00,199.9,OK
1773,38,1,2025-11-22T11:00:00,529.88,OK
1774,159,7,2026-01-29T19:00:00,520.49,OK
1775,181,7,2025-11-05T08:00:00,993.15,OK
1776,5,6,2025-12-25T15:00:00,498.94,OK
1777,68,1,2026-01-05T20:00:00,1265.19,OK
1778,38,3,2025-12-06T20:00:00,440.95,OK
1779,7,2,2025-12-16T21:00:00,607.38,OK
1780,39,4,2026-01-04T00:00:00,1527.85,OK
1781,47,7,2026-02-11T06:00:00,,COLLECT_FAILED
1782,106,7,2026-01-16T08:00:00,334.85,OK
1783,55,6,2025-12-23T13:00:00,425.37,OK
1784,36,5,2025-12-14T08:00:00,703.51,OK
1785,29,5,2025-12-02T00:00:00,,COLLECT_FAILED
1786,3,5,2025-12-31T12:00:00,1066.71,OK
1787,76,4,2026-02-01T14:00:00,477.62,OK
1788,192,1,2025-12-18T07:00:00,223.17,OK
1789,120,4,2026-01-11T17:00:00,712.62,OK
1790,178,3,2025-12-07T23:00:00,,COLLECT_FAILED
1791,81,6,2025-11-03T04:00:00,71.88,OK
1792,50,2,2025-12-06T16:00:00,109.74,OK
1793,51,7,2025-11-26T14:00:00,1320.75,OK
1794,193,5,2025-11-20T15:00:00,1008.35,OK
1795,188,5,2025-12-10T00:00:00,68.57,OK
1796,128,6,2026-02-15T03:00:00,939.74,OK
1797,140,1,2025-11-13T12:00:00,135.78,OK
1798,142,3,2025-12-06T11:00:00,305.65,OK
1799,177,4,2025-12-23T05:00:00,1058.37,OK
1800,129,3,2025-11-27T14:00:00,609.66,OK
1801,14,6,2026-02-14T21:00:00,1004.06,OK
1802,15,4,2026-01-29T01:00:00,513.02,OK
1803,168,6,2026-01-16T14:00:00,716.24,OK
1804,87,1,2026-01-15T16:00:00,875.22,OK
1805,46,2,2025-11-29T07:00:00,,COLLECT_FAILED
1806,81,1,2025-12-11T15:00:00,66.15,OK
1807,143,2,2026-02-07T13:00:00,1006.18,OK
1808,183,1,2026-02-16T04:00:00,734.46,OK
1809,32,5,2026-02-23T13:00:00,344.03,OK
1810,79,6,2026-02-05T03:00:00,585.02,OK
1811,82,5,2025-11-30T01:00:00,117.97,OK
1812,136,1,2026-02-22T04:00:00,1140.04,OK
1813,85,3,2026-02-14T06:00:00,604.23,OK
1814,49,3,2025-11-28T16:00:00,695.56,OK
1815,142,2,2026-01-20T09:00:00,247.37,OK
1816,185,7,2026-01-17T07:00:00,88.44,OK
1817,128,2,2026-02-07T23:00:00,704.11,OK
1818,22,4,2026-02-25T00:00:00,627.09,OK
1819,78,6,2025-12-14T11:00:00,1089.25,OK
1820,111,6,2026-02-11T06:00:00,570.68,OK
1821,120,4,2026-01-26T10:00:00,823.46,OK
1822,93,6,2025-11-19T10:00:00,686.04,OK
1823,60,1,2025-12-01T03:00:00,565.01,OK
1824,98,4,2025-11-06T22:00:00,713.98,OK
1825,92,2,2026-01-15T19:00:00,200.19,OK
1826,59,7,2025-12-17T12:00:00,23.16,OK
1827,167,1,2025-12-20T09:00:00,299.81,OK
1828,169,6,2025-12-06T03:00:00,508.85,OK
1829,198,2,2025-12-08T10:00:00,517.37,OK
1830,26,2,2026-02-17T14:00:00,544.82,OK
1831,6,4,2026-02-17T18:00:00,1712.62,OK
1832,65,4,2025-12-03T10:00:00,363.18,OK
1833,77,6,2025-12-07T23:00:00,768.37,OK
1834,89,2,2025-12-10T18:00:00,694.49,OK
1835,56,4,2026-01-19T11:00:00,1175.61,OK
1836,140,3,2026-02-20T12:00:00,152.1,OK
1837,40,6,2025-11-09T00:00:00,40.72,OK
1838,69,4,2026-01-19T00:00:00,676.42,OK
1839,5,2,2025-12-28T14:00:00,345.28,OK
1840,189,4,2026-02-26T14:00:00,684.88,OK
1841,72,7,2025-12-27T08:00:00,1518.47,OK
1842,34,2,2025-12-27T01:00:00,303.14,OK
1843,182,2,2026-01-11T09:00:00,1084.89,OK
1844,92,4,2026-01-25T20:00:00,270.77,OK
1845,194,7,2025-12-09T06:00:00,378.92,OK
1846,81,3,2025-12-28T22:00:00,84.04,OK
1847,65,6,2026-02-14T11:00:00,290.0,OK
1848,177,3,2025-12-21T06:00:00,1392.76,OK
1849,87,7,2026-02-13T03:00:00,888.62,OK
1850,143,1,2026-01-25T15:00:00,1093.88,OK
1851,138,2,2025-11-08T14:00:00,640.6,OK
1852,1,1,2026-01-04T03:00:00,152.29,OK
1853,185,4,2025-12-08T11:00:00,53.51,OK
1854,176,3,2025-11-21T13:00:00,282.18,OK
1855,179,4,2025-12-07T18:00:00,1024.97,OK
1856,123,3,2025-11-22T03:00:00,99.14,OK
1857,37,5,2026-02-11T17:00:00,376.29,OK
1858,76,2,2025-11-17T08:00:00,489.51,OK
1859,15,5,2025-12-26T02:00:00,470.44,OK
1860,77,1,2025-11-06T19:00:00,895.88,OK
1861,42,4,2025-12-08T01:00:00,394.63,OK
1862,193,5,2026-01-08T22:00:00,989.0,OK
1863,169,3,2026-02-11T00:00:00,400.93,OK
1864,76,5,2025-12-20T10:00:00,657.32,OK
1865,8,7,2026-02-06T07:00:00,,COLLECT_FAILED
1866,200,7,2026-01-03T13:00:00,549.14,OK
1867,6,3,2026-02-02T07:00:00,1251.24,OK
1868,60,1,2026-02-04T13:00:00,413.83,OK
1869,30,4,2025-11-12T22:00:00,406.05,OK
1870,105,4,2026-02-07T18:00:00,79.65,OK
1871,74,3,2026-02-13T07:00:00,321.71,OK
1872,18,7,2025-11-22T22:00:00,,COLLECT_FAILED
1873,168,6,2026-01-13T22:00:00,694.37,OK
1874,75,4,2026-01-06T13:00:00,789.97,OK
1875,186,6,2025-12-18T14:00:00,1003.38,OK
1876,187,4,2026-01-05T19:00:00,,COLLECT_FAILED
1877,60,6,2025-12-06T15:00:00,621.07,OK
1878,125,2,2025-12-31T00:00:00,1214.69,OK
1879,181,5,2025-12-27T12:00:00,972.11,OK
1880,67,2,2026-02-09T11:00:00,638.22,OK
1881,124,2,2025-11-16T03:00:00,389.97,OK
1882,75,3,2025-12-18T08:00:00,698.11,OK
1883,47,5,2025-12-14T06:00:00,397.46,OK
1884,3,1,2026-02-19T19:00:00,946.87,OK
1885,150,6,2026-02-22T00:00:00,1305.1,OK
1886,155,5,2026-02-23T10:00:00,964.89,OK
1887,70,5,2025-11-22T07:00:00,578.61,OK
1888,55,5,2026-02-22T11:00:00,401.82,OK
1889,122,7,2025-11-07T22:00:00,,COLLECT_FAILED
1890,119,2,2025-11-15T05:00:00,294.83,OK
1891,81,1,2025-12-02T13:00:00,86.38,OK
1892,162,5,2025-11-24T19:00:00,612.05,OK
1893,65,4,2025-12-03T06:00:00,250.5,OK
1894,54,5,2025-12-08T09:00:00,161.89,OK
1895,126,4,2025-12-13T01:00:00,364.69,OK
1896,165,2,2026-02-13T16:00:00,1069.23,OK
1897,51,2,2026-02-05T22:00:00,912.15,OK
1898,18,7,2025-12-13T18:00:00,1127.69,OK
1899,163,5,2025-11-19T19:00:00,926.25,OK
1900,45,2,2026-01-14T11:00:00,36.26,OK
1901,74,2,2026-01-05T21:00:00,304.94,OK
1902,100,2,2025-12-13T10:00:00,479.64,OK
1903,92,3,2025-10-29T18:00:00,319.76,OK
1904,165,6,2025-12-07T16:00:00,1049.68,OK
1905,100,5,2026-02-21T15:00:00,468.19,OK
1906,101,2,2026-01-21T09:00:00,156.52,OK
1907,142,6,2025-12-21T23:00:00,201.2,OK
1908,118,1,2026-02-19T07:00:00,,COLLECT_FAILED
1909,101,3,2026-01-24T23:00:00,190.97,OK
1910,14,2,2026-02-01T13:00:00,933.62,OK
1911,22,3,2025-11-21T23:00:00,480.32,OK
1912,65,7,2026-02-08T22:00:00,320.09,OK
1913,79,2,2026-01-15T01:00:00,666.53,OK
1914,114,1,2025-12-24T17:00:00,26.01,OK
1915,152,6,2025-12-26T02:00:00,335.25,OK
1916,40,5,2026-02-13T23:00:00,48.66,OK
1917,11,4,2025-12-31T07:00:00,768.5,OK
1918,130,7,2026-01-16T05:00:00,450.18,OK
1919,22,6,2025-12-10T19:00:00,492.27,OK
1920,39,1,2025-11-19T10:00:00,1218.28,OK
1921,151,7,2026-01-03T23:00:00,302.31,OK
1922,137,7,2026-01-27T16:00:00,396.22,OK
1923,111,2,2026-01-05T16:00:00,668.77,OK
1924,102,1,2026-01-15T04:00:00,1196.44,OK
1925,106,1,2026-01-15T00:00:00,,COLLECT_FAILED
1926,188,7,2025-12-10T00:00:00,107.26,OK
1927,199,4,2026-02-18T21:00:00,516.56,OK
1928,6,6,2025-12-29T11:00:00,1385.39,OK
1929,169,4,2026-02-24T23:00:00,431.1,OK
1930,49,4,2025-10-29T15:00:00,831.92,OK
1931,97,2,2026-02-09T03:00:00,766.66,OK
1932,115,3,2025-12-30T11:00:00,826.6,OK
1933,147,6,2026-01-26T01:00:00,719.74,OK
1934,176,3,2025-12-15T17:00:00,242.2,OK
1935,66,5,2026-01-01T23:00:00,306.17,OK
1936,33,3,2025-12-27T14:00:00,329.46,OK
1937,65,3,2025-11-09T02:00:00,208.18,OK
1938,46,5,2025-11-14T10:00:00,1079.23,OK
1939,114,2,2025-11-03T02:00:00,18.09,OK
1940,13,1,2025-12-29T12:00:00,834.78,OK
1941,47,4,2025-12-10T22:00:00,,COLLECT_FAILED
1942,20,3,2026-01-22T23:00:00,906.06,OK
1943,169,3,2026-01-06T05:00:00,520.51,OK
1944,152,2,2026-01-19T07:00:00,251.13,OK
1945,49,3,2025-12-07T14:00:00,631.88,OK
1946,29,6,2025-12-28T15:00:00,236.34,OK
1947,111,3,2025-12-14T08:00:00,538.61,OK
1948,190,7,2025-12-27T06:00:00,,COLLECT_FAILED
1949,100,7,2025-12-02T10:00:00,508.38,OK
1950,154,3,2026-01-26T10:00:00,,COLLECT_FAILED
1951,16,4,2025-11-05T17:00:00,206.1,OK
1952,140,2,2026-01-24T08:00:00,110.48,OK
1953,163,7,2026-02-03T05:00:00,1164.14,OK
1954,24,6,2026-01-16T01:00:00,719.65,OK
1955,13,5,2026-01-20T18:00:00,780.22,OK
1956,188,1,2026-02-06T21:00:00,94.43,OK
1957,188,2,2025-12-20T08:00:00,97.12,OK
1958,25,3,2026-01-13T15:00:00,521.24,OK
1959,166,6,2026-01-17T15:00:00,231.14,OK
1960,24,2,2026-01-16T06:00:00,796.0,OK
1961,76,2,2026-02-08T02:00:00,572.56,OK
1962,190,5,2026-02-03T19:00:00,588.41,OK
1963,167,6,2026-02-13T00:00:00,251.01,OK
1964,141,5,2025-12-17T02:00:00,908.89,OK
1965,188,6,2026-02-20T01:00:00,87.04,OK
1966,104,6,2025-12-29T19:00:00,361.97,OK
1967,55,4,2025-12-14T17:00:00,338.28,OK
1968,12,4,2026-01-30T08:00:00,179.45,OK
1969,56,3,2025-12-08T18:00:00,974.94,OK
1970,152,3,2026-02-17T13:00:00,281.49,OK
1971,158,3,2026-01-04T21:00:00,1087.18,OK
1972,105,2,2025-11-17T09:00:00,77.84,OK
1973,134,4,2026-02-14T02:00:00,796.57,OK
1974,3,1,2026-01-07T18:00:00,899.37,OK
1975,25,2,2025-11-06T04:00:00,,COLLECT_FAILED
1976,43,4,2025-11-16T20:00:00,615.81,OK
1977,196,4,2026-02-12T07:00:00,172.46,OK
1978,152,4,2026-01-01T11:00:00,401.32,OK
1979,52,4,2025-12-21T02:00:00,533.64,OK
1980,145,6,2026-02-23T04:00:00,634.64,OK
1981,96,3,2026-02-06T18:00:00,140.13,OK
1982,63,7,2026-01-31T02:00:00,1404.92,OK
1983,6,1,2026-02-04T17:00:00,1153.62,OK
1984,13,7,2026-02-13T21:00:00,997.96,OK
1985,158,2,2026-01-22T21:00:00,1206.25,OK
1986,130,2,2026-02-09T22:00:00,464.21,OK
1987,193,3,2026-02-17T21:00:00,617.1,OK
1988,1,6,2025-12-11T07:00:00,132.31,OK
1989,100,4,2025-11-16T13:00:00,491.17,OK
1990,58,3,2026-01-07T21:00:00,1173.52,OK
1991,7,5,2025-11-26T21:00:00,428.64,OK
1992,165,7,2025-12-18T12:00:00,858.27,OK
1993,40,7,2026-02-15T09:00:00,49.16,OK
1994,186,1,2025-10-31T09:00:00,705.07,OK
1995,86,2,2026-02-09T15:00:00,270.84,OK
1996,170,5,2025-12-06T07:00:00,802.4,OK
1997,59,5,2026-02-11T12:00:00,20.92,OK
1998,146,3,2026-02-16T02:00:00,666.83,OK
1999,119,1,2025-11-23T22:00:00,271.41,OK
2000,90,1,2025-11-22T11:00:00,511.8,OK
2001,77,1,2025-12-07T02:00:00,1008.91,OK
2002,162,3,2026-01-30T00:00:00,487.89,OK
2003,120,7,2025-11-05T13:00:00,919.67,OK
2004,175,1,2025-12-17T04:00:00,1339.8,OK
2005,35,6,2026-01-19T01:00:00,954.21,OK
2006,3,5,2025-10-31T04:00:00,1296.36,OK
2007,30,2,2025-11-03T10:00:00,330.97,OK
2008,167,6,2026-02-14T12:00:00,221.19,OK
2009,160,5,2026-01-10T19:00:00,1087.51,OK
2010,110,6,2026-01-06T00:00:00,380.11,OK
2011,147,6,2025-11-24T18:00:00,,COLLECT_FAILED
2012,17,5,2025-12-29T16:00:00,,COLLECT_FAILED
2013,53,6,2025-12-21T20:00:00,203.71,OK
2014,41,7,2025-12-21T10:00:00,889.77,OK
2015,179,5,2026-01-01T02:00:00,1113.57,OK
2016,57,5,2025-12-16T21:00:00,744.11,OK
2017,140,4,2025-11-27T15:00:00,,COLLECT_FAILED
2018,151,5,2026-01-28T11:00:00,218.76,OK
2019,11,6,2025-12-03T17:00:00,476.95,OK
2020,81,4,2025-12-17T07:00:00,67.8,OK
2021,37,2,2026-02-24T08:00:00,563.56,OK
2022,33,7,2026-02-20T10:00:00,420.58,OK
2023,100,1,2026-02-03T13:00:00,530.85,OK
2024,122,7,2025-12-23T22:00:00,796.56,OK
2025,162,4,2025-12-13T23:00:00,618.2,OK
2026,114,2,2026-02-04T04:00:00,23.23,OK
2027,199,4,2025-11-22T10:00:00,487.87,OK
2028,143,3,2025-11-24T00:00:00,881.84,OK
2029,47,5,2026-01-04T22:00:00,393.43,OK
2030,113,2,2026-01-06T00:00:00,1005.73,OK
2031,131,2,2025-11-20T02:00:00,121.35,OK
2032,112,4,2026-02-08T08:00:00,658.96,OK
2033,27,7,2025-11-25T02:00:00,364.97,OK
2034,129,6,2025-11-14T12:00:00,787.31,OK
2035,44,5,2025-12-20T09:00:00,894.49,OK
2036,84,7,2025-12-16T08:00:00,232.21,OK
2037,40,6,2026-01-20T21:00:00,53.19,OK
2038,32,6,2026-01-11T09:00:00,353.3,OK
2039,104,5,2026-01-09T10:00:00,505.95,OK
2040,145,2,2026-01-11T09:00:00,565.34,OK
2041,86,7,2026-01-14T22:00:00,220.67,OK
2042,156,5,2025-12-24T17:00:00,611.17,OK
2043,15,5,2025-10-31T05:00:00,651.29,OK
2044,27,5,2025-12-15T17:00:00,227.69,OK
2045,93,6,2026-01-26T23:00:00,577.71,OK
2046,98,7,2025-11-17T13:00:00,805.18,OK
2047,60,6,2025-12-24T07:00:00,396.1,OK
2048,155,1,2025-12-25T15:00:00,,COLLECT_FAILED
2049,132,7,2025-12-04T11:00:00,1023.39,OK
2050,171,4,2026-01-09T03:00:00,799.82,OK
2051,199,4,2025-12-05T13:00:00,561.32,OK
2052,173,1,2025-12-10T10:00:00,45.37,OK
2053,28,7,2026-01-26T04:00:00,707.36,OK
2054,145,2,2026-01-22T09:00:00,508.69,OK
2055,94,7,2025-11-05T23:00:00,1172.64,OK
2056,17,5,2025-11-10T13:00:00,78.46,OK
2057,194,4,2026-02-22T18:00:00,250.23,OK
2058,200,6,2025-11-27T05:00:00,475.06,OK
2059,97,2,2025-11-11T16:00:00,613.28,OK
2060,185,4,2026-01-17T07:00:00,73.92,OK
2061,50,3,2025-11-14T00:00:00,122.3,OK
2062,101,5,2025-10-31T01:00:00,173.85,OK
2063,19,2,2025-12-29T00:00:00,632.68,OK
2064,59,7,2025-12-04T18:00:00,33.84,OK
2065,23,3,2026-02-18T21:00:00,866.15,OK
2066,162,1,2026-01-02T02:00:00,413.3,OK
2067,43,6,2025-11-25T22:00:00,548.95,OK
2068,108,3,2025-11-12T04:00:00,523.6,OK
2069,88,4,2025-11-16T15:00:00,693.44,OK
2070,9,6,2026-02-19T07:00:00,56.03,OK
2071,10,1,2025-12-21T04:00:00,,COLLECT_FAILED
2072,177,4,2026-02-03T23:00:00,1641.69,OK
2073,155,1,2025-11-17T12:00:00,1020.68,OK
2074,2,6,2025-11-25T05:00:00,127.52,OK
2075,79,2,2026-01-26T20:00:00,718.33,OK
2076,106,2,2025-11-28T16:00:00,267.26,OK
2077,10,6,2025-12-08T16:00:00,364.22,OK
2078,152,6,2026-01-20T20:00:00,346.75,OK
2079,37,2,2026-02-25T19:00:00,340.44,OK
2080,165,7,2026-01-16T20:00:00,868.29,OK
2081,68,6,2025-11-07T17:00:00,946.49,OK
2082,94,4,2025-10-31T21:00:00,1138.85,OK
2083,52,6,2025-11-13T09:00:00,392.98,OK
2084,117,7,2025-11-15T09:00:00,678.34,OK
2085,108,4,2026-02-07T21:00:00,487.74,OK
2086,145,5,2026-01-18T03:00:00,641.85,OK
2087,161,3,2025-12-27T04:00:00,106.64,OK
2088,166,5,2025-11-30T17:00:00,178.57,OK
2089,127,6,2026-01-16T12:00:00,203.2,OK
2090,163,4,2025-12-20T22:00:00,1422.03,OK
2091,30,3,2026-01-15T03:00:00,280.48,OK
2092,76,3,2025-11-07T10:00:00,474.17,OK
2093,5,7,2026-02-14T09:00:00,609.51,OK
2094,118,3,2025-12-14T22:00:00,21.49,OK
2095,161,4,2025-11-29T22:00:00,118.63,OK
2096,134,5,2026-01-31T05:00:00,803.14,OK
2097,24,4,2026-02-23T21:00:00,683.78,OK
2098,159,6,2025-11-27T01:00:00,399.17,OK
2099,44,3,2025-11-30T17:00:00,799.9,OK
2100,93,2,2026-01-01T00:00:00,682.49,OK
2101,182,4,2026-01-12T05:00:00,1366.29,OK
2102,83,6,2025-12-04T16:00:00,192.75,OK
2103,4,6,2025-12-14T06:00:00,462.2,OK
2104,168,6,2025-12-22T20:00:00,950.67,OK
2105,79,7,2025-11-15T06:00:00,660.18,OK
2106,186,4,2026-02-03T00:00:00,823.95,OK
2107,178,4,2025-12-27T20:00:00,379.24,OK
2108,139,5,2026-01-28T18:00:00,577.67,OK
2109,86,2,2026-01-19T06:00:00,,COLLECT_FAILED
2110,46,7,2026-01-08T17:00:00,1270.54,OK
2111,74,5,2026-01-29T13:00:00,307.29,OK
2112,166,4,2026-02-25T10:00:00,169.8,OK
2113,93,2,2025-12-20T07:00:00,773.67,OK
2114,166,6,2026-01-24T00:00:00,193.97,OK
2115,199,5,2025-11-30T06:00:00,416.55,OK
2116,79,2,2025-12-21T20:00:00,547.58,OK
2117,144,2,2026-01-01T13:00:00,224.55,OK
2118,116,4,2025-12-21T23:00:00,633.9,OK
2119,18,1,2025-11-11T13:00:00,859.94,OK
2120,79,4,2025-12-14T19:00:00,597.56,OK
2121,53,6,2025-12-24T12:00:00,250.26,OK
2122,92,5,2025-12-26T19:00:00,213.04,OK
2123,168,4,2026-02-07T08:00:00,726.95,OK
2124,74,6,2025-11-17T06:00:00,357.07,OK
2125,164,3,2025-11-11T13:00:00,980.15,OK
2126,118,2,2025-11-04T07:00:00,,COLLECT_FAILED
2127,135,1,2026-01-11T23:00:00,923.2,OK
2128,25,1,2026-01-15T19:00:00,377.61,OK
2129,135,6,2026-01-01T01:00:00,634.36,OK
2130,168,1,2026-02-23T18:00:00,575.25,OK
2131,88,6,2026-02-09T03:00:00,,COLLECT_FAILED
2132,119,6,2026-02-04T08:00:00,278.94,OK
2133,160,3,2025-11-16T07:00:00,876.08,OK
2134,130,2,2026-01-03T23:00:00,431.71,OK
2135,38,5,2025-12-24T15:00:00,493.57,OK
2136,166,3,2025-11-25T07:00:00,153.18,OK
2137,76,7,2026-01-06T04:00:00,506.7,OK
2138,189,2,2025-11-11T09:00:00,543.46,OK
2139,30,2,2025-12-23T07:00:00,,COLLECT_FAILED
2140,30,4,2025-12-02T20:00:00,424.23,OK
2141,1,4,2025-12-11T12:00:00,121.88,OK
2142,130,7,2025-11-20T16:00:00,445.58,OK
2143,150,3,2025-12-10T17:00:00,910.11,OK
2144,35,2,2026-02-23T11:00:00,1373.62,OK
2145,182,5,2026-02-23T10:00:00,1464.4,OK
2146,73,2,2026-01-15T08:00:00,1106.99,OK
2147,55,7,2025-11-17T20:00:00,365.49,OK
2148,68,6,2026-01-26T15:00:00,,COLLECT_FAILED
2149,85,1,2026-02-06T15:00:00,453.09,OK
2150,2,3,2026-02-21T07:00:00,185.89,OK
2151,180,3,2026-01-13T23:00:00,395.68,OK
2152,60,3,2026-02-25T05:00:00,437.47,OK
2153,99,7,2025-12-16T19:00:00,268.88,OK
2154,186,7,2025-12-06T19:00:00,786.96,OK
2155,22,3,2025-11-10T16:00:00,373.02,OK
2156,167,2,2025-11-05T02:00:00,226.77,OK
2157,116,1,2026-02-19T20:00:00,486.87,OK
2158,193,6,2026-02-15T18:00:00,883.77,OK
2159,44,2,2026-02-07T18:00:00,932.82,OK
2160,114,7,2025-11-27T16:00:00,29.6,OK
2161,75,3,2026-02-14T19:00:00,617.72,OK
2162,176,6,2026-02-26T10:00:00,395.41,OK
2163,2,4,2025-10-31T02:00:00,163.43,OK
2164,172,2,2025-11-22T00:00:00,1052.72,OK
2165,126,1,2026-01-28T04:00:00,335.7,OK
2166,40,6,2026-01-27T17:00:00,33.08,OK
2167,150,5,2026-01-17T21:00:00,911.25,OK
2168,189,6,2025-11-08T00:00:00,677.57,OK
2169,20,1,2025-12-05T19:00:00,670.97,OK
2170,200,4,2026-01-23T08:00:00,596.03,OK
2171,72,4,2026-01-06T02:00:00,1257.45,OK
2172,84,3,2026-02-23T13:00:00,240.11,OK
2173,146,3,2026-01-28T16:00:00,550.84,OK
2174,37,6,2026-01-17T03:00:00,326.49,OK
2175,190,7,2026-02-18T22:00:00,723.54,OK
2176,68,4,2025-11-30T13:00:00,1253.67,OK
2177,176,3,2026-01-03T13:00:00,280.92,OK
2178,88,3,2025-12-05T20:00:00,720.11,OK
2179,144,1,2025-12-05T17:00:00,239.93,OK
2180,44,5,2025-12-27T04:00:00,1010.95,OK
2181,75,7,2025-12-18T00:00:00,913.11,OK
2182,109,6,2025-11-13T04:00:00,430.29,OK
2183,51,2,2025-11-21T13:00:00,879.14,OK
2184,141,5,2025-12-30T12:00:00,1005.04,OK
2185,176,5,2025-12-31T11:00:00,,COLLECT_FAILED
2186,42,7,2025-12-22T11:00:00,,COLLECT_FAILED
2187,165,6,2026-01-13T17:00:00,1098.8,OK
2188,143,1,2025-12-18T06:00:00,1033.59,OK
2189,119,5,2025-11-04T21:00:00,323.97,OK
2190,68,5,2026-01-06T07:00:00,1060.65,OK
2191,143,6,2025-11-17T13:00:00,793.57,OK
2192,27,1,2025-11-19T03:00:00,357.17,OK
2193,65,4,2026-01-03T10:00:00,242.63,OK
2194,139,1,2026-01-24T07:00:00,610.65,OK
2195,45,6,2025-12-26T20:00:00,56.34,OK
2196,111,1,2026-02-21T22:00:00,801.74,OK
2197,112,7,2026-01-04T17:00:00,1010.68,OK
2198,189,7,2026-02-19T00:00:00,841.45,OK
2199,69,5,2026-01-10T14:00:00,588.36,OK
2200,50,7,2025-12-11T03:00:00,115.83,OK
2201,133,1,2025-11-06T20:00:00,633.73,OK
2202,74,4,2026-01-06T12:00:00,364.58,OK
2203,141,3,2026-01-02T22:00:00,987.86,OK
2204,7,1,2026-01-19T14:00:00,391.93,OK
2205,114,6,2025-11-16T21:00:00,22.64,OK
2206,3,3,2026-02-02T03:00:00,1262.52,OK
2207,18,2,2025-12-24T10:00:00,1333.69,OK
2208,145,2,2026-02-17T04:00:00,422.05,OK
2209,27,4,2026-01-29T14:00:00,327.84,OK
2210,159,5,2025-12-26T21:00:00,525.09,OK
2211,41,7,2026-02-12T11:00:00,769.3,OK
2212,21,7,2026-01-08T19:00:00,935.27,OK
2213,66,3,2026-01-23T10:00:00,337.03,OK
2214,137,6,2025-12-03T00:00:00,398.69,OK
2215,50,4,2026-02-07T14:00:00,,COLLECT_FAILED
2216,110,1,2026-01-07T01:00:00,,COLLECT_FAILED
2217,144,2,2025-11-10T09:00:00,235.51,OK
2218,79,5,2025-10-31T21:00:00,653.89,OK
2219,44,4,2026-02-23T03:00:00,756.25,OK
2220,184,4,2026-01-12T02:00:00,1101.14,OK
2221,162,7,2026-02-21T13:00:00,711.75,OK
2222,45,2,2025-12-01T09:00:00,55.46,OK
2223,51,3,2026-01-18T09:00:00,,COLLECT_FAILED
2224,15,1,2026-01-17T19:00:00,493.72,OK
2225,126,3,2025-12-20T12:00:00,376.19,OK
2226,87,5,2025-11-02T08:00:00,671.13,OK
2227,142,7,2026-01-23T10:00:00,,COLLECT_FAILED
2228,183,6,2026-01-06T12:00:00,1287.44,OK
2229,21,3,2026-01-19T16:00:00,954.45,OK
2230,58,2,2025-11-28T18:00:00,822.0,OK
2231,131,6,2025-11-05T01:00:00,117.94,OK
2232,66,7,2026-02-06T09:00:00,274.12,OK
2233,85,5,2025-12-16T21:00:00,558.79,OK
2234,83,3,2026-01-15T03:00:00,156.33,OK
2235,56,4,2025-11-29T19:00:00,770.45,OK
2236,130,7,2025-12-13T18:00:00,407.92,OK
2237,69,1,2025-12-21T14:00:00,752.75,OK
2238,151,7,2026-02-20T00:00:00,226.33,OK
2239,4,7,2025-12-21T02:00:00,514.51,OK
2240,33,3,2026-02-23T08:00:00,541.0,OK
2241,56,6,2025-10-31T23:00:00,774.98,OK
2242,121,2,2026-01-28T08:00:00,188.29,OK
2243,154,7,2026-02-04T14:00:00,251.75,OK
2244,183,4,2025-12-02T09:00:00,821.16,OK
2245,91,4,2025-11-03T22:00:00,1221.54,OK
2246,60,6,2026-02-11T09:00:00,483.1,OK
2247,59,5,2026-01-01T07:00:00,33.02,OK
2248,11,2,2026-01-07T21:00:00,748.46,OK
2249,72,2,2025-12-10T01:00:00,1195.95,OK
2250,150,5,2025-12-05T18:00:00,1510.01,OK
2251,19,5,2026-01-14T10:00:00,507.64,OK
2252,54,1,2026-02-20T02:00:00,151.77,OK
2253,98,3,2026-01-25T22:00:00,836.39,OK
2254,141,5,2025-10-29T03:00:00,824.74,OK
2255,39,6,2025-11-14T07:00:00,1232.6,OK
2256,138,6,2026-01-31T03:00:00,,COLLECT_FAILED
2257,25,5,2025-11-05T04:00:00,365.54,OK
2258,191,6,2026-02-10T22:00:00,514.79,OK
2259,164,2,2025-10-30T00:00:00,1006.86,OK
2260,106,1,2025-11-09T01:00:00,271.99,OK
2261,129,4,2025-12-13T15:00:00,,COLLECT_FAILED
2262,17,7,2026-02-25T06:00:00,73.16,OK
2263,76,5,2025-11-12T21:00:00,621.44,OK
2264,64,4,2026-02-04T07:00:00,1000.46,OK
2265,95,4,2025-11-18T04:00:00,242.68,OK
2266,192,5,2025-11-21T11:00:00,242.08,OK
2267,90,2,2025-12-06T11:00:00,651.63,OK
2268,3,2,2025-12-03T11:00:00,1249.88,OK
2269,135,1,2025-11-17T18:00:00,659.93,OK
2270,185,7,2025-11-04T18:00:00,76.11,OK
2271,145,7,2026-01-05T11:00:00,550.6,OK
2272,148,1,2026-01-31T10:00:00,847.03,OK
2273,41,5,2025-11-17T18:00:00,928.49,OK
2274,19,6,2026-01-01T13:00:00,716.95,OK
2275,55,7,2026-01-14T23:00:00,403.08,OK
2276,178,7,2026-02-25T02:00:00,303.11,OK
2277,177,7,2026-01-30T00:00:00,1002.11,OK
2278,148,6,2026-02-23T10:00:00,592.32,OK
2279,136,2,2026-01-22T21:00:00,,COLLECT_FAILED
2280,165,7,2026-01-30T13:00:00,1135.9,OK
2281,122,6,2025-11-08T03:00:00,780.66,OK
2282,5,1,2026-01-23T02:00:00,474.2,OK
2283,190,2,2025-12-29T19:00:00,981.56,OK
2284,133,5,2025-11-15T13:00:00,755.26,OK
2285,7,6,2026-02-13T13:00:00,565.04,OK
2286,73,6,2025-12-19T06:00:00,1007.08,OK
2287,5,4,2025-12-20T11:00:00,473.34,OK
2288,71,2,2025-12-08T07:00:00,1116.49,OK
2289,96,2,2026-01-26T13:00:00,128.43,OK
2290,47,6,2025-10-31T23:00:00,,COLLECT_FAILED
2291,147,6,2026-02-21T22:00:00,899.75,OK
2292,103,3,2025-11-05T21:00:00,226.38,OK
2293,126,4,2025-11-22T19:00:00,309.23,OK
2294,176,4,2026-01-07T04:00:00,319.86,OK
2295,135,6,2025-11-17T03:00:00,732.36,OK
2296,86,7,2025-12-06T00:00:00,213.96,OK
2297,69,4,2025-12-24T02:00:00,,COLLECT_FAILED
2298,27,3,2025-11-30T20:00:00,,COLLECT_FAILED
2299,90,1,2025-12-09T12:00:00,439.48,OK
2300,93,6,2025-12-24T14:00:00,607.52,OK
2301,52,7,2025-11-01T02:00:00,570.31,OK
2302,60,2,2025-11-14T19:00:00,,COLLECT_FAILED
2303,156,3,2025-11-26T04:00:00,737.18,OK
2304,97,2,2025-12-05T16:00:00,507.06,OK
2305,149,7,2025-12-25T22:00:00,108.68,OK
2306,10,4,2026-02-11T05:00:00,265.14,OK
2307,184,7,2025-12-03T01:00:00,,COLLECT_FAILED
2308,102,1,2025-12-10T08:00:00,1319.39,OK
2309,187,1,2025-10-30T04:00:00,674.01,OK
2310,173,1,2026-01-05T12:00:00,,COLLECT_FAILED
2311,52,3,2025-12-05T22:00:00,397.48,OK
2312,88,4,2025-12-26T03:00:00,456.22,OK
2313,116,7,2026-01-22T20:00:00,474.67,OK
2314,114,7,2025-10-31T08:00:00,28.56,OK
2315,119,1,2025-11-21T10:00:00,370.44,OK
2316,113,7,2026-01-14T12:00:00,1273.99,OK
2317,108,7,2026-01-01T01:00:00,638.89,OK
2318,57,4,2026-01-22T07:00:00,1067.64,OK
2319,97,1,2025-12-29T14:00:00,741.15,OK
2320,3,5,2025-12-23T04:00:00,1293.11,OK
2321,4,1,2025-11-08T20:00:00,477.45,OK
2322,143,2,2025-12-17T21:00:00,1052.7,OK
2323,43,7,2026-01-16T17:00:00,473.16,OK
2324,198,1,2026-02-26T19:00:00,391.06,OK
2325,145,2,2026-02-17T11:00:00,429.5,OK
2326,36,2,2025-11-01T08:00:00,892.81,OK
2327,49,4,2026-02-26T01:00:00,944.54,OK
2328,125,2,2025-10-30T11:00:00,838.93,OK
2329,51,2,2025-12-03T23:00:00,1338.77,OK
2330,53,2,2025-12-19T02:00:00,197.53,OK
2331,69,1,2026-02-21T12:00:00,720.42,OK
2332,25,4,2026-01-19T01:00:00,435.03,OK
2333,103,3,2025-11-16T06:00:00,271.52,OK
2334,41,3,2025-12-30T02:00:00,793.89,OK
2335,44,5,2026-02-25T01:00:00,723.71,OK
2336,182,5,2025-12-15T00:00:00,1365.55,OK
2337,81,1,2025-12-02T07:00:00,69.11,OK
2338,44,7,2025-11-20T11:00:00,,COLLECT_FAILED
2339,34,4,2025-12-18T19:00:00,314.65,OK
2340,42,7,2025-11-24T14:00:00,341.95,OK
2341,179,4,2026-01-20T14:00:00,988.05,OK
2342,20,6,2026-02-03T12:00:00,739.14,OK
2343,10,7,2025-11-02T07:00:00,286.83,OK
2344,37,6,2026-02-25T11:00:00,529.0,OK
2345,160,2,2026-02-11T20:00:00,1125.29,OK
2346,195,7,2025-12-20T19:00:00,591.85,OK
2347,100,6,2025-10-29T14:00:00,589.39,OK
2348,78,3,2025-12-31T17:00:00,955.32,OK
2349,85,3,2026-02-11T18:00:00,725.27,OK
2350,112,4,2025-10-30T22:00:00,769.09,OK
2351,47,2,2026-02-22T03:00:00,357.4,OK
2352,18,5,2025-12-03T10:00:00,919.79,OK
2353,181,6,2026-01-24T05:00:00,736.37,OK
2354,4,3,2026-01-12T20:00:00,451.36,OK
2355,16,3,2026-02-05T11:00:00,213.22,OK
2356,166,7,2025-12-23T05:00:00,234.71,OK
2357,197,4,2025-11-26T21:00:00,212.18,OK
2358,141,7,2025-12-28T02:00:00,776.55,OK
2359,170,7,2025-12-10T14:00:00,675.58,OK
2360,44,7,2026-02-10T00:00:00,993.75,OK
2361,112,7,2025-12-30T07:00:00,1031.98,OK
2362,150,3,2026-02-13T19:00:00,,COLLECT_FAILED
2363,1,7,2026-01-17T09:00:00,93.19,OK
2364,49,6,2026-02-24T03:00:00,969.17,OK
2365,47,1,2026-02-21T00:00:00,340.24,OK
2366,4,7,2026-02-15T21:00:00,386.71,OK
2367,146,2,2025-11-14T07:00:00,853.94,OK
2368,1,2,2025-11-09T07:00:00,152.58,OK
2369,131,1,2026-01-15T21:00:00,139.0,OK
2370,129,5,2025-11-11T19:00:00,750.99,OK
2371,15,7,2026-02-16T12:00:00,418.86,OK
2372,36,5,2026-01-12T03:00:00,902.04,OK
2373,57,5,2025-12-27T23:00:00,,COLLECT_FAILED
2374,23,3,2025-12-04T15:00:00,,COLLECT_FAILED
2375,182,6,2025-11-08T23:00:00,1058.02,OK
2376,36,6,2025-12-22T17:00:00,722.51,OK
2377,136,4,2026-01-15T15:00:00,864.43,OK
2378,55,2,2026-01-24T20:00:00,468.69,OK
2379,101,4,2026-02-19T15:00:00,201.38,OK
2380,131,3,2026-02-07T19:00:00,139.38,OK
2381,6,1,2026-02-13T01:00:00,1255.15,OK
2382,26,1,2026-02-18T11:00:00,581.97,OK
2383,187,1,2025-11-24T11:00:00,865.86,OK
2384,185,2,2026-02-25T19:00:00,,COLLECT_FAILED
2385,158,2,2025-10-31T13:00:00,822.13,OK
2386,4,3,2026-01-23T19:00:00,429.12,OK
2387,128,3,2026-02-17T13:00:00,595.68,OK
2388,32,7,2026-01-27T16:00:00,590.07,OK
2389,164,5,2026-02-12T13:00:00,752.64,OK
2390,188,7,2026-01-27T06:00:00,96.51,OK
2391,84,2,2025-12-29T06:00:00,304.82,OK
2392,149,5,2026-02-13T02:00:00,121.79,OK
2393,127,2,2025-12-18T02:00:00,195.29,OK
2394,166,7,2026-02-14T08:00:00,214.42,OK
2395,186,5,2026-02-03T12:00:00,641.02,OK
2396,101,2,2026-01-24T17:00:00,218.5,OK
2397,148,1,2025-12-29T03:00:00,726.1,OK
2398,147,3,2025-12-16T17:00:00,562.64,OK
2399,79,3,2025-11-26T01:00:00,417.12,OK
2400,69,7,2025-12-08T12:00:00,512.52,OK
2401,142,2,2026-01-02T00:00:00,186.87,OK
2402,193,4,2025-11-19T01:00:00,1012.15,OK
2403,142,7,2026-01-04T21:00:00,309.88,OK
2404,200,7,2026-01-19T15:00:00,567.97,OK
2405,10,6,2025-12-26T09:00:00,333.08,OK
2406,135,5,2026-01-08T03:00:00,1004.88,OK
2407,128,3,2026-01-30T17:00:00,629.15,OK
2408,165,5,2025-11-23T05:00:00,1462.72,OK
2409,88,7,2025-11-18T20:00:00,506.42,OK
2410,132,1,2026-01-18T06:00:00,1040.85,OK
2411,92,2,2026-01-12T01:00:00,227.15,OK
2412,64,6,2026-02-12T14:00:00,817.81,OK
2413,56,1,2025-11-25T18:00:00,800.93,OK
2414,34,1,2026-01-19T01:00:00,266.94,OK
2415,87,1,2025-12-31T16:00:00,693.05,OK
2416,17,5,2025-11-13T19:00:00,90.86,OK
2417,33,1,2025-11-03T06:00:00,527.13,OK
2418,64,1,2026-01-19T13:00:00,946.27,OK
2419,95,3,2026-02-03T14:00:00,401.37,OK
2420,189,4,2026-02-26T21:00:00,772.13,OK
2421,187,3,2026-01-06T02:00:00,685.34,OK
2422,138,1,2025-11-15T00:00:00,564.01,OK
2423,41,3,2026-01-19T04:00:00,,COLLECT_FAILED
2424,104,1,2025-12-06T01:00:00,,COLLECT_FAILED
2425,11,5,2026-01-11T14:00:00,493.9,OK
2426,163,7,2025-11-19T07:00:00,1448.93,OK
2427,50,1,2026-01-06T03:00:00,77.7,OK
2428,24,1,2026-01-17T10:00:00,,COLLECT_FAILED
2429,16,2,2025-12-08T10:00:00,149.44,OK
2430,23,7,2025-12-14T15:00:00,931.67,OK
2431,178,4,2026-02-17T23:00:00,260.7,OK
2432,99,4,2025-11-02T00:00:00,284.26,OK
2433,180,6,2025-12-28T05:00:00,485.4,OK
2434,90,5,2026-01-23T02:00:00,734.01,OK
2435,190,1,2026-01-07T06:00:00,846.89,OK
2436,83,6,2025-11-27T06:00:00,158.61,OK
2437,46,7,2025-11-05T16:00:00,983.73,OK
2438,171,1,2025-12-12T00:00:00,499.5,OK
2439,27,3,2026-02-01T04:00:00,324.14,OK
2440,66,3,2025-11-19T17:00:00,364.5,OK
2441,57,1,2026-02-23T17:00:00,735.26,OK
2442,90,7,2025-12-05T19:00:00,724.8,OK
2443,193,2,2026-02-01T14:00:00,597.85,OK
2444,97,5,2025-12-20T01:00:00,608.47,OK
2445,187,7,2025-11-09T17:00:00,667.03,OK
2446,104,2,2025-11-30T08:00:00,402.59,OK
2447,66,7,2026-01-24T16:00:00,238.19,OK
2448,39,1,2025-11-07T05:00:00,1477.63,OK
2449,14,4,2026-02-08T20:00:00,1059.51,OK
2450,150,3,2026-02-10T11:00:00,1350.37,OK
2451,4,1,2025-11-22T01:00:00,631.63,OK
2452,6,2,2025-12-09T21:00:00,1289.78,OK
2453,156,3,2025-11-29T20:00:00,816.44,OK
2454,179,5,2026-02-13T21:00:00,932.29,OK
2455,152,4,2025-11-08T00:00:00,393.64,OK
2456,176,3,2025-12-02T16:00:00,411.15,OK
2457,51,4,2026-02-26T02:00:00,866.13,OK
2458,61,2,2025-11-29T19:00:00,925.7,OK
2459,43,2,2025-11-25T19:00:00,414.79,OK
2460,185,3,2025-11-13T14:00:00,89.61,OK
2461,50,3,2026-01-28T12:00:00,111.83,OK
2462,139,4,2025-12-15T21:00:00,488.0,OK
2463,8,4,2025-11-17T11:00:00,267.73,OK
2464,176,5,2026-02-02T00:00:00,379.05,OK
2465,156,1,2026-01-26T08:00:00,894.07,OK
2466,85,4,2025-11-15T10:00:00,567.32,OK
2467,69,2,2025-12-17T20:00:00,,COLLECT_FAILED
2468,70,2,2025-11-14T00:00:00,751.48,OK
2469,79,2,2025-12-26T20:00:00,645.0,OK
2470,21,6,2025-11-14T18:00:00,1103.8,OK
2471,26,3,2025-12-16T21:00:00,,COLLECT_FAILED
2472,165,6,2026-02-15T22:00:00,952.5,OK
2473,82,7,2025-11-16T11:00:00,,COLLECT_FAILED
2474,102,7,2026-02-04T17:00:00,1271.29,OK
2475,191,5,2026-01-04T20:00:00,528.12,OK
2476,120,4,2026-02-08T09:00:00,799.05,OK
2477,2,3,2026-01-11T13:00:00,182.93,OK
2478,73,6,2025-12-22T18:00:00,779.17,OK
2479,69,3,2026-01-05T05:00:00,522.95,OK
2480,116,3,2025-10-30T05:00:00,808.75,OK
2481,168,6,2026-02-04T23:00:00,,COLLECT_FAILED
2482,199,6,2026-01-06T08:00:00,351.25,OK
2483,132,5,2025-12-22T02:00:00,,COLLECT_FAILED
2484,193,1,2025-12-06T19:00:00,666.36,OK
2485,145,3,2026-02-15T05:00:00,438.29,OK
2486,44,5,2025-11-22T15:00:00,788.44,OK
2487,45,1,2025-11-14T18:00:00,34.57,OK
2488,125,7,2026-02-13T20:00:00,1015.79,OK
2489,54,2,2025-12-03T15:00:00,184.53,OK
2490,199,5,2025-11-21T00:00:00,,COLLECT_FAILED
2491,15,7,2025-11-02T15:00:00,607.31,OK
2492,67,6,2025-11-18T20:00:00,562.91,OK
2493,68,6,2025-11-30T01:00:00,1060.83,OK
2494,144,7,2025-12-13T07:00:00,157.07,OK
2495,101,5,2026-02-04T19:00:00,210.62,OK
2496,144,6,2025-11-07T15:00:00,,COLLECT_FAILED
2497,5,4,2025-12-01T20:00:00,373.54,OK
2498,153,6,2025-12-02T06:00:00,735.66,OK
2499,15,3,2026-01-29T23:00:00,444.13,OK
2500,198,7,2026-02-15T04:00:00,587.14,OK
2501,15,4,2026-01-26T04:00:00,614.9,OK
2502,13,4,2026-02-26T23:00:00,,COLLECT_FAILED
2503,16,4,2025-11-06T17:00:00,,COLLECT_FAILED
2504,56,3,2026-02-13T00:00:00,1227.91,OK
2505,149,2,2025-12-03T18:00:00,170.85,OK
2506,178,5,2025-11-11T17:00:00,381.35,OK
2507,83,5,2026-02-18T16:00:00,169.34,OK
2508,101,4,2025-11-26T02:00:00,190.21,OK
2509,174,5,2025-12-15T23:00:00,280.43,OK
2510,180,1,2025-11-05T09:00:00,406.17,OK
2511,25,5,2025-12-13T04:00:00,392.74,OK
2512,17,5,2025-12-26T02:00:00,60.64,OK
2513,135,4,2026-02-22T10:00:00,918.81,OK
2514,194,6,2025-12-26T14:00:00,306.41,OK
2515,5,4,2025-12-07T01:00:00,,COLLECT_FAILED
2516,102,5,2025-12-04T11:00:00,1134.12,OK
2517,126,4,2025-10-30T02:00:00,462.17,OK
2518,200,6,2026-02-19T22:00:00,553.25,OK
2519,144,7,2025-11-30T07:00:00,197.85,OK
2520,139,4,2025-10-30T22:00:00,583.37,OK
2521,24,2,2025-12-09T19:00:00,,COLLECT_FAILED
2522,15,6,2026-01-16T06:00:00,614.86,OK
2523,151,4,2026-02-13T16:00:00,304.13,OK
2524,117,6,2025-12-16T18:00:00,927.85,OK
2525,101,5,2026-01-23T08:00:00,155.78,OK
2526,188,3,2026-02-10T06:00:00,93.19,OK
2527,72,6,2026-02-19T04:00:00,1378.07,OK
2528,75,3,2026-01-29T00:00:00,689.7,OK
2529,74,6,2025-11-01T01:00:00,296.6,OK
2530,108,6,2026-01-05T13:00:00,433.16,OK
2531,151,7,2025-11-01T05:00:00,207.93,OK
2532,170,7,2025-11-25T16:00:00,567.97,OK
2533,24,4,2025-12-24T09:00:00,880.5,OK
2534,164,2,2026-01-30T19:00:00,919.57,OK
2535,6,2,2025-12-03T07:00:00,1291.77,OK
2536,122,2,2025-12-16T21:00:00,1240.92,OK
2537,83,6,2026-02-04T21:00:00,160.38,OK
2538,105,6,2026-02-08T18:00:00,93.26,OK
2539,21,7,2025-12-07T10:00:00,828.62,OK
2540,124,4,2026-02-15T20:00:00,,COLLECT_FAILED
2541,80,3,2026-02-17T14:00:00,1008.52,OK
2542,187,6,2025-11-13T23:00:00,1037.53,OK
2543,174,5,2025-12-16T05:00:00,409.14,OK
2544,178,5,2026-01-22T04:00:00,259.61,OK
2545,31,6,2025-12-22T05:00:00,1441.81,OK
2546,45,4,2026-01-03T19:00:00,57.51,OK
2547,148,2,2025-11-22T02:00:00,862.09,OK
2548,65,1,2025-12-24T04:00:00,271.9,OK
2549,188,1,2026-02-23T19:00:00,102.95,OK
2550,88,7,2025-11-28T09:00:00,411.15,OK
2551,50,3,2025-11-23T13:00:00,83.16,OK
2552,100,1,2025-12-27T05:00:00,567.33,OK
2553,101,4,2025-12-12T05:00:00,173.25,OK
2554,142,7,2025-12-10T21:00:00,322.86,OK
2555,12,5,2025-11-10T08:00:00,172.18,OK
2556,63,3,2025-12-26T10:00:00,1240.77,OK
2557,77,7,2025-11-17T11:00:00,963.81,OK
2558,56,3,2025-12-01T15:00:00,1320.94,OK
2559,10,1,2026-02-04T07:00:00,229.99,OK
2560,17,3,2026-02-01T06:00:00,,COLLECT_FAILED
2561,197,1,2025-11-04T10:00:00,213.59,OK
2562,86,3,2025-12-11T10:00:00,206.47,OK
2563,81,2,2026-02-05T10:00:00,102.54,OK
2564,192,4,2025-12-08T07:00:00,178.27,OK
2565,10,6,2026-02-20T06:00:00,403.04,OK
2566,132,2,2025-11-04T18:00:00,1168.85,OK
2567,182,5,2026-02-25T11:00:00,1191.7,OK
2568,61,7,2025-11-12T18:00:00,,COLLECT_FAILED
2569,124,5,2025-12-01T05:00:00,512.9,OK
2570,21,6,2026-01-01T20:00:00,,COLLECT_FAILED
2571,87,2,2025-12-17T01:00:00,834.61,OK
2572,25,2,2026-01-02T05:00:00,495.61,OK
2573,128,1,2025-11-29T00:00:00,553.33,OK
2574,149,7,2025-12-28T10:00:00,159.11,OK
2575,18,2,2026-01-20T13:00:00,1275.4,OK
2576,17,4,2026-01-31T08:00:00,73.48,OK
2577,194,2,2026-02-04T08:00:00,370.05,OK
2578,174,7,2025-11-26T21:00:00,280.08,OK
2579,68,6,2025-12-10T07:00:00,1223.64,OK
2580,194,5,2026-02-25T05:00:00,359.79,OK
2581,176,1,2025-11-26T07:00:00,,COLLECT_FAILED
2582,168,5,2026-02-13T02:00:00,628.8,OK
2583,77,4,2026-02-14T16:00:00,674.78,OK
2584,9,1,2025-11-18T22:00:00,69.14,OK
2585,8,6,2025-11-01T18:00:00,238.8,OK
2586,109,7,2025-12-14T23:00:00,312.52,OK
2587,11,3,2026-01-17T18:00:00,459.69,OK
2588,35,6,2025-12-26T10:00:00,1462.64,OK
2589,150,5,2026-01-05T07:00:00,1449.15,OK
2590,114,4,2026-01-03T19:00:00,21.97,OK
2591,65,6,2025-12-09T20:00:00,349.48,OK
2592,174,3,2026-01-10T17:00:00,373.26,OK
2593,166,4,2025-12-09T11:00:00,192.32,OK
2594,177,1,2025-11-28T12:00:00,1381.02,OK
2595,198,1,2026-01-18T21:00:00,466.57,OK
2596,143,5,2025-12-02T01:00:00,1076.3,OK
2597,58,3,2026-02-21T00:00:00,1320.55,OK
2598,101,1,2026-02-22T19:00:00,240.98,OK
2599,84,1,2026-01-31T07:00:00,299.54,OK
2600,113,7,2025-11-15T22:00:00,776.52,OK
2601,167,7,2025-12-09T09:00:00,229.26,OK
2602,120,2,2026-01-02T10:00:00,1011.6,OK
2603,39,2,2025-11-29T22:00:00,946.6,OK
2604,183,1,2025-12-09T15:00:00,1268.85,OK
2605,148,4,2026-01-12T03:00:00,524.27,OK
2606,43,1,2025-11-11T09:00:00,469.28,OK
2607,20,4,2026-02-01T15:00:00,721.97,OK
2608,196,3,2026-02-24T20:00:00,172.73,OK
2609,85,6,2026-01-01T10:00:00,768.51,OK
2610,22,7,2025-12-11T14:00:00,497.09,OK
2611,63,4,2026-02-12T02:00:00,1020.13,OK
2612,90,5,2026-01-12T07:00:00,652.94,OK
2613,77,5,2025-11-07T20:00:00,631.7,OK
2614,2,7,2025-11-17T08:00:00,156.36,OK
2615,44,6,2025-11-07T18:00:00,830.37,OK
2616,22,4,2025-11-27T21:00:00,,COLLECT_FAILED
2617,87,7,2026-02-26T20:00:00,728.4,OK
2618,187,7,2026-01-14T14:00:00,1029.5,OK
2619,101,5,2025-12-31T02:00:00,237.83,OK
2620,138,1,2026-01-07T02:00:00,675.74,OK
2621,123,7,2026-02-08T06:00:00,123.84,OK
2622,141,2,2026-02-21T13:00:00,739.18,OK
2623,189,7,2026-02-04T07:00:00,605.78,OK
2624,113,1,2026-01-06T15:00:00,915.82,OK
2625,159,3,2025-10-31T04:00:00,443.15,OK
2626,106,5,2026-01-24T22:00:00,336.0,OK
2627,110,1,2025-11-07T19:00:00,451.09,OK
2628,191,1,2026-02-05T20:00:00,691.92,OK
2629,91,5,2025-11-05T15:00:00,1213.08,OK
2630,40,2,2025-12-21T10:00:00,50.98,OK
2631,74,5,2025-12-15T02:00:00,424.97,OK
2632,105,5,2025-11-01T08:00:00,54.56,OK
2633,87,1,2025-12-16T21:00:00,684.69,OK
2634,188,4,2025-11-28T03:00:00,88.08,OK
2635,121,6,2026-01-23T19:00:00,246.39,OK
2636,21,3,2025-11-22T09:00:00,757.97,OK
2637,34,7,2026-02-11T23:00:00,304.93,OK
2638,2,3,2025-12-09T07:00:00,182.2,OK
2639,31,1,2026-02-23T03:00:00,1078.74,OK
2640,125,6,2025-12-03T11:00:00,1077.05,OK
2641,28,6,2025-11-14T15:00:00,573.64,OK
2642,76,1,2026-01-13T23:00:00,498.64,OK
2643,198,4,2025-10-30T08:00:00,370.84,OK
2644,174,7,2025-11-01T03:00:00,351.75,OK
2645,66,6,2025-11-29T13:00:00,256.67,OK
2646,193,5,2025-12-11T10:00:00,656.15,OK
2647,94,1,2026-01-13T13:00:00,1172.23,OK
2648,26,1,2025-12-22T09:00:00,582.53,OK
2649,79,1,2025-11-18T05:00:00,591.97,OK
2650,176,6,2026-02-02T15:00:00,318.05,OK
2651,116,2,2026-01-11T01:00:00,812.14,OK
2652,91,3,2025-11-17T13:00:00,1171.37,OK
2653,117,2,2026-01-02T18:00:00,676.03,OK
2654,86,6,2026-02-25T23:00:00,204.81,OK
2655,8,5,2025-11-26T04:00:00,282.5,OK
2656,97,6,2025-12-30T07:00:00,734.24,OK
2657,97,1,2025-12-15T08:00:00,478.82,OK
2658,160,1,2026-01-23T23:00:00,839.15,OK
2659,164,3,2025-11-08T17:00:00,1155.78,OK
2660,39,7,2026-01-28T02:00:00,,COLLECT_FAILED
2661,28,7,2025-12-04T18:00:00,409.54,OK
2662,18,2,2026-02-09T12:00:00,1377.38,OK
2663,138,5,2026-01-05T08:00:00,503.5,OK
2664,107,5,2026-01-06T09:00:00,,COLLECT_FAILED
2665,189,5,2026-02-11T13:00:00,820.76,OK
2666,23,2,2026-02-05T22:00:00,912.2,OK
2667,179,7,2025-12-04T12:00:00,858.68,OK
2668,147,1,2026-01-23T17:00:00,667.44,OK
2669,78,6,2025-11-25T16:00:00,951.36,OK
2670,170,7,2026-01-09T05:00:00,662.4,OK
2671,17,6,2026-02-18T00:00:00,69.2,OK
2672,157,6,2026-02-21T13:00:00,827.19,OK
2673,59,2,2026-01-05T04:00:00,21.9,OK
2674,162,5,2025-12-29T21:00:00,410.01,OK
2675,79,3,2025-10-30T11:00:00,493.28,OK
2676,103,2,2025-12-20T06:00:00,253.97,OK
2677,133,3,2026-02-22T22:00:00,929.48,OK
2678,189,6,2025-12-10T09:00:00,772.69,OK
2679,169,3,2025-12-07T09:00:00,541.58,OK
2680,130,1,2026-01-15T16:00:00,298.3,OK
2681,131,5,2025-11-27T19:00:00,139.97,OK
2682,92,1,2025-11-22T00:00:00,240.38,OK
2683,41,1,2026-01-15T18:00:00,876.9,OK
2684,4,3,2025-11-02T00:00:00,,COLLECT_FAILED
2685,124,6,2025-11-28T15:00:00,548.16,OK
2686,161,7,2026-02-11T10:00:00,149.54,OK
2687,182,5,2026-02-19T18:00:00,1266.37,OK
2688,9,2,2025-11-06T06:00:00,64.62,OK
2689,165,6,2025-11-12T01:00:00,1198.32,OK
2690,180,1,2025-11-30T21:00:00,571.84,OK
2691,6,5,2025-12-14T02:00:00,1249.15,OK
2692,119,1,2025-12-20T22:00:00,247.36,OK
2693,48,7,2025-12-13T00:00:00,10.65,OK
2694,146,1,2025-11-12T02:00:00,716.92,OK
2695,86,2,2026-01-04T22:00:00,190.59,OK
2696,120,4,2025-11-07T06:00:00,,COLLECT_FAILED
2697,48,3,2025-11-28T08:00:00,11.83,OK
2698,122,7,2026-02-13T09:00:00,,COLLECT_FAILED
2699,41,4,2025-12-20T04:00:00,,COLLECT_FAILED
2700,165,4,2025-12-20T22:00:00,891.71,OK
2701,33,5,2025-12-13T15:00:00,315.78,OK
2702,177,5,2025-11-16T11:00:00,1525.49,OK
2703,129,3,2026-01-10T20:00:00,857.25,OK
2704,97,6,2025-12-26T07:00:00,583.01,OK
2705,1,3,2025-11-03T01:00:00,113.02,OK
2706,21,4,2025-12-03T01:00:00,1338.07,OK
2707,24,1,2025-11-02T13:00:00,594.18,OK
2708,164,3,2026-02-08T15:00:00,,COLLECT_FAILED
2709,155,7,2025-12-09T11:00:00,936.83,OK
2710,111,5,2025-11-03T10:00:00,664.43,OK
2711,147,7,2026-02-25T23:00:00,897.57,OK
2712,129,7,2025-10-31T21:00:00,,COLLECT_FAILED
2713,67,1,2025-11-21T17:00:00,717.39,OK
2714,165,4,2026-01-23T03:00:00,878.95,OK
2715,124,1,2026-01-31T07:00:00,403.46,OK
2716,62,1,2025-11-06T21:00:00,90.44,OK
2717,193,6,2025-11-08T09:00:00,622.14,OK
2718,4,6,2025-12-04T09:00:00,518.47,OK
2719,6,5,2026-02-03T16:00:00,1825.23,OK
2720,176,7,2025-11-28T05:00:00,295.12,OK
2721,39,1,2026-02-11T18:00:00,1613.65,OK
2722,33,2,2025-12-16T04:00:00,360.78,OK
2723,14,2,2026-01-10T10:00:00,752.34,OK
2724,196,5,2026-01-24T16:00:00,148.34,OK
2725,142,1,2026-02-10T21:00:00,273.79,OK
2726,183,7,2026-01-17T04:00:00,1213.88,OK
2727,60,7,2026-01-10T22:00:00,,COLLECT_FAILED
2728,146,4,2026-02-20T03:00:00,653.76,OK
2729,181,4,2026-01-05T16:00:00,824.67,OK
2730,54,3,2025-11-25T01:00:00,173.91,OK
2731,144,2,2026-01-24T08:00:00,193.45,OK
2732,88,1,2025-12-01T14:00:00,672.92,OK
2733,11,1,2026-01-17T08:00:00,537.8,OK
2734,150,4,2025-12-07T17:00:00,1126.62,OK
2735,60,6,2025-11-03T23:00:00,404.05,OK
2736,156,5,2025-12-08T20:00:00,961.49,OK
2737,11,5,2026-01-14T05:00:00,518.03,OK
2738,63,6,2025-11-24T17:00:00,1032.7,OK
2739,185,6,2026-01-09T07:00:00,62.12,OK
2740,30,1,2026-01-03T02:00:00,290.93,OK
2741,99,3,2026-02-15T14:00:00,321.39,OK
2742,39,7,2026-02-05T19:00:00,1204.99,OK
2743,51,4,2025-11-21T14:00:00,1095.59,OK
2744,71,6,2025-11-06T05:00:00,1315.17,OK
2745,13,3,2026-02-07T23:00:00,1006.66,OK
2746,140,2,2025-11-05T14:00:00,116.41,OK
2747,120,6,2025-12-12T22:00:00,964.6,OK
2748,129,3,2026-02-15T13:00:00,785.72,OK
2749,10,5,2026-01-19T08:00:00,381.09,OK
2750,20,5,2025-12-21T20:00:00,760.92,OK
2751,120,5,2026-02-26T09:00:00,1038.71,OK
2752,93,3,2026-01-12T02:00:00,647.97,OK
2753,169,6,2026-01-03T21:00:00,532.42,OK
2754,7,1,2026-01-30T11:00:00,432.08,OK
2755,3,1,2026-01-04T18:00:00,936.74,OK
2756,27,2,2026-01-06T15:00:00,318.31,OK
2757,176,7,2026-01-15T06:00:00,344.61,OK
2758,140,3,2026-02-04T21:00:00,164.22,OK
2759,155,5,2026-01-17T18:00:00,987.96,OK
2760,27,3,2026-01-26T23:00:00,225.8,OK
2761,148,3,2026-02-04T12:00:00,826.26,OK
2762,60,4,2026-02-02T20:00:00,482.26,OK
2763,28,3,2026-01-27T22:00:00,407.29,OK
2764,166,2,2026-02-24T07:00:00,136.57,OK
2765,23,1,2025-11-20T23:00:00,700.61,OK
2766,76,4,2026-01-10T15:00:00,731.7,OK
2767,153,1,2025-12-29T21:00:00,833.31,OK
2768,83,1,2025-12-06T08:00:00,,COLLECT_FAILED
2769,149,6,2026-02-13T09:00:00,106.85,OK
2770,22,2,2025-12-31T21:00:00,518.87,OK
2771,126,2,2025-11-18T15:00:00,276.73,OK
2772,181,4,2025-12-20T18:00:00,980.45,OK
2773,15,4,2026-01-11T13:00:00,650.57,OK
2774,116,7,2026-01-07T22:00:00,551.2,OK
2775,181,2,2026-02-26T02:00:00,1026.01,OK
2776,114,5,2026-01-02T21:00:00,25.33,OK
2777,171,1,2026-02-22T22:00:00,762.35,OK
2778,142,3,2025-11-19T01:00:00,307.15,OK
2779,18,4,2026-02-03T04:00:00,1153.77,OK
2780,183,5,2025-12-18T17:00:00,858.4,OK
2781,24,5,2025-12-23T06:00:00,686.03,OK
2782,78,1,2026-01-10T20:00:00,1216.63,OK
2783,66,1,2025-11-24T12:00:00,230.62,OK
2784,79,2,2025-11-02T20:00:00,694.36,OK
2785,131,5,2025-12-10T14:00:00,142.69,OK
2786,18,3,2025-12-25T03:00:00,,COLLECT_FAILED
2787,1,7,2025-11-20T11:00:00,142.34,OK
2788,106,2,2026-02-07T05:00:00,298.61,OK
2789,197,2,2026-01-16T00:00:00,225.92,OK
2790,82,7,2026-02-02T22:00:00,73.09,OK
2791,69,5,2025-11-30T16:00:00,484.05,OK
2792,68,1,2025-12-21T16:00:00,,COLLECT_FAILED
2793,183,7,2026-02-06T23:00:00,885.27,OK
2794,79,3,2025-11-25T09:00:00,615.21,OK
2795,48,4,2026-02-02T22:00:00,12.94,OK
2796,157,2,2025-11-13T02:00:00,758.69,OK
2797,9,5,2025-11-08T04:00:00,87.57,OK
2798,152,2,2025-11-08T07:00:00,235.42,OK
2799,136,3,2025-11-20T04:00:00,981.59,OK
2800,12,2,2025-10-31T20:00:00,247.97,OK
2801,86,1,2025-11-13T14:00:00,310.63,OK
2802,117,2,2025-11-24T18:00:00,736.24,OK
2803,117,2,2025-11-17T10:00:00,748.87,OK
2804,184,6,2025-12-26T01:00:00,1063.87,OK
2805,165,6,2025-12-11T09:00:00,1010.56,OK
2806,7,3,2025-12-04T09:00:00,553.04,OK
2807,90,1,2025-11-05T20:00:00,665.1,OK
2808,36,3,2026-02-25T01:00:00,852.41,OK
2809,170,7,2026-01-30T12:00:00,860.69,OK
2810,85,7,2026-02-18T10:00:00,701.18,OK
2811,72,6,2025-10-31T13:00:00,,COLLECT_FAILED
2812,167,7,2025-11-17T20:00:00,258.15,OK
2813,66,4,2025-12-16T03:00:00,391.4,OK
2814,74,3,2026-02-02T19:00:00,,COLLECT_FAILED
2815,142,2,2025-12-31T19:00:00,308.23,OK
2816,3,2,2025-12-02T09:00:00,848.95,OK
2817,8,3,2026-01-19T07:00:00,253.94,OK
2818,4,3,2026-01-12T18:00:00,457.17,OK
2819,48,7,2026-02-05T09:00:00,13.98,OK
2820,155,7,2026-02-09T08:00:00,647.5,OK
2821,46,3,2025-11-20T17:00:00,995.46,OK
2822,43,6,2026-02-24T16:00:00,673.04,OK
2823,181,3,2026-01-21T17:00:00,1047.25,OK
2824,99,7,2026-02-08T04:00:00,304.26,OK
2825,174,3,2025-12-15T05:00:00,337.98,OK
2826,144,2,2025-11-23T09:00:00,196.19,OK
2827,95,5,2025-12-18T09:00:00,311.38,OK
2828,162,6,2025-10-29T03:00:00,642.65,OK
2829,28,2,2025-10-31T00:00:00,394.46,OK
2830,175,7,2025-11-14T10:00:00,866.04,OK
2831,57,3,2025-11-20T05:00:00,1110.68,OK
2832,55,7,2026-02-13T08:00:00,299.0,OK
2833,191,7,2025-11-16T16:00:00,681.04,OK
2834,173,3,2025-12-14T14:00:00,48.73,OK
2835,180,4,2025-12-03T03:00:00,606.1,OK
2836,107,1,2026-02-03T03:00:00,326.9,OK
2837,37,3,2025-11-16T01:00:00,,COLLECT_FAILED
2838,61,6,2026-02-19T06:00:00,831.21,OK
2839,37,4,2025-11-25T17:00:00,400.09,OK
2840,86,7,2025-12-27T05:00:00,294.24,OK
2841,160,3,2026-02-17T07:00:00,773.79,OK
2842,112,3,2025-12-02T16:00:00,844.97,OK
2843,113,1,2026-01-10T09:00:00,1314.84,OK
2844,159,3,2026-02-16T14:00:00,434.2,OK
2845,153,1,2026-01-14T03:00:00,477.22,OK
2846,188,5,2026-01-15T22:00:00,96.75,OK
2847,170,5,2025-12-12T10:00:00,959.53,OK
2848,20,4,2025-11-29T14:00:00,660.45,OK
2849,179,5,2025-12-11T21:00:00,1044.57,OK
2850,135,4,2026-01-03T05:00:00,862.18,OK
2851,120,3,2025-12-19T00:00:00,635.84,OK
2852,172,4,2025-10-30T06:00:00,629.71,OK
2853,183,2,2026-01-09T09:00:00,1153.99,OK
2854,66,5,2026-02-25T01:00:00,370.29,OK
2855,61,3,2026-02-10T09:00:00,761.48,OK
2856,130,3,2025-12-30T14:00:00,311.69,OK
2857,17,3,2026-01-14T22:00:00,65.28,OK
2858,164,3,2025-12-10T05:00:00,837.42,OK
2859,152,5,2026-01-17T01:00:00,399.47,OK
2860,180,2,2026-02-22T16:00:00,398.59,OK
2861,15,3,2026-02-09T11:00:00,618.97,OK
2862,127,3,2025-12-09T05:00:00,212.94,OK
2863,177,6,2026-02-03T06:00:00,1631.45,OK
2864,161,5,2025-11-02T13:00:00,,COLLECT_FAILED
2865,118,4,2026-02-23T13:00:00,,COLLECT_FAILED
2866,83,4,2026-01-11T05:00:00,175.52,OK
2867,93,6,2026-02-01T01:00:00,685.02,OK
2868,146,6,2026-02-16T07:00:00,710.94,OK
2869,167,6,2026-02-13T05:00:00,238.89,OK
2870,129,7,2026-01-25T11:00:00,885.71,OK
2871,149,1,2025-11-29T07:00:00,140.08,OK
2872,134,1,2026-01-11T07:00:00,1086.11,OK
2873,99,7,2025-12-19T20:00:00,325.49,OK
2874,82,3,2025-11-08T20:00:00,87.35,OK
2875,72,3,2026-02-10T02:00:00,988.12,OK
2876,59,7,2025-11-06T08:00:00,25.03,OK
2877,188,4,2026-01-24T17:00:00,95.44,OK
2878,144,7,2025-11-26T15:00:00,219.78,OK
2879,6,1,2026-01-27T02:00:00,1263.7,OK
2880,59,3,2025-11-26T14:00:00,32.62,OK
2881,179,6,2026-02-23T13:00:00,1171.64,OK
2882,14,7,2025-11-12T03:00:00,1268.13,OK
2883,131,6,2026-02-22T20:00:00,81.36,OK
2884,14,3,2026-02-15T20:00:00,1245.73,OK
2885,130,4,2025-11-30T23:00:00,338.3,OK
2886,1,2,2025-12-06T19:00:00,113.94,OK
2887,176,1,2026-02-11T21:00:00,357.66,OK
2888,87,2,2026-01-07T22:00:00,812.13,OK
2889,178,2,2025-12-26T23:00:00,274.0,OK
2890,31,2,2026-01-10T06:00:00,959.55,OK
2891,126,4,2025-11-01T00:00:00,310.98,OK
2892,29,5,2025-11-08T02:00:00,258.22,OK
2893,30,1,2026-02-20T08:00:00,420.72,OK
2894,150,7,2026-01-13T20:00:00,1083.82,OK
2895,3,6,2025-11-24T18:00:00,938.72,OK
2896,29,7,2025-12-04T01:00:00,216.29,OK
2897,158,2,2026-01-22T01:00:00,1004.96,OK
2898,73,5,2026-01-19T10:00:00,1007.66,OK
2899,117,5,2026-02-07T12:00:00,849.83,OK
2900,149,6,2026-02-17T22:00:00,126.34,OK
2901,188,1,2026-01-05T02:00:00,93.17,OK
2902,101,6,2025-12-08T18:00:00,166.44,OK
2903,171,6,2025-11-24T22:00:00,651.44,OK
2904,113,5,2025-11-13T04:00:00,1304.51,OK
2905,140,6,2025-11-13T20:00:00,128.69,OK
2906,78,5,2025-11-11T14:00:00,843.42,OK
2907,47,4,2026-01-29T14:00:00,299.39,OK
2908,178,5,2025-11-21T15:00:00,314.2,OK
2909,89,3,2025-11-18T21:00:00,758.06,OK
2910,198,2,2026-02-11T16:00:00,391.93,OK
2911,197,3,2025-12-29T19:00:00,269.87,OK
2912,9,7,2026-02-02T19:00:00,73.99,OK
2913,86,3,2026-01-23T00:00:00,,COLLECT_FAILED
2914,24,7,2026-02-04T16:00:00,,COLLECT_FAILED
2915,190,3,2025-12-21T06:00:00,845.1,OK
2916,192,4,2025-12-11T00:00:00,266.39,OK
2917,99,7,2025-11-09T03:00:00,284.62,OK
2918,63,4,2025-12-05T10:00:00,1203.35,OK
2919,161,5,2026-01-11T20:00:00,171.31,OK
2920,38,5,2026-01-17T08:00:00,314.99,OK
2921,25,2,2026-02-23T21:00:00,361.4,OK
2922,191,4,2025-11-24T05:00:00,537.97,OK
2923,198,5,2025-11-15T12:00:00,431.58,OK
2924,190,1,2025-12-28T09:00:00,954.15,OK
2925,5,1,2026-02-05T08:00:00,372.65,OK
2926,145,2,2025-12-12T00:00:00,692.04,OK
2927,80,7,2025-11-27T21:00:00,997.77,OK
2928,6,2,2025-11-23T22:00:00,1262.97,OK
2929,161,7,2025-12-09T23:00:00,164.18,OK
2930,49,3,2026-02-26T21:00:00,549.47,OK
2931,35,3,2025-12-03T00:00:00,902.97,OK
2932,150,5,2025-10-30T14:00:00,1248.28,OK
2933,111,6,2026-02-26T08:00:00,608.94,OK
2934,38,7,2025-12-09T22:00:00,374.27,OK
2935,152,7,2025-11-13T16:00:00,408.73,OK
2936,167,1,2025-12-23T09:00:00,221.22,OK
2937,156,2,2026-01-28T22:00:00,797.02,OK
2938,18,2,2026-01-02T18:00:00,1319.7,OK
2939,152,4,2025-12-06T05:00:00,375.28,OK
2940,78,5,2025-12-01T22:00:00,1252.54,OK
2941,16,5,2025-12-18T14:00:00,238.46,OK
2942,61,3,2026-02-11T01:00:00,980.7,OK
2943,58,1,2025-11-03T11:00:00,907.24,OK
2944,179,2,2025-12-31T17:00:00,,COLLECT_FAILED
2945,14,6,2026-01-23T13:00:00,1109.1,OK
2946,72,1,2025-12-02T20:00:00,1344.55,OK
2947,110,1,2025-11-25T03:00:00,469.35,OK
2948,145,7,2026-02-23T14:00:00,508.4,OK
2949,57,1,2025-12-28T04:00:00,745.28,OK
2950,119,4,2026-02-04T21:00:00,371.48,OK
2951,187,7,2025-12-01T10:00:00,971.09,OK
2952,126,6,2026-02-07T07:00:00,420.17,OK
2953,40,7,2026-01-08T14:00:00,31.12,OK
2954,53,1,2025-11-23T19:00:00,274.13,OK
2955,73,5,2025-11-23T17:00:00,967.06,OK
2956,59,5,2026-01-09T09:00:00,,COLLECT_FAILED
2957,38,7,2026-01-30T06:00:00,395.43,OK
2958,19,3,2026-01-14T06:00:00,597.57,OK
2959,152,7,2025-12-08T17:00:00,400.51,OK
2960,182,6,2025-12-01T22:00:00,1453.94,OK
2961,24,5,2025-11-25T14:00:00,526.76,OK
2962,146,4,2025-11-18T20:00:00,,COLLECT_FAILED
2963,13,6,2025-12-17T06:00:00,694.98,OK
2964,114,1,2025-11-05T08:00:00,24.55,OK
2965,11,1,2026-01-29T08:00:00,652.16,OK
2966,26,1,2025-11-23T17:00:00,424.29,OK
2967,103,1,2025-12-16T12:00:00,179.54,OK
2968,71,5,2026-01-06T22:00:00,1354.72,OK
2969,1,4,2026-02-10T01:00:00,127.71,OK
2970,155,2,2025-11-30T15:00:00,1023.1,OK
2971,110,5,2026-01-09T05:00:00,300.58,OK
2972,13,2,2026-01-30T22:00:00,932.8,OK
2973,149,6,2025-11-12T04:00:00,152.54,OK
2974,16,3,2026-01-23T12:00:00,138.14,OK
2975,148,1,2025-11-06T05:00:00,837.2,OK
2976,56,3,2025-12-09T02:00:00,1190.71,OK
2977,46,4,2025-11-07T18:00:00,1512.22,OK
2978,14,7,2026-01-18T06:00:00,1131.72,OK
2979,9,3,2026-01-16T23:00:00,59.02,OK
2980,72,2,2026-02-26T21:00:00,976.42,OK
2981,110,4,2026-02-23T13:00:00,512.41,OK
2982,19,1,2025-12-28T14:00:00,558.99,OK
2983,91,7,2025-12-02T15:00:00,1151.21,OK
2984,64,4,2026-01-10T03:00:00,812.01,OK
2985,90,3,2025-12-20T16:00:00,635.86,OK
2986,141,2,2026-01-08T15:00:00,681.38,OK
2987,69,7,2025-12-22T14:00:00,726.21,OK
2988,130,5,2026-01-20T12:00:00,344.98,OK
2989,87,3,2025-11-25T10:00:00,1041.21,OK
2990,142,5,2026-01-27T04:00:00,,COLLECT_FAILED
2991,31,2,2025-12-28T05:00:00,969.99,OK
2992,34,5,2025-11-10T22:00:00,200.02,OK
2993,6,4,2026-02-11T11:00:00,1450.24,OK
2994,53,2,2025-11-19T21:00:00,269.36,OK
2995,72,4,2025-10-31T10:00:00,1605.89,OK
2996,9,1,2026-01-17T09:00:00,56.86,OK
2997,189,1,2025-11-11T21:00:00,647.08,OK
2998,6,2,2025-11-20T10:00:00,1696.36,OK
2999,168,5,2025-12-04T06:00:00,632.18,OK
3000,71,7,2025-10-31T16:00:00,,COLLECT_FAILED
3001,37,6,2025-12-20T17:00:00,357.53,OK
3002,7,1,2025-12-11T14:00:00,418.89,OK
3003,131,7,2025-11-02T15:00:00,,COLLECT_FAILED
3004,120,5,2025-11-30T11:00:00,836.77,OK
3005,106,2,2025-11-26T17:00:00,,COLLECT_FAILED
3006,52,2,2026-01-12T11:00:00,632.09,OK
3007,45,6,2025-12-29T16:00:00,35.79,OK
3008,177,3,2026-02-25T02:00:00,1178.92,OK
3009,172,7,2026-02-10T01:00:00,902.8,OK
3010,39,5,2026-02-18T12:00:00,994.02,OK
3011,196,4,2025-12-13T17:00:00,186.24,OK
3012,107,1,2025-12-30T15:00:00,421.01,OK
3013,161,6,2025-11-11T08:00:00,115.25,OK
3014,169,5,2025-11-09T14:00:00,485.55,OK
3015,16,4,2026-01-14T09:00:00,139.97,OK
3016,199,7,2026-01-08T16:00:00,472.7,OK
3017,172,7,2025-12-29T22:00:00,1045.69,OK
3018,16,2,2025-12-26T11:00:00,158.9,OK
3019,72,7,2025-12-24T21:00:00,,COLLECT_FAILED
3020,118,3,2026-01-29T21:00:00,,COLLECT_FAILED
3021,32,6,2025-12-19T19:00:00,457.81,OK
3022,108,4,2026-01-29T15:00:00,607.89,OK
3023,49,6,2026-02-13T09:00:00,886.36,OK
3024,179,7,2026-02-16T11:00:00,1274.4,OK
3025,188,3,2025-11-24T12:00:00,,COLLECT_FAILED
3026,28,3,2025-12-29T01:00:00,610.43,OK
3027,27,3,2025-12-30T05:00:00,281.93,OK
3028,194,2,2025-12-17T19:00:00,294.6,OK
3029,141,2,2026-02-19T05:00:00,802.2,OK
3030,33,2,2026-01-26T03:00:00,379.05,OK
3031,71,6,2026-02-04T20:00:00,827.97,OK
3032,40,6,2025-12-17T11:00:00,53.71,OK
3033,150,6,2025-11-03T09:00:00,999.63,OK
3034,144,6,2025-12-13T12:00:00,159.68,OK
3035,182,2,2025-11-07T05:00:00,1006.71,OK
3036,96,5,2025-12-24T05:00:00,104.41,OK
3037,39,6,2025-12-23T23:00:00,1461.31,OK
3038,153,3,2025-12-03T00:00:00,706.63,OK
3039,113,4,2025-12-14T00:00:00,1204.62,OK
3040,89,7,2026-01-21T08:00:00,836.54,OK
3041,188,3,2026-02-20T13:00:00,72.91,OK
3042,99,2,2025-10-31T17:00:00,283.77,OK
3043,107,5,2026-02-06T11:00:00,378.03,OK
3044,180,1,2026-01-09T08:00:00,572.07,OK
3045,146,4,2026-01-25T11:00:00,645.58,OK
3046,18,3,2025-11-08T09:00:00,1334.98,OK
3047,157,3,2026-01-09T02:00:00,,COLLECT_FAILED
3048,109,3,2026-01-30T05:00:00,514.41,OK
3049,145,5,2025-12-28T03:00:00,622.97,OK
3050,113,1,2025-11-08T00:00:00,946.27,OK
3051,16,6,2025-11-08T02:00:00,177.82,OK
3052,180,4,2025-11-24T21:00:00,569.58,OK
3053,77,4,2026-02-12T18:00:00,966.13,OK
3054,42,1,2026-01-07T16:00:00,,COLLECT_FAILED
3055,145,1,2025-12-09T04:00:00,447.84,OK
3056,116,6,2025-11-06T00:00:00,608.99,OK
3057,82,3,2025-12-23T05:00:00,71.9,OK
3058,42,7,2025-11-27T22:00:00,490.38,OK
3059,8,5,2026-02-15T14:00:00,257.97,OK
3060,103,4,2025-11-03T18:00:00,248.87,OK
3061,177,5,2025-11-03T10:00:00,,COLLECT_FAILED
3062,158,7,2025-12-22T18:00:00,1007.0,OK
3063,61,2,2025-12-28T09:00:00,650.27,OK
3064,150,2,2026-02-07T08:00:00,1195.14,OK
3065,187,4,2026-01-14T20:00:00,793.82,OK
3066,140,7,2025-12-28T13:00:00,181.96,OK
3067,69,2,2026-01-01T05:00:00,665.37,OK
3068,152,4,2025-11-25T14:00:00,253.99,OK
3069,26,4,2026-02-15T05:00:00,641.51,OK
3070,107,5,2026-01-23T02:00:00,474.55,OK
3071,146,5,2025-10-31T19:00:00,841.31,OK
3072,200,3,2025-11-30T06:00:00,,COLLECT_FAILED
3073,158,1,2026-01-16T02:00:00,937.51,OK
3074,200,6,2025-12-02T04:00:00,408.28,OK
3075,71,5,2025-12-08T14:00:00,1181.68,OK
3076,182,3,2026-02-13T00:00:00,873.35,OK
3077,188,5,2025-10-31T10:00:00,100.35,OK
3078,147,6,2026-02-24T13:00:00,859.2,OK
3079,116,1,2026-02-01T09:00:00,532.92,OK
3080,97,7,2025-11-30T12:00:00,578.56,OK
3081,197,6,2025-11-09T01:00:00,263.48,OK
3082,136,2,2025-11-20T09:00:00,1130.3,OK
3083,69,4,2025-11-24T17:00:00,674.43,OK
3084,48,7,2025-11-17T04:00:00,9.98,OK
3085,127,1,2025-12-25T13:00:00,151.63,OK
3086,127,4,2025-12-25T15:00:00,,COLLECT_FAILED
3087,137,4,2025-12-26T16:00:00,450.88,OK
3088,8,4,2026-01-27T22:00:00,302.67,OK
3089,93,1,2025-11-12T16:00:00,786.38,OK
3090,144,2,2025-11-10T14:00:00,197.81,OK
3091,27,2,2025-11-06T07:00:00,315.51,OK
3092,77,1,2025-11-11T08:00:00,634.48,OK
3093,116,6,2025-11-22T20:00:00,625.04,OK
3094,10,4,2026-01-18T09:00:00,370.68,OK
3095,135,4,2026-02-22T16:00:00,1061.64,OK
3096,166,4,2025-12-04T00:00:00,185.06,OK
3097,5,7,2026-02-07T09:00:00,532.33,OK
3098,137,4,2025-12-13T16:00:00,486.77,OK
3099,37,6,2026-02-25T13:00:00,,COLLECT_FAILED
3100,200,7,2025-12-12T03:00:00,407.26,OK
3101,87,5,2026-01-03T01:00:00,584.39,OK
3102,87,3,2025-11-18T13:00:00,706.53,OK
3103,45,2,2026-01-30T11:00:00,,COLLECT_FAILED
3104,180,5,2026-01-25T18:00:00,554.51,OK
3105,150,6,2026-01-03T06:00:00,1318.98,OK
3106,27,7,2026-01-15T20:00:00,306.3,OK
3107,147,7,2026-01-07T22:00:00,800.31,OK
3108,10,5,2025-12-21T13:00:00,371.45,OK
3109,183,1,2025-12-17T08:00:00,809.87,OK
3110,170,6,2025-12-09T00:00:00,953.27,OK
3111,22,6,2026-02-03T13:00:00,596.79,OK
3112,77,4,2026-01-31T18:00:00,582.19,OK
3113,87,5,2025-11-30T01:00:00,716.67,OK
3114,169,6,2025-10-31T16:00:00,353.9,OK
3115,76,2,2025-12-07T01:00:00,632.37,OK
3116,182,3,2025-12-25T03:00:00,847.28,OK
3117,122,1,2025-11-17T06:00:00,1082.68,OK
3118,193,6,2025-11-07T03:00:00,917.3,OK
3119,112,5,2026-01-11T09:00:00,896.67,OK
3120,58,1,2025-11-23T08:00:00,765.6,OK
3121,168,5,2025-12-27T08:00:00,721.9,OK
3122,35,6,2026-01-23T15:00:00,1444.14,OK
3123,145,3,2026-02-02T13:00:00,725.4,OK
3124,21,4,2026-02-11T21:00:00,1074.39,OK
3125,20,2,2026-02-11T10:00:00,575.36,OK
3126,18,2,2026-02-10T04:00:00,1268.34,OK
3127,10,1,2026-02-21T21:00:00,332.86,OK
3128,77,1,2025-12-22T04:00:00,880.48,OK
3129,159,3,2026-02-23T18:00:00,358.12,OK
3130,8,3,2025-12-30T10:00:00,239.57,OK
3131,29,3,2026-02-19T19:00:00,171.83,OK
3132,109,7,2026-02-04T01:00:00,299.2,OK
3133,131,7,2026-01-21T02:00:00,122.77,OK
3134,187,5,2026-02-19T20:00:00,899.82,OK
3135,56,5,2025-12-24T07:00:00,1218.52,OK
3136,121,7,2026-02-10T21:00:00,158.53,OK
3137,166,1,2025-12-17T02:00:00,170.24,OK
3138,124,3,2025-12-05T17:00:00,,COLLECT_FAILED
3139,165,4,2026-02-05T03:00:00,862.87,OK
3140,104,7,2025-11-11T07:00:00,326.61,OK
3141,197,3,2025-11-02T22:00:00,194.68,OK
3142,189,7,2026-02-09T14:00:00,547.46,OK
3143,151,5,2025-12-06T17:00:00,197.33,OK
3144,66,6,2025-12-06T02:00:00,,COLLECT_FAILED
3145,161,4,2025-11-09T04:00:00,145.08,OK
3146,56,1,2026-01-18T11:00:00,1331.93,OK
3147,197,1,2026-01-22T01:00:00,300.47,OK
3148,25,3,2026-02-11T11:00:00,478.58,OK
3149,81,2,2025-12-10T20:00:00,97.14,OK
3150,177,1,2025-12-02T20:00:00,1650.91,OK
3151,65,6,2025-12-22T03:00:00,294.82,OK
3152,138,7,2025-12-20T05:00:00,609.37,OK
3153,119,4,2026-01-28T00:00:00,,COLLECT_FAILED
3154,159,2,2025-10-31T19:00:00,352.39,OK
3155,163,1,2026-02-09T21:00:00,1410.4,OK
3156,39,2,2026-01-23T03:00:00,1501.78,OK
3157,32,4,2025-11-28T02:00:00,594.97,OK
3158,33,7,2026-02-06T14:00:00,408.38,OK
3159,116,5,2026-02-15T08:00:00,592.95,OK
3160,28,5,2025-12-30T02:00:00,550.12,OK
3161,56,4,2026-02-25T09:00:00,1301.95,OK
3162,75,5,2025-11-28T08:00:00,753.71,OK
3163,116,7,2025-10-29T08:00:00,727.34,OK
3164,96,4,2025-12-07T01:00:00,151.55,OK
3165,171,4,2026-01-02T03:00:00,541.27,OK
3166,31,6,2026-01-31T03:00:00,940.94,OK
3167,45,5,2025-12-11T18:00:00,38.56,OK
3168,150,3,2025-11-23T09:00:00,1381.31,OK
3169,11,1,2026-01-13T00:00:00,785.77,OK
3170,30,3,2025-11-12T12:00:00,418.32,OK
3171,137,6,2026-01-16T11:00:00,402.22,OK
3172,17,1,2025-12-14T04:00:00,87.66,OK
3173,154,4,2025-11-19T18:00:00,218.44,OK
3174,159,1,2026-01-22T13:00:00,310.62,OK
3175,55,2,2025-11-24T11:00:00,392.82,OK
3176,92,4,2026-02-07T03:00:00,232.18,OK
3177,38,2,2025-11-09T18:00:00,432.73,OK
3178,25,3,2026-01-18T19:00:00,468.31,OK
3179,65,3,2025-11-13T07:00:00,350.22,OK
3180,176,7,2026-01-04T00:00:00,294.96,OK
3181,170,7,2026-02-21T05:00:00,595.79,OK
3182,127,4,2026-02-05T12:00:00,223.67,OK
3183,130,4,2026-01-13T23:00:00,477.47,OK
3184,196,6,2025-11-15T03:00:00,119.32,OK
3185,136,2,2025-11-13T15:00:00,1236.75,OK
3186,174,6,2025-12-23T23:00:00,301.57,OK
3187,104,5,2025-12-14T02:00:00,437.07,OK
3188,50,5,2025-12-27T20:00:00,90.79,OK
3189,138,5,2026-01-04T11:00:00,503.1,OK
3190,140,6,2025-12-18T14:00:00,161.42,OK
3191,137,5,2026-01-10T04:00:00,358.95,OK
3192,72,3,2026-02-01T16:00:00,1150.81,OK
3193,135,6,2026-01-11T19:00:00,646.25,OK
3194,32,1,2025-11-01T02:00:00,,COLLECT_FAILED
3195,95,3,2025-12-12T02:00:00,316.7,OK
3196,183,3,2026-02-03T19:00:00,1262.29,OK
3197,71,1,2026-01-26T20:00:00,940.93,OK
3198,43,5,2025-12-10T01:00:00,569.55,OK
3199,97,3,2026-02-12T05:00:00,552.17,OK
3200,71,3,2025-11-30T11:00:00,1341.62,OK
3201,104,4,2026-02-11T05:00:00,422.26,OK
3202,160,4,2025-11-15T16:00:00,,COLLECT_FAILED
3203,193,4,2025-12-04T04:00:00,945.71,OK
3204,2,4,2025-12-31T05:00:00,149.8,OK
3205,1,1,2026-02-02T20:00:00,117.91,OK
3206,98,4,2026-02-02T09:00:00,681.77,OK
3207,197,5,2025-11-27T08:00:00,244.44,OK
3208,39,6,2026-01-02T11:00:00,1410.82,OK
3209,122,2,2025-12-18T20:00:00,870.94,OK
3210,126,1,2026-01-31T00:00:00,421.06,OK
3211,163,4,2026-02-17T03:00:00,1071.16,OK
3212,56,2,2026-01-02T06:00:00,780.47,OK
3213,161,2,2025-11-18T11:00:00,119.98,OK
3214,46,4,2025-11-20T15:00:00,970.24,OK
3215,103,1,2026-02-22T19:00:00,189.71,OK
3216,39,6,2026-01-19T22:00:00,1196.98,OK
3217,70,6,2025-12-30T05:00:00,846.41,OK
3218,138,2,2026-01-25T07:00:00,601.6,OK
3219,163,1,2025-12-31T04:00:00,1008.98,OK
3220,78,6,2025-12-24T09:00:00,1244.0,OK
3221,37,7,2026-02-25T18:00:00,349.19,OK
3222,96,3,2025-12-02T08:00:00,155.19,OK
3223,98,1,2025-10-29T09:00:00,827.22,OK
3224,62,6,2026-01-07T11:00:00,128.18,OK
3225,132,7,2026-01-31T15:00:00,836.02,OK
3226,91,4,2025-11-06T15:00:00,1020.91,OK
3227,64,7,2025-11-25T11:00:00,870.71,OK
3228,176,3,2026-01-17T12:00:00,240.64,OK
3229,151,7,2026-02-04T18:00:00,,COLLECT_FAILED
3230,189,2,2026-01-17T21:00:00,708.28,OK
3231,32,7,2026-01-28T02:00:00,503.29,OK
3232,107,5,2026-01-29T21:00:00,503.4,OK
3233,153,2,2025-11-02T08:00:00,602.3,OK
3234,22,2,2025-11-04T14:00:00,520.43,OK
3235,12,7,2026-01-07T10:00:00,147.69,OK
3236,41,7,2026-01-11T02:00:00,924.0,OK
3237,99,2,2026-02-12T09:00:00,,COLLECT_FAILED
3238,4,5,2025-12-28T08:00:00,388.65,OK
3239,157,5,2025-11-03T22:00:00,762.08,OK
3240,29,7,2025-12-20T02:00:00,171.28,OK
3241,118,5,2025-12-19T02:00:00,24.68,OK
3242,129,2,2025-12-26T17:00:00,685.66,OK
3243,157,5,2026-01-08T13:00:00,1110.8,OK
3244,137,6,2025-11-25T01:00:00,417.28,OK
3245,173,1,2025-12-18T13:00:00,41.29,OK
3246,195,3,2025-11-16T14:00:00,574.94,OK
3247,49,6,2026-02-14T11:00:00,884.17,OK
3248,124,6,2025-11-12T17:00:00,396.01,OK
3249,151,5,2026-01-16T10:00:00,300.14,OK
3250,19,2,2025-11-07T02:00:00,742.08,OK
3251,90,7,2026-02-01T09:00:00,571.45,OK
3252,133,3,2025-12-22T20:00:00,904.7,OK
3253,173,3,2025-11-09T22:00:00,48.64,OK
3254,34,1,2025-12-04T10:00:00,203.95,OK
3255,23,6,2025-12-08T13:00:00,823.02,OK
3256,26,5,2025-11-24T23:00:00,579.11,OK
3257,180,6,2025-12-25T12:00:00,518.18,OK
3258,53,6,2026-02-04T20:00:00,264.88,OK
3259,49,1,2025-12-03T09:00:00,898.19,OK
3260,49,2,2025-12-18T05:00:00,646.72,OK
3261,11,3,2025-12-15T07:00:00,650.04,OK
3262,77,3,2026-02-22T11:00:00,1002.55,OK
3263,36,1,2025-11-03T03:00:00,614.01,OK
3264,183,6,2025-11-27T21:00:00,1159.69,OK
3265,189,5,2026-02-06T19:00:00,645.3,OK
3266,134,2,2026-01-11T12:00:00,934.93,OK
3267,154,5,2026-02-16T10:00:00,308.53,OK
3268,75,7,2026-02-15T17:00:00,648.66,OK
3269,95,6,2026-02-18T22:00:00,351.13,OK
3270,21,1,2025-10-31T01:00:00,942.62,OK
3271,187,5,2025-11-24T21:00:00,687.79,OK
3272,66,7,2026-01-29T15:00:00,363.2,OK
3273,36,3,2025-12-15T03:00:00,,COLLECT_FAILED
3274,189,4,2026-02-11T18:00:00,909.5,OK
3275,99,4,2026-02-01T06:00:00,213.73,OK
3276,131,4,2026-01-14T11:00:00,101.53,OK
3277,145,1,2025-11-11T22:00:00,,COLLECT_FAILED
3278,76,6,2025-12-08T02:00:00,685.38,OK
3279,11,1,2026-02-08T09:00:00,503.42,OK
3280,176,1,2025-12-10T09:00:00,307.3,OK
3281,143,6,2025-12-30T18:00:00,743.4,OK
3282,68,3,2026-01-19T05:00:00,1061.02,OK
3283,106,2,2025-12-29T13:00:00,,COLLECT_FAILED
3284,171,4,2025-12-18T18:00:00,523.99,OK
3285,135,6,2026-01-08T10:00:00,1015.99,OK
3286,114,2,2026-01-09T14:00:00,28.52,OK
3287,52,4,2026-02-05T23:00:00,399.34,OK
3288,101,7,2026-01-10T13:00:00,240.53,OK
3289,84,1,2025-12-28T03:00:00,252.85,OK
3290,113,2,2026-01-29T02:00:00,1267.81,OK
3291,87,1,2026-02-03T21:00:00,726.42,OK
3292,35,1,2025-12-10T05:00:00,1158.87,OK
3293,134,2,2026-01-29T02:00:00,1054.26,OK
3294,66,2,2025-12-23T20:00:00,261.84,OK
3295,190,7,2026-02-08T05:00:00,867.52,OK
3296,31,2,2026-02-08T01:00:00,1037.13,OK
3297,87,2,2025-12-04T00:00:00,1019.52,OK
3298,121,2,2026-01-29T20:00:00,183.82,OK
3299,71,3,2025-11-05T16:00:00,924.02,OK
3300,26,2,2025-12-04T10:00:00,652.55,OK
3301,138,4,2026-02-19T13:00:00,516.23,OK
3302,136,1,2026-02-21T13:00:00,987.24,OK
3303,85,7,2026-02-07T06:00:00,659.1,OK
3304,158,2,2026-02-20T06:00:00,1252.5,OK
3305,42,7,2026-02-01T18:00:00,487.22,OK
3306,36,1,2026-01-13T18:00:00,906.38,OK
3307,47,7,2025-11-18T18:00:00,264.61,OK
3308,22,5,2026-01-04T02:00:00,,COLLECT_FAILED
3309,97,2,2026-01-07T04:00:00,,COLLECT_FAILED
3310,14,5,2025-12-23T23:00:00,964.68,OK
3311,167,1,2026-02-18T17:00:00,302.71,OK
3312,78,4,2025-12-07T23:00:00,982.83,OK
3313,43,4,2026-01-24T05:00:00,460.79,OK
3314,14,7,2025-11-23T02:00:00,835.5,OK
3315,158,6,2025-11-06T13:00:00,1369.36,OK
3316,167,2,2026-02-16T13:00:00,349.91,OK
3317,119,6,2025-11-03T17:00:00,289.69,OK
3318,57,5,2025-11-27T07:00:00,929.81,OK
3319,168,4,2026-02-26T18:00:00,673.48,OK
3320,200,1,2026-01-03T18:00:00,428.21,OK
3321,152,5,2026-02-23T12:00:00,309.05,OK
3322,35,2,2025-11-23T21:00:00,1392.57,OK
3323,12,5,2026-02-15T00:00:00,173.54,OK
3324,27,4,2026-02-04T20:00:00,369.34,OK
3325,34,2,2026-02-13T21:00:00,334.82,OK
3326,108,3,2025-11-24T16:00:00,547.57,OK
3327,59,3,2026-02-16T08:00:00,22.21,OK
3328,180,7,2025-11-28T12:00:00,,COLLECT_FAILED
3329,14,4,2026-02-03T14:00:00,,COLLECT_FAILED
3330,187,1,2025-11-10T18:00:00,969.27,OK
3331,133,3,2025-12-23T10:00:00,750.18,OK
3332,128,7,2025-12-28T10:00:00,575.12,OK
3333,149,7,2026-02-21T03:00:00,,COLLECT_FAILED
3334,168,6,2025-11-22T19:00:00,579.6,OK
3335,161,4,2026-02-03T13:00:00,168.47,OK
3336,99,5,2026-01-10T11:00:00,368.66,OK
3337,83,5,2025-12-04T02:00:00,116.36,OK
3338,157,1,2026-01-12T07:00:00,1080.14,OK
3339,159,1,2026-02-25T00:00:00,,COLLECT_FAILED
3340,111,4,2025-11-17T14:00:00,879.64,OK
3341,139,2,2025-10-30T09:00:00,472.09,OK
3342,153,5,2025-11-19T10:00:00,,COLLECT_FAILED
3343,158,7,2025-11-23T18:00:00,847.25,OK
3344,134,7,2025-12-10T01:00:00,727.73,OK
3345,73,6,2025-12-22T14:00:00,1011.71,OK
3346,139,4,2025-11-29T17:00:00,607.75,OK
3347,76,3,2026-01-28T17:00:00,670.6,OK
3348,40,2,2026-01-25T21:00:00,49.65,OK
3349,56,5,2025-12-10T03:00:00,1316.62,OK
3350,147,6,2026-01-04T01:00:00,814.86,OK
3351,129,6,2026-01-04T19:00:00,953.79,OK
3352,61,4,2026-01-11T05:00:00,841.4,OK
3353,116,6,2026-02-04T23:00:00,601.16,OK
3354,120,6,2026-02-05T18:00:00,879.5,OK
3355,198,1,2025-12-23T19:00:00,452.14,OK
3356,166,3,2025-12-02T15:00:00,195.63,OK
3357,20,6,2026-02-23T17:00:00,889.72,OK
3358,26,2,2026-02-14T06:00:00,426.26,OK
3359,75,4,2025-11-23T18:00:00,641.06,OK
3360,115,2,2025-11-12T06:00:00,1191.78,OK
3361,148,6,2025-11-29T20:00:00,791.8,OK
3362,12,2,2026-01-28T05:00:00,155.7,OK
3363,39,5,2026-01-31T05:00:00,1532.18,OK
3364,197,1,2026-01-05T02:00:00,282.26,OK
3365,67,7,2026-02-21T23:00:00,821.72,OK
3366,99,2,2025-12-15T17:00:00,272.78,OK
3367,1,2,2025-12-11T05:00:00,113.44,OK
3368,188,1,2025-11-29T22:00:00,69.97,OK
3369,168,1,2026-01-31T15:00:00,643.45,OK
3370,148,3,2025-11-29T21:00:00,698.3,OK
3371,75,2,2026-02-10T13:00:00,,COLLECT_FAILED
3372,87,1,2025-11-28T06:00:00,716.59,OK
3373,105,6,2025-12-03T15:00:00,88.12,OK
3374,194,3,2026-01-11T11:00:00,366.66,OK
3375,55,2,2026-01-06T13:00:00,319.01,OK
3376,164,3,2025-12-27T15:00:00,844.0,OK
3377,123,3,2026-01-04T15:00:00,133.18,OK
3378,53,2,2026-02-07T06:00:00,,COLLECT_FAILED
3379,15,3,2025-11-09T17:00:00,417.82,OK
3380,31,7,2026-02-15T20:00:00,954.78,OK
3381,185,1,2026-01-23T18:00:00,72.37,OK
3382,90,1,2025-10-30T07:00:00,524.52,OK
3383,119,2,2026-01-25T21:00:00,322.58,OK
3384,151,1,2025-12-10T10:00:00,248.79,OK
3385,156,5,2026-02-14T09:00:00,900.21,OK
3386,108,3,2026-02-08T23:00:00,604.67,OK
3387,125,3,2026-01-29T10:00:00,878.69,OK
3388,118,7,2025-11-15T09:00:00,,COLLECT_FAILED
3389,34,3,2026-02-11T23:00:00,296.34,OK
3390,87,6,2025-12-24T07:00:00,808.98,OK
3391,18,5,2026-01-07T09:00:00,946.41,OK
3392,117,3,2025-11-12T18:00:00,929.81,OK
3393,170,7,2025-12-29T05:00:00,758.93,OK
3394,98,7,2025-12-16T05:00:00,982.36,OK
3395,22,3,2025-11-18T15:00:00,365.42,OK
3396,39,5,2025-12-09T20:00:00,1543.05,OK
3397,117,3,2026-01-27T11:00:00,956.31,OK
3398,144,6,2026-02-25T19:00:00,221.63,OK
3399,105,1,2025-11-30T15:00:00,88.88,OK
3400,96,7,2026-02-17T21:00:00,143.72,OK
3401,88,3,2025-11-19T06:00:00,521.79,OK
3402,147,6,2025-11-02T08:00:00,,COLLECT_FAILED
3403,113,1,2025-12-13T13:00:00,1167.17,OK
3404,36,6,2025-12-11T13:00:00,933.21,OK
3405,55,1,2025-12-24T14:00:00,327.7,OK
3406,76,2,2025-11-25T11:00:00,759.23,OK
3407,72,5,2026-01-29T09:00:00,1121.54,OK
3408,124,5,2026-02-25T02:00:00,490.92,OK
3409,191,6,2026-01-03T07:00:00,587.06,OK
3410,194,6,2025-10-29T01:00:00,446.75,OK
3411,26,4,2025-12-14T09:00:00,421.89,OK
3412,180,7,2026-01-07T01:00:00,533.78,OK
3413,144,5,2026-01-19T07:00:00,156.95,OK
3414,184,2,2026-01-14T01:00:00,1427.82,OK
3415,199,5,2026-01-04T20:00:00,520.96,OK
3416,120,7,2025-12-26T07:00:00,1062.98,OK
3417,53,6,2025-11-12T11:00:00,257.42,OK
3418,27,4,2025-12-30T19:00:00,220.1,OK
3419,43,2,2025-11-30T21:00:00,594.77,OK
3420,42,1,2026-02-24T22:00:00,478.0,OK
3421,81,1,2026-02-17T11:00:00,66.66,OK
3422,79,1,2025-11-17T00:00:00,609.33,OK
3423,33,2,2026-01-19T10:00:00,339.48,OK
3424,78,2,2026-02-20T13:00:00,1041.48,OK
3425,176,6,2025-11-15T00:00:00,300.7,OK
3426,144,2,2025-11-15T18:00:00,267.26,OK
3427,120,5,2025-12-11T19:00:00,937.66,OK
3428,52,5,2025-11-03T14:00:00,663.81,OK
3429,65,7,2026-02-04T20:00:00,,COLLECT_FAILED
3430,172,5,2026-02-12T10:00:00,,COLLECT_FAILED
3431,119,6,2026-02-26T21:00:00,352.02,OK
3432,147,1,2025-12-24T23:00:00,838.4,OK
3433,118,5,2025-11-25T15:00:00,29.07,OK
3434,91,1,2026-01-10T08:00:00,912.88,OK
3435,130,2,2025-11-04T13:00:00,385.4,OK
3436,18,2,2025-11-20T01:00:00,819.43,OK
3437,168,2,2025-12-29T19:00:00,725.09,OK
3438,32,6,2026-02-17T16:00:00,363.11,OK
3439,88,1,2025-11-20T12:00:00,515.99,OK
3440,49,7,2026-02-13T17:00:00,616.09,OK
3441,85,3,2026-02-09T06:00:00,595.42,OK
3442,134,4,2026-01-05T09:00:00,868.36,OK
3443,12,2,2026-02-02T18:00:00,231.74,OK
3444,144,2,2025-12-18T02:00:00,208.1,OK
3445,16,5,2025-11-28T06:00:00,188.65,OK
3446,150,3,2025-12-26T19:00:00,1468.12,OK
3447,35,5,2026-02-15T01:00:00,1140.7,OK
3448,9,5,2026-01-08T17:00:00,90.39,OK
3449,118,6,2026-01-07T06:00:00,32.42,OK
3450,65,7,2025-11-26T18:00:00,224.35,OK
3451,162,1,2025-12-10T03:00:00,628.7,OK
3452,139,6,2025-11-09T12:00:00,657.21,OK
3453,168,3,2026-01-26T12:00:00,765.98,OK
3454,83,4,2026-02-24T15:00:00,119.21,OK
3455,59,3,2026-01-03T16:00:00,22.48,OK
3456,101,7,2026-01-25T19:00:00,224.84,OK
3457,112,2,2025-11-20T15:00:00,760.4,OK
3458,194,1,2025-12-02T03:00:00,357.08,OK
3459,176,5,2025-12-22T12:00:00,244.23,OK
3460,107,2,2025-12-19T22:00:00,362.31,OK
3461,123,6,2025-11-20T03:00:00,,COLLECT_FAILED
3462,99,5,2026-02-09T02:00:00,365.28,OK
3463,183,3,2025-12-23T17:00:00,1004.66,OK
3464,102,1,2026-01-07T02:00:00,829.67,OK
3465,74,1,2025-11-07T03:00:00,,COLLECT_FAILED
3466,21,5,2025-12-01T13:00:00,1012.89,OK
3467,159,4,2026-01-20T11:00:00,502.69,OK
3468,72,5,2026-01-28T15:00:00,1291.3,OK
3469,22,1,2025-11-05T15:00:00,,COLLECT_FAILED
3470,80,3,2026-01-28T18:00:00,,COLLECT_FAILED
3471,153,6,2025-11-02T14:00:00,,COLLECT_FAILED
3472,71,1,2026-02-13T17:00:00,,COLLECT_FAILED
3473,177,3,2025-12-12T07:00:00,1643.64,OK
3474,68,4,2025-12-21T15:00:00,1051.77,OK
3475,180,5,2025-11-24T02:00:00,440.22,OK
3476,40,5,2025-10-31T19:00:00,38.35,OK
3477,163,7,2025-11-05T18:00:00,929.98,OK
3478,43,6,2025-12-09T08:00:00,603.05,OK
3479,160,3,2025-12-06T14:00:00,,COLLECT_FAILED
3480,71,6,2025-11-04T23:00:00,983.32,OK
3481,70,7,2025-11-13T23:00:00,488.43,OK
3482,100,4,2025-12-12T15:00:00,,COLLECT_FAILED
3483,25,5,2025-12-10T22:00:00,538.93,OK
3484,170,1,2026-02-18T21:00:00,921.58,OK
3485,191,2,2025-11-12T08:00:00,469.17,OK
3486,189,3,2026-01-10T01:00:00,696.26,OK
3487,153,6,2025-12-14T04:00:00,474.71,OK
3488,60,5,2025-12-05T03:00:00,589.66,OK
3489,191,5,2025-12-27T01:00:00,684.69,OK
3490,77,5,2026-02-08T19:00:00,609.76,OK
3491,85,4,2026-02-18T03:00:00,489.8,OK
3492,163,5,2025-12-14T09:00:00,1298.63,OK
3493,93,7,2026-01-25T09:00:00,703.87,OK
3494,139,2,2026-01-11T05:00:00,687.7,OK
3495,75,3,2025-12-30T20:00:00,847.46,OK
3496,34,6,2026-02-11T20:00:00,,COLLECT_FAILED
3497,161,7,2026-01-11T02:00:00,170.74,OK
3498,146,1,2025-12-27T23:00:00,541.38,OK
3499,1,3,2025-12-08T07:00:00,113.19,OK
3500,55,3,2026-01-24T21:00:00,327.08,OK
3501,100,7,2026-02-14T02:00:00,,COLLECT_FAILED
3502,9,2,2026-01-04T00:00:00,59.76,OK
3503,166,7,2025-12-21T19:00:00,182.51,OK
3504,27,4,2026-01-03T23:00:00,,COLLECT_FAILED
3505,65,1,2026-02-10T02:00:00,,COLLECT_FAILED
3506,178,3,2025-11-20T11:00:00,357.72,OK
3507,152,7,2026-01-10T14:00:00,257.84,OK
3508,9,1,2025-11-14T12:00:00,60.32,OK
3509,18,4,2025-12-12T11:00:00,1084.83,OK
3510,50,2,2026-01-28T07:00:00,,COLLECT_FAILED
3511,91,1,2025-12-18T18:00:00,1149.21,OK
3512,13,1,2025-11-10T09:00:00,661.87,OK
3513,74,1,2026-02-25T17:00:00,419.92,OK
3514,97,1,2026-01-10T00:00:00,498.03,OK
3515,48,3,2026-01-24T18:00:00,9.31,OK
3516,79,7,2025-12-16T13:00:00,544.86,OK
3517,146,4,2025-10-30T08:00:00,565.69,OK
3518,66,4,2026-02-21T10:00:00,,COLLECT_FAILED
3519,111,2,2026-01-15T05:00:00,740.68,OK
3520,133,5,2026-01-03T08:00:00,860.67,OK
3521,16,3,2025-11-11T03:00:00,174.77,OK
3522,36,5,2026-02-10T17:00:00,688.52,OK
3523,87,2,2026-02-02T18:00:00,860.45,OK
3524,155,7,2025-11-16T08:00:00,1096.04,OK
3525,167,6,2025-10-29T09:00:00,310.88,OK
3526,8,2,2025-12-17T09:00:00,248.34,OK
3527,141,7,2025-11-07T06:00:00,957.36,OK
3528,182,2,2026-01-26T21:00:00,1340.37,OK
3529,173,7,2025-12-14T10:00:00,49.48,OK
3530,25,2,2026-01-27T23:00:00,412.22,OK
3531,89,7,2026-02-02T18:00:00,730.66,OK
3532,77,5,2026-01-09T02:00:00,700.82,OK
3533,80,6,2026-01-02T09:00:00,830.99,OK
3534,117,1,2026-01-19T17:00:00,,COLLECT_FAILED
3535,157,3,2026-02-15T03:00:00,1190.75,OK
3536,167,4,2026-02-05T16:00:00,321.05,OK
3537,148,3,2025-12-30T10:00:00,540.41,OK
3538,17,2,2026-01-28T02:00:00,84.32,OK
3539,73,2,2026-01-20T04:00:00,899.75,OK
3540,137,6,2025-11-02T12:00:00,397.04,OK
3541,24,3,2026-02-02T06:00:00,661.56,OK
3542,58,6,2026-02-25T18:00:00,873.03,OK
3543,17,4,2026-02-25T15:00:00,87.82,OK
3544,150,1,2025-12-08T09:00:00,873.78,OK
3545,10,1,2025-11-21T16:00:00,250.0,OK
3546,165,6,2025-11-12T19:00:00,1125.85,OK
3547,14,7,2025-11-11T14:00:00,987.41,OK
3548,186,6,2025-11-09T17:00:00,779.91,OK
3549,67,5,2026-01-29T07:00:00,771.57,OK
3550,180,7,2026-01-15T10:00:00,365.73,OK
3551,194,4,2025-11-30T06:00:00,368.35,OK
3552,151,5,2026-02-10T14:00:00,180.71,OK
3553,103,1,2025-12-27T22:00:00,205.72,OK
3554,29,3,2025-11-17T09:00:00,162.81,OK
3555,100,2,2025-11-26T00:00:00,,COLLECT_FAILED
3556,105,6,2025-11-11T02:00:00,72.63,OK
3557,25,2,2026-02-12T20:00:00,517.32,OK
3558,133,4,2025-10-29T16:00:00,704.67,OK
3559,133,2,2026-01-16T21:00:00,841.63,OK
3560,187,7,2025-11-10T18:00:00,776.52,OK
3561,183,1,2026-02-17T06:00:00,808.6,OK
3562,153,7,2026-02-02T23:00:00,,COLLECT_FAILED
3563,168,3,2025-12-22T04:00:00,639.77,OK
3564,2,1,2025-12-15T16:00:00,161.71,OK
3565,136,1,2025-12-18T11:00:00,1260.69,OK
3566,149,6,2025-12-04T11:00:00,166.44,OK
3567,112,6,2025-11-11T07:00:00,892.86,OK
3568,69,6,2025-11-21T06:00:00,445.56,OK
3569,154,5,2025-10-29T20:00:00,189.54,OK
3570,52,6,2025-12-09T00:00:00,549.72,OK
3571,118,2,2025-11-25T11:00:00,32.83,OK
3572,98,3,2026-01-05T09:00:00,1003.9,OK
3573,99,3,2025-11-20T16:00:00,241.37,OK
3574,84,5,2025-11-12T20:00:00,199.4,OK
3575,82,1,2025-11-03T04:00:00,82.3,OK
3576,83,7,2025-11-23T12:00:00,148.29,OK
3577,107,7,2026-02-08T03:00:00,474.3,OK
3578,160,5,2025-12-24T02:00:00,1031.0,OK
3579,140,3,2025-12-10T03:00:00,,COLLECT_FAILED
3580,92,5,2025-11-10T15:00:00,266.12,OK
3581,75,1,2026-01-09T08:00:00,925.68,OK
3582,89,2,2026-01-12T10:00:00,670.19,OK
3583,155,5,2025-11-24T08:00:00,1077.58,OK
3584,56,1,2025-12-22T18:00:00,1061.16,OK
3585,69,7,2025-11-28T06:00:00,685.7,OK
3586,16,1,2025-12-12T22:00:00,240.81,OK
3587,66,2,2026-02-06T22:00:00,401.06,OK
3588,51,6,2025-11-12T19:00:00,,COLLECT_FAILED
3589,2,4,2026-01-22T08:00:00,169.33,OK
3590,90,2,2026-01-23T03:00:00,721.19,OK
3591,15,7,2025-12-03T10:00:00,557.82,OK
3592,13,2,2025-11-24T04:00:00,828.14,OK
3593,179,6,2026-01-10T06:00:00,1143.24,OK
3594,16,3,2025-11-04T12:00:00,183.06,OK
3595,76,5,2025-11-02T17:00:00,519.37,OK
3596,80,7,2025-12-13T05:00:00,1373.73,OK
3597,48,4,2025-12-06T00:00:00,13.53,OK
3598,158,4,2025-11-24T19:00:00,1321.78,OK
3599,129,7,2025-12-01T14:00:00,792.09,OK
3600,132,1,2026-01-06T11:00:00,906.13,OK
3601,68,5,2025-12-17T13:00:00,1323.34,OK
3602,73,4,2025-12-18T11:00:00,1186.72,OK
3603,7,3,2025-11-11T23:00:00,599.35,OK
3604,160,3,2026-01-30T12:00:00,803.5,OK
3605,121,2,2025-12-25T19:00:00,222.08,OK
3606,130,7,2025-11-10T09:00:00,,COLLECT_FAILED
3607,36,7,2025-12-23T07:00:00,638.43,OK
3608,33,3,2026-01-28T04:00:00,356.33,OK
3609,44,5,2025-11-09T11:00:00,940.87,OK
3610,131,4,2025-12-27T14:00:00,144.22,OK
3611,127,5,2025-12-26T18:00:00,246.67,OK
3612,70,7,2025-11-15T15:00:00,641.99,OK
3613,70,2,2025-12-24T03:00:00,626.15,OK
3614,121,3,2025-11-18T11:00:00,168.42,OK
3615,110,4,2026-01-14T20:00:00,417.71,OK
3616,153,6,2026-01-09T14:00:00,607.46,OK
3617,131,1,2025-11-21T23:00:00,145.22,OK
3618,182,4,2025-12-14T12:00:00,1443.79,OK
3619,110,6,2025-12-25T02:00:00,505.92,OK
3620,172,6,2026-02-02T00:00:00,916.84,OK
3621,190,3,2025-12-15T20:00:00,715.09,OK
3622,160,4,2025-12-29T04:00:00,1090.67,OK
3623,144,1,2025-11-19T23:00:00,251.01,OK
3624,5,2,2025-12-31T18:00:00,552.78,OK
3625,62,4,2026-02-09T11:00:00,,COLLECT_FAILED
3626,35,3,2026-01-17T07:00:00,1040.16,OK
3627,36,3,2025-11-01T20:00:00,,COLLECT_FAILED
3628,13,2,2025-11-13T02:00:00,681.15,OK
3629,16,4,2026-01-21T18:00:00,235.49,OK
3630,113,4,2025-11-24T06:00:00,948.53,OK
3631,169,4,2026-01-21T05:00:00,346.76,OK
3632,12,7,2026-01-13T23:00:00,161.77,OK
3633,45,4,2025-11-08T17:00:00,43.7,OK
3634,172,2,2026-02-13T05:00:00,968.52,OK
3635,185,7,2025-12-27T02:00:00,83.53,OK
3636,8,5,2026-01-07T12:00:00,345.38,OK
3637,71,4,2025-12-11T17:00:00,1312.34,OK
3638,15,2,2025-12-17T18:00:00,540.24,OK
3639,140,1,2025-11-27T09:00:00,148.01,OK
3640,173,2,2025-12-28T08:00:00,,COLLECT_FAILED
3641,1,6,2026-02-02T00:00:00,137.3,OK
3642,25,2,2025-12-13T10:00:00,503.07,OK
3643,27,6,2026-01-04T01:00:00,370.18,OK
3644,20,2,2025-12-27T23:00:00,557.69,OK
3645,32,1,2026-02-24T02:00:00,453.66,OK
3646,90,7,2026-02-05T09:00:00,604.02,OK
3647,31,2,2026-01-01T01:00:00,1361.68,OK
3648,169,6,2026-01-30T03:00:00,429.79,OK
3649,79,7,2025-12-10T03:00:00,,COLLECT_FAILED
3650,119,5,2025-12-05T05:00:00,337.04,OK
3651,194,4,2025-12-28T06:00:00,336.9,OK
3652,133,1,2025-12-24T11:00:00,759.8,OK
3653,33,3,2025-11-29T01:00:00,439.34,OK
3654,43,7,2025-11-19T17:00:00,,COLLECT_FAILED
3655,167,1,2025-11-30T10:00:00,279.8,OK
3656,126,4,2026-02-16T23:00:00,436.58,OK
3657,16,2,2025-12-26T07:00:00,185.8,OK
3658,32,5,2025-12-10T03:00:00,413.76,OK
3659,20,4,2025-12-16T06:00:00,597.79,OK
3660,132,3,2025-12-20T09:00:00,1209.04,OK
3661,64,5,2026-02-06T16:00:00,912.05,OK
3662,24,6,2026-01-05T07:00:00,652.87,OK
3663,58,1,2026-02-06T09:00:00,1127.04,OK
3664,21,3,2025-11-12T20:00:00,1218.47,OK
3665,23,3,2025-12-12T00:00:00,753.88,OK
3666,104,6,2026-02-14T01:00:00,530.12,OK
3667,27,6,2026-01-16T02:00:00,229.69,OK
3668,155,6,2026-01-21T14:00:00,654.59,OK
3669,140,3,2025-11-29T08:00:00,151.29,OK
3670,195,1,2025-12-24T05:00:00,470.7,OK
3671,128,5,2025-11-13T21:00:00,884.18,OK
3672,180,3,2025-12-11T03:00:00,481.81,OK
3673,68,5,2025-11-24T18:00:00,,COLLECT_FAILED
3674,14,7,2025-11-27T04:00:00,937.39,OK
3675,17,4,2025-10-30T09:00:00,56.91,OK
3676,135,5,2025-12-10T21:00:00,1046.65,OK
3677,155,6,2025-12-13T09:00:00,912.56,OK
3678,124,5,2025-12-10T05:00:00,474.19,OK
3679,71,2,2025-11-13T09:00:00,831.47,OK
3680,178,7,2026-01-30T11:00:00,396.13,OK
3681,33,2,2025-11-25T01:00:00,389.02,OK
3682,62,4,2026-02-15T00:00:00,130.87,OK
3683,131,6,2025-12-16T10:00:00,93.55,OK
3684,190,4,2026-02-17T18:00:00,847.18,OK
3685,137,3,2026-02-08T15:00:00,397.7,OK
3686,59,3,2026-01-31T23:00:00,,COLLECT_FAILED
3687,197,4,2025-12-31T20:00:00,293.41,OK
3688,120,1,2026-01-09T03:00:00,701.98,OK
3689,166,7,2025-12-26T08:00:00,161.93,OK
3690,146,7,2025-11-28T09:00:00,615.63,OK
3691,60,1,2025-11-15T02:00:00,422.33,OK
3692,67,4,2025-12-07T05:00:00,582.53,OK
3693,145,4,2025-11-07T08:00:00,702.03,OK
3694,200,1,2025-11-04T22:00:00,,COLLECT_FAILED
3695,31,1,2025-11-11T22:00:00,904.12,OK
3696,62,6,2025-11-13T18:00:00,100.56,OK
3697,151,4,2025-11-03T05:00:00,237.43,OK
3698,66,3,2026-02-04T09:00:00,374.8,OK
3699,110,6,2025-12-11T11:00:00,521.98,OK
3700,168,3,2026-02-07T08:00:00,655.67,OK
3701,103,2,2025-12-31T08:00:00,251.59,OK
3702,58,1,2025-11-14T11:00:00,1000.11,OK
3703,163,2,2025-11-30T09:00:00,1190.21,OK
3704,65,7,2026-01-29T18:00:00,295.83,OK
3705,110,6,2025-11-28T16:00:00,500.45,OK
3706,80,6,2025-11-11T07:00:00,859.56,OK
3707,153,3,2026-01-24T07:00:00,786.06,OK
3708,107,4,2026-02-14T16:00:00,463.8,OK
3709,179,1,2026-02-23T08:00:00,1332.42,OK
3710,42,6,2025-12-09T11:00:00,409.97,OK
3711,159,2,2026-01-18T04:00:00,542.07,OK
3712,151,3,2025-12-28T20:00:00,187.64,OK
3713,184,3,2026-01-09T17:00:00,887.14,OK
3714,179,3,2026-02-08T13:00:00,1417.2,OK
3715,129,5,2026-01-11T04:00:00,987.93,OK
3716,17,2,2025-12-04T15:00:00,54.58,OK
3717,129,1,2026-01-26T00:00:00,912.33,OK
3718,65,5,2025-11-09T01:00:00,211.79,OK
3719,61,1,2026-01-28T18:00:00,680.65,OK
3720,172,3,2026-01-04T02:00:00,877.41,OK
3721,62,6,2025-11-18T16:00:00,119.82,OK
3722,88,5,2025-11-03T15:00:00,523.37,OK
3723,90,4,2026-02-26T22:00:00,753.77,OK
3724,119,2,2025-12-28T08:00:00,353.41,OK
3725,147,6,2025-11-05T08:00:00,787.08,OK
3726,186,7,2026-01-14T02:00:00,966.75,OK
3727,111,3,2026-02-11T16:00:00,740.36,OK
3728,73,6,2026-02-26T21:00:00,1038.3,OK
3729,5,1,2025-12-04T19:00:00,501.44,OK
3730,48,6,2025-12-02T01:00:00,14.0,OK
3731,146,4,2025-12-05T17:00:00,870.6,OK
3732,1,2,2026-02-26T14:00:00,,COLLECT_FAILED
3733,154,7,2025-12-08T18:00:00,207.09,OK
3734,42,1,2026-02-04T02:00:00,374.94,OK
3735,92,2,2025-11-24T00:00:00,313.21,OK
3736,151,5,2026-02-17T18:00:00,219.1,OK
3737,167,2,2026-01-26T08:00:00,282.87,OK
3738,87,3,2025-12-02T02:00:00,948.52,OK
3739,125,5,2025-11-14T11:00:00,969.72,OK
3740,52,6,2026-02-20T19:00:00,666.62,OK
3741,91,5,2025-12-22T08:00:00,1148.77,OK
3742,15,1,2026-02-27T00:00:00,449.37,OK
3743,133,2,2026-01-12T20:00:00,828.19,OK
3744,25,6,2026-01-14T23:00:00,417.63,OK
3745,179,6,2025-11-16T01:00:00,1410.41,OK
3746,82,4,2026-02-21T01:00:00,72.17,OK
3747,82,1,2025-12-16T20:00:00,97.97,OK
3748,14,4,2025-11-12T02:00:00,,COLLECT_FAILED
3749,90,2,2025-12-31T23:00:00,460.23,OK
3750,124,3,2026-02-26T01:00:00,,COLLECT_FAILED
3751,198,4,2025-12-07T10:00:00,615.9,OK
3752,35,3,2025-12-12T02:00:00,1300.21,OK
3753,126,4,2025-12-25T22:00:00,380.01,OK
3754,36,7,2026-01-19T10:00:00,752.44,OK
3755,43,1,2025-11-25T03:00:00,473.0,OK
3756,140,5,2025-11-20T00:00:00,174.99,OK
3757,175,2,2025-12-13T01:00:00,889.62,OK
3758,110,6,2026-01-10T17:00:00,455.0,OK
3759,27,2,2025-11-21T02:00:00,223.97,OK
3760,56,7,2025-12-29T05:00:00,848.59,OK
3761,24,3,2025-11-30T08:00:00,529.03,OK
3762,160,5,2026-02-01T01:00:00,1000.8,OK
3763,119,3,2025-12-30T15:00:00,341.12,OK
3764,33,7,2026-01-21T00:00:00,368.04,OK
3765,48,6,2025-10-29T08:00:00,13.92,OK
3766,132,2,2026-01-27T13:00:00,1090.23,OK
3767,20,1,2026-01-12T07:00:00,785.63,OK
3768,191,1,2026-02-06T16:00:00,613.74,OK
3769,93,2,2025-12-22T13:00:00,664.31,OK
3770,75,3,2026-01-04T17:00:00,866.08,OK
3771,24,1,2026-02-17T05:00:00,819.98,OK
3772,18,7,2025-11-10T22:00:00,1093.71,OK
3773,61,5,2026-01-09T17:00:00,,COLLECT_FAILED
3774,183,5,2025-12-06T00:00:00,1257.44,OK
3775,178,7,2025-11-30T04:00:00,256.95,OK
3776,40,2,2025-12-26T08:00:00,40.15,OK
3777,29,2,2026-01-30T04:00:00,254.18,OK
3778,112,4,2026-01-18T17:00:00,1036.03,OK
3779,27,7,2026-02-11T00:00:00,349.7,OK
3780,44,6,2026-01-02T10:00:00,1094.93,OK
3781,134,5,2026-01-21T08:00:00,755.36,OK
3782,179,4,2026-01-19T02:00:00,1484.31,OK
3783,33,4,2026-01-04T17:00:00,307.41,OK
3784,130,6,2026-01-29T19:00:00,389.32,OK
3785,17,4,2025-12-28T09:00:00,88.15,OK
3786,76,7,2025-12-13T04:00:00,,COLLECT_FAILED
3787,54,3,2025-11-29T16:00:00,172.84,OK
3788,165,6,2026-01-14T04:00:00,1424.91,OK
3789,160,3,2025-12-17T09:00:00,955.22,OK
3790,97,5,2025-12-05T12:00:00,562.13,OK
3791,100,6,2025-12-18T01:00:00,425.58,OK
3792,124,3,2026-01-08T11:00:00,396.64,OK
3793,45,2,2026-02-02T07:00:00,48.4,OK
3794,12,6,2026-02-17T10:00:00,201.22,OK
3795,2,6,2026-01-22T05:00:00,211.92,OK
3796,171,4,2026-02-20T18:00:00,578.73,OK
3797,50,6,2025-12-19T00:00:00,79.86,OK
3798,96,4,2025-12-18T22:00:00,121.02,OK
3799,104,2,2026-02-07T03:00:00,450.77,OK
3800,72,6,2026-01-05T10:00:00,1124.28,OK
3801,167,2,2026-01-31T10:00:00,256.32,OK
3802,173,1,2025-12-09T23:00:00,52.28,OK
3803,67,6,2025-12-05T12:00:00,,COLLECT_FAILED
3804,78,6,2025-11-07T22:00:00,1057.78,OK
3805,128,3,2025-12-15T10:00:00,662.8,OK
3806,159,3,2025-11-18T07:00:00,364.73,OK
3807,68,5,2026-02-01T01:00:00,1327.86,OK
3808,195,7,2026-02-18T21:00:00,478.51,OK
3809,133,3,2026-02-22T11:00:00,572.34,OK
3810,149,5,2026-01-03T17:00:00,114.75,OK
3811,72,1,2026-01-05T02:00:00,927.98,OK
3812,135,5,2026-02-04T15:00:00,817.4,OK
3813,34,6,2026-02-08T19:00:00,283.22,OK
3814,53,7,2026-02-24T04:00:00,255.39,OK
3815,159,1,2025-12-31T06:00:00,351.14,OK
3816,157,7,2025-11-03T18:00:00,1121.19,OK
3817,174,5,2025-12-19T05:00:00,459.38,OK
3818,16,6,2025-11-05T08:00:00,176.73,OK
3819,58,2,2025-12-27T09:00:00,1155.38,OK
3820,92,3,2025-12-04T23:00:00,312.9,OK
3821,120,1,2025-11-02T07:00:00,643.37,OK
3822,153,4,2026-02-08T15:00:00,811.76,OK
3823,105,6,2026-01-17T02:00:00,79.32,OK
3824,52,3,2025-11-21T05:00:00,579.04,OK
3825,113,3,2026-01-20T14:00:00,819.89,OK
3826,173,3,2025-12-16T07:00:00,34.94,OK
3827,65,3,2025-10-30T11:00:00,226.3,OK
3828,18,4,2025-12-16T21:00:00,,COLLECT_FAILED
3829,4,1,2025-11-12T08:00:00,559.57,OK
3830,184,3,2025-11-26T09:00:00,844.99,OK
3831,4,2,2025-12-12T09:00:00,595.7,OK
3832,36,1,2025-11-11T20:00:00,765.74,OK
3833,88,6,2026-01-21T11:00:00,589.16,OK
3834,111,1,2026-01-24T20:00:00,607.46,OK
3835,159,3,2026-02-14T01:00:00,419.4,OK
3836,42,2,2026-02-20T07:00:00,435.36,OK
3837,36,6,2026-01-05T06:00:00,,COLLECT_FAILED
3838,90,7,2026-01-11T22:00:00,587.17,OK
3839,35,2,2026-01-21T20:00:00,,COLLECT_FAILED
3840,38,2,2025-12-19T05:00:00,351.93,OK
3841,142,3,2026-01-02T12:00:00,307.18,OK
3842,51,4,2025-11-28T11:00:00,1213.63,OK
3843,136,4,2026-01-22T04:00:00,,COLLECT_FAILED
3844,157,3,2026-02-01T09:00:00,1223.83,OK
3845,146,6,2026-02-12T07:00:00,,COLLECT_FAILED
3846,130,1,2025-11-06T08:00:00,443.04,OK
3847,174,7,2025-12-07T06:00:00,461.09,OK
3848,161,4,2025-12-08T19:00:00,139.06,OK
3849,34,3,2025-12-18T07:00:00,251.76,OK
3850,151,2,2026-02-03T21:00:00,288.33,OK
3851,148,2,2026-01-29T09:00:00,,COLLECT_FAILED
3852,49,4,2025-11-02T22:00:00,656.24,OK
3853,101,5,2025-11-23T05:00:00,188.1,OK
3854,109,5,2025-12-19T03:00:00,334.82,OK
3855,190,6,2026-02-15T05:00:00,938.98,OK
3856,30,2,2025-11-08T19:00:00,401.63,OK
3857,117,1,2026-01-26T16:00:00,,COLLECT_FAILED
3858,155,5,2025-11-27T18:00:00,1102.43,OK
3859,151,7,2026-02-03T12:00:00,268.66,OK
3860,155,6,2026-02-05T07:00:00,982.54,OK
3861,130,2,2025-11-06T22:00:00,374.01,OK
3862,159,3,2026-01-12T05:00:00,,COLLECT_FAILED
3863,102,4,2026-01-30T06:00:00,867.05,OK
3864,36,1,2025-12-15T12:00:00,553.41,OK
3865,191,7,2026-02-23T23:00:00,431.75,OK
3866,48,4,2026-02-12T07:00:00,,COLLECT_FAILED
3867,159,1,2025-12-14T15:00:00,372.99,OK
3868,89,1,2025-12-26T13:00:00,582.84,OK
3869,69,4,2025-11-13T22:00:00,,COLLECT_FAILED
3870,33,3,2025-12-25T21:00:00,368.11,OK
3871,127,2,2025-11-16T05:00:00,211.89,OK
3872,183,3,2026-01-14T23:00:00,959.9,OK
3873,21,3,2026-01-06T02:00:00,809.87,OK
3874,200,4,2026-01-09T01:00:00,488.99,OK
3875,160,1,2026-02-13T00:00:00,935.57,OK
3876,180,5,2025-11-30T07:00:00,395.75,OK
3877,117,7,2025-11-25T18:00:00,792.29,OK
3878,56,6,2026-01-05T09:00:00,937.84,OK
3879,183,3,2025-11-20T13:00:00,729.64,OK
3880,65,6,2026-01-22T20:00:00,338.78,OK
3881,49,5,2026-01-28T10:00:00,884.02,OK
3882,1,7,2025-11-25T02:00:00,92.12,OK
3883,169,2,2026-01-04T02:00:00,384.79,OK
3884,149,1,2025-12-08T23:00:00,168.9,OK
3885,53,3,2025-11-18T13:00:00,,COLLECT_FAILED
3886,149,6,2026-01-24T16:00:00,131.15,OK
3887,121,7,2025-12-05T05:00:00,234.34,OK
3888,62,7,2026-01-12T05:00:00,108.38,OK
3889,117,2,2026-01-15T02:00:00,656.0,OK
3890,117,7,2026-02-26T19:00:00,759.98,OK
3891,48,6,2025-12-04T06:00:00,8.81,OK
3892,117,4,2026-02-10T19:00:00,770.69,OK
3893,146,5,2026-02-03T02:00:00,611.96,OK
3894,51,1,2025-12-06T23:00:00,1399.0,OK
3895,132,3,2025-11-17T11:00:00,1199.45,OK
3896,147,2,2026-01-04T14:00:00,730.17,OK
3897,162,6,2025-11-19T03:00:00,542.61,OK
3898,137,7,2025-11-21T08:00:00,489.77,OK
3899,168,6,2025-11-28T20:00:00,826.08,OK
3900,151,4,2026-01-08T10:00:00,296.51,OK
3901,113,1,2025-12-22T14:00:00,1273.4,OK
3902,129,6,2026-02-16T15:00:00,750.16,OK
3903,194,7,2025-12-19T23:00:00,357.62,OK
3904,164,4,2025-12-13T22:00:00,951.06,OK
3905,152,2,2025-12-06T04:00:00,396.81,OK
3906,135,1,2026-02-17T08:00:00,778.32,OK
3907,54,5,2026-02-24T02:00:00,225.89,OK
3908,183,5,2026-02-20T02:00:00,1128.54,OK
3909,136,6,2026-01-07T14:00:00,744.42,OK
3910,100,6,2025-11-20T12:00:00,438.99,OK
3911,88,7,2025-12-25T14:00:00,,COLLECT_FAILED
3912,181,7,2026-02-10T18:00:00,844.07,OK
3913,22,3,2025-12-11T00:00:00,352.67,OK
3914,106,2,2025-11-22T02:00:00,231.97,OK
3915,29,7,2026-01-03T00:00:00,241.1,OK
3916,39,2,2025-11-08T09:00:00,1418.84,OK
3917,149,3,2026-01-12T23:00:00,167.57,OK
3918,178,7,2025-11-04T06:00:00,318.84,OK
3919,34,3,2025-12-08T01:00:00,310.1,OK
3920,172,4,2025-12-29T05:00:00,924.81,OK
3921,3,3,2025-12-01T08:00:00,927.24,OK
3922,44,7,2025-12-26T09:00:00,1029.55,OK
3923,199,7,2026-02-11T17:00:00,333.12,OK
3924,62,6,2025-12-26T17:00:00,95.86,OK
3925,121,7,2026-02-05T06:00:00,246.49,OK
3926,77,1,2025-11-19T19:00:00,869.87,OK
3927,130,1,2025-12-19T21:00:00,337.54,OK
3928,187,7,2026-01-26T14:00:00,800.39,OK
3929,102,6,2025-11-06T11:00:00,1374.47,OK
3930,161,7,2025-12-07T14:00:00,123.0,OK
3931,124,5,2026-02-12T17:00:00,548.78,OK
3932,7,3,2025-12-28T04:00:00,375.84,OK
3933,60,7,2026-02-05T10:00:00,581.7,OK
3934,60,3,2025-11-02T11:00:00,663.98,OK
3935,84,4,2025-12-17T18:00:00,202.58,OK
3936,189,4,2025-12-21T15:00:00,649.8,OK
3937,101,3,2026-01-16T20:00:00,151.12,OK
3938,51,2,2026-02-26T13:00:00,1082.32,OK
3939,53,4,2026-02-13T02:00:00,260.18,OK
3940,11,2,2025-11-23T23:00:00,771.21,OK
3941,124,7,2025-11-08T09:00:00,474.48,OK
3942,23,1,2026-02-14T11:00:00,741.42,OK
3943,136,2,2025-11-13T01:00:00,1096.31,OK
3944,29,6,2025-11-18T05:00:00,170.03,OK
3945,101,3,2025-12-04T10:00:00,184.04,OK
3946,94,2,2025-12-10T17:00:00,990.1,OK
3947,126,4,2025-12-25T17:00:00,301.65,OK
3948,42,2,2025-12-16T18:00:00,483.27,OK
3949,139,7,2026-01-14T22:00:00,616.73,OK
3950,104,1,2025-12-22T01:00:00,428.59,OK
3951,34,7,2025-11-08T21:00:00,255.95,OK
3952,197,2,2026-02-24T20:00:00,239.99,OK
3953,131,6,2026-01-29T19:00:00,102.24,OK
3954,138,7,2026-01-13T18:00:00,721.97,OK
3955,46,4,2025-12-18T20:00:00,1516.1,OK
3956,90,6,2025-11-30T02:00:00,541.88,OK
3957,168,1,2025-12-14T20:00:00,1001.9,OK
3958,67,5,2025-11-10T15:00:00,863.82,OK
3959,17,6,2026-01-12T15:00:00,64.69,OK
3960,49,7,2025-12-13T12:00:00,569.52,OK
3961,126,6,2025-12-19T18:00:00,272.85,OK
3962,65,5,2025-12-12T18:00:00,315.92,OK
3963,126,6,2026-02-09T11:00:00,381.07,OK
3964,148,6,2025-11-11T21:00:00,828.1,OK
3965,4,3,2025-12-22T14:00:00,431.77,OK
3966,68,7,2025-11-05T08:00:00,958.57,OK
3967,135,2,2025-11-22T04:00:00,813.29,OK
3968,38,2,2025-12-04T18:00:00,415.38,OK
3969,2,7,2025-12-12T21:00:00,153.11,OK
3970,7,1,2025-12-17T23:00:00,516.48,OK
3971,117,2,2025-12-25T04:00:00,778.17,OK
3972,85,4,2025-12-30T01:00:00,768.67,OK
3973,55,5,2025-11-04T23:00:00,348.2,OK
3974,92,4,2025-11-24T09:00:00,183.28,OK
3975,96,2,2026-01-20T18:00:00,109.23,OK
3976,87,1,2026-02-09T11:00:00,809.32,OK
3977,192,3,2025-11-26T14:00:00,222.82,OK
3978,187,3,2026-02-26T15:00:00,1088.62,OK
3979,41,4,2026-02-16T22:00:00,610.24,OK
3980,51,4,2025-12-16T23:00:00,,COLLECT_FAILED
3981,175,7,2025-12-17T23:00:00,975.38,OK
3982,195,5,2026-01-05T13:00:00,447.1,OK
3983,94,7,2026-01-02T01:00:00,812.34,OK
3984,134,5,2026-02-19T01:00:00,644.05,OK
3985,36,3,2025-11-25T17:00:00,,COLLECT_FAILED
3986,88,2,2026-02-03T21:00:00,687.31,OK
3987,153,7,2026-01-08T18:00:00,785.13,OK
3988,75,1,2025-11-30T02:00:00,610.28,OK
3989,90,6,2025-11-13T22:00:00,769.32,OK
3990,22,5,2025-10-29T15:00:00,,COLLECT_FAILED
3991,82,2,2025-12-24T17:00:00,105.91,OK
3992,59,2,2025-12-24T05:00:00,27.15,OK
3993,172,1,2026-01-10T19:00:00,875.85,OK
3994,171,3,2026-02-01T16:00:00,758.46,OK
3995,84,7,2025-12-22T03:00:00,244.57,OK
3996,80,6,2025-11-10T03:00:00,956.0,OK
3997,54,2,2025-11-02T19:00:00,216.09,OK
3998,58,2,2025-11-30T15:00:00,1319.87,OK
3999,132,6,2026-02-11T09:00:00,1026.15,OK
4000,58,6,2026-02-10T20:00:00,1234.61,OK
4001,21,1,2026-01-20T22:00:00,1051.49,OK
4002,76,6,2025-11-10T02:00:00,654.56,OK
4003,132,3,2026-02-07T12:00:00,854.41,OK
4004,133,7,2025-11-18T15:00:00,624.01,OK
4005,9,1,2025-12-27T21:00:00,83.67,OK
4006,66,2,2026-01-26T23:00:00,360.83,OK
4007,143,2,2025-11-26T04:00:00,846.08,OK
4008,197,7,2026-01-09T23:00:00,282.5,OK
4009,185,3,2026-01-06T18:00:00,,COLLECT_FAILED
4010,32,4,2025-12-23T05:00:00,335.48,OK
4011,126,2,2025-12-08T06:00:00,430.6,OK
4012,57,4,2025-12-14T06:00:00,981.69,OK
4013,113,5,2025-12-31T01:00:00,794.85,OK
4014,118,6,2026-01-23T14:00:00,23.07,OK
4015,63,2,2026-02-07T22:00:00,1351.8,OK
4016,1,2,2025-12-23T20:00:00,108.89,OK
4017,69,2,2026-02-23T17:00:00,552.23,OK
4018,16,1,2025-12-18T22:00:00,,COLLECT_FAILED
4019,41,1,2025-12-08T23:00:00,,COLLECT_FAILED
4020,83,2,2025-12-17T22:00:00,123.45,OK
4021,79,3,2026-01-04T04:00:00,593.91,OK
4022,155,3,2025-11-12T04:00:00,773.38,OK
4023,102,6,2025-12-04T12:00:00,1000.05,OK
4024,83,7,2026-02-05T22:00:00,182.09,OK
4025,3,5,2025-11-27T14:00:00,1243.37,OK
4026,68,5,2026-01-02T17:00:00,919.36,OK
4027,132,2,2026-02-03T06:00:00,864.14,OK
4028,101,6,2026-02-23T07:00:00,226.63,OK
4029,13,5,2025-12-14T08:00:00,796.84,OK
4030,84,2,2025-11-04T02:00:00,243.77,OK
4031,190,6,2025-11-04T07:00:00,879.64,OK
4032,45,3,2025-11-07T20:00:00,58.17,OK
4033,71,1,2025-11-24T08:00:00,1275.85,OK
4034,69,2,2025-10-30T14:00:00,679.79,OK
4035,132,1,2025-11-06T15:00:00,979.81,OK
4036,176,4,2025-11-06T08:00:00,277.53,OK
4037,152,2,2026-01-22T05:00:00,345.33,OK
4038,58,4,2026-02-10T14:00:00,1214.92,OK
4039,51,1,2026-01-02T17:00:00,1120.46,OK
4040,183,4,2026-02-18T03:00:00,1071.86,OK
4041,15,4,2026-01-27T04:00:00,457.15,OK
4042,141,4,2025-11-10T05:00:00,817.01,OK
4043,46,3,2025-12-06T09:00:00,1145.56,OK
4044,128,5,2026-02-06T16:00:00,765.92,OK
4045,141,2,2025-11-04T15:00:00,,COLLECT_FAILED
4046,93,2,2025-11-27T10:00:00,520.77,OK
4047,10,1,2025-12-11T19:00:00,397.3,OK
4048,154,4,2025-12-08T04:00:00,275.49,OK
4049,138,1,2025-12-25T23:00:00,563.33,OK
4050,118,1,2025-12-22T08:00:00,21.31,OK
4051,140,6,2025-11-30T02:00:00,,COLLECT_FAILED
4052,151,6,2026-01-31T13:00:00,,COLLECT_FAILED
4053,92,5,2026-02-15T11:00:00,228.55,OK
4054,68,5,2025-11-25T11:00:00,1017.04,OK
4055,170,4,2026-01-28T08:00:00,814.65,OK
4056,25,6,2026-02-15T20:00:00,502.9,OK
4057,5,1,2025-12-17T23:00:00,563.98,OK
4058,173,5,2025-12-06T04:00:00,30.04,OK
4059,4,4,2026-02-02T14:00:00,514.81,OK
4060,70,2,2026-01-20T16:00:00,495.25,OK
4061,138,5,2026-02-23T19:00:00,696.96,OK
4062,114,2,2026-02-19T10:00:00,20.34,OK
4063,34,7,2025-12-05T01:00:00,335.95,OK
4064,168,3,2026-01-26T06:00:00,604.92,OK
4065,43,5,2026-01-28T01:00:00,660.69,OK
4066,149,5,2025-11-29T02:00:00,148.96,OK
4067,168,6,2025-12-23T10:00:00,578.34,OK
4068,136,3,2025-12-12T13:00:00,1067.14,OK
4069,128,5,2025-12-27T20:00:00,941.86,OK
4070,97,1,2025-12-11T11:00:00,744.52,OK
4071,190,1,2025-11-26T12:00:00,799.12,OK
4072,128,3,2026-01-24T01:00:00,594.58,OK
4073,192,7,2025-12-25T12:00:00,199.15,OK
4074,67,5,2025-11-11T16:00:00,770.29,OK
4075,24,4,2025-11-26T21:00:00,706.55,OK
4076,1,2,2025-11-29T10:00:00,122.42,OK
4077,166,2,2025-11-04T00:00:00,196.61,OK
4078,196,7,2025-11-10T04:00:00,173.19,OK
4079,187,1,2026-01-20T13:00:00,708.26,OK
4080,151,1,2026-02-01T16:00:00,264.32,OK
4081,81,7,2025-10-29T09:00:00,74.09,OK
4082,97,4,2026-01-17T15:00:00,481.95,OK
4083,137,4,2026-01-09T12:00:00,467.61,OK
4084,16,4,2026-02-22T09:00:00,,COLLECT_FAILED
4085,17,3,2026-01-23T01:00:00,91.94,OK
4086,41,6,2026-02-26T06:00:00,,COLLECT_FAILED
4087,162,1,2026-01-07T09:00:00,491.37,OK
4088,54,4,2025-11-29T22:00:00,196.34,OK
4089,134,3,2025-12-23T20:00:00,781.24,OK
4090,88,5,2025-12-17T06:00:00,613.32,OK
4091,134,6,2026-02-15T03:00:00,733.99,OK
4092,36,7,2025-11-20T16:00:00,693.66,OK
4093,113,1,2026-02-03T22:00:00,1190.34,OK
4094,115,1,2026-02-10T14:00:00,1247.58,OK
4095,180,2,2025-12-02T11:00:00,566.86,OK
4096,149,4,2025-11-19T10:00:00,140.63,OK
4097,5,5,2025-12-11T19:00:00,,COLLECT_FAILED
4098,34,7,2026-02-25T07:00:00,281.48,OK
4099,130,7,2025-11-25T19:00:00,464.48,OK
4100,121,6,2026-01-21T05:00:00,162.25,OK
4101,147,7,2025-10-29T19:00:00,645.0,OK
4102,107,1,2026-01-15T07:00:00,505.2,OK
4103,26,1,2025-11-06T06:00:00,481.46,OK
4104,106,1,2026-01-27T09:00:00,335.1,OK
4105,77,2,2026-01-25T13:00:00,945.23,OK
4106,38,3,2025-11-17T17:00:00,491.88,OK
4107,141,4,2025-12-01T16:00:00,978.65,OK
4108,30,1,2026-01-23T13:00:00,447.52,OK
4109,56,5,2025-11-30T20:00:00,1183.34,OK
4110,162,7,2025-12-25T09:00:00,419.25,OK
4111,154,3,2025-11-11T04:00:00,220.29,OK
4112,83,1,2026-01-10T00:00:00,163.35,OK
4113,192,1,2025-12-07T16:00:00,315.18,OK
4114,143,2,2026-02-20T01:00:00,720.1,OK
4115,189,4,2026-01-16T02:00:00,689.0,OK
4116,31,2,2026-02-18T08:00:00,1060.43,OK
4117,104,4,2026-01-26T02:00:00,525.12,OK
4118,147,1,2025-12-31T07:00:00,859.74,OK
4119,57,2,2026-01-06T21:00:00,1265.64,OK
4120,109,7,2025-11-23T18:00:00,,COLLECT_FAILED
4121,93,5,2025-11-14T17:00:00,793.54,OK
4122,184,4,2025-11-17T07:00:00,1391.62,OK
4123,73,1,2026-01-08T18:00:00,1141.41,OK
4124,74,6,2026-01-02T11:00:00,261.86,OK
4125,160,7,2026-01-11T17:00:00,892.66,OK
4126,119,5,2025-12-22T05:00:00,288.84,OK
4127,73,2,2026-01-28T22:00:00,1120.95,OK
4128,126,6,2026-01-10T12:00:00,262.62,OK
4129,117,5,2026-01-29T03:00:00,749.81,OK
4130,73,1,2026-01-18T04:00:00,759.01,OK
4131,27,6,2026-02-20T20:00:00,262.7,OK
4132,138,7,2026-01-16T18:00:00,549.27,OK
4133,199,6,2026-01-27T14:00:00,332.78,OK
4134,47,7,2026-02-25T11:00:00,305.93,OK
4135,40,7,2026-02-01T03:00:00,44.44,OK
4136,117,5,2026-02-13T16:00:00,726.27,OK
4137,126,4,2025-12-28T22:00:00,320.78,OK
4138,142,4,2026-01-18T07:00:00,266.47,OK
4139,134,6,2025-11-13T04:00:00,1113.96,OK
4140,124,6,2025-11-22T18:00:00,477.22,OK
4141,146,3,2026-01-09T13:00:00,896.0,OK
4142,107,6,2026-02-22T04:00:00,528.07,OK
4143,25,2,2025-11-04T15:00:00,,COLLECT_FAILED
4144,42,3,2025-12-12T03:00:00,381.07,OK
4145,112,4,2026-01-20T00:00:00,614.01,OK
4146,151,1,2025-11-01T06:00:00,269.48,OK
4147,57,1,2025-12-01T19:00:00,1279.26,OK
4148,131,2,2025-11-01T18:00:00,91.62,OK
4149,110,7,2025-11-11T04:00:00,531.6,OK
4150,23,3,2026-01-03T02:00:00,853.1,OK
4151,50,7,2026-02-15T20:00:00,100.17,OK
4152,22,6,2026-01-26T01:00:00,388.34,OK
4153,127,6,2026-01-14T19:00:00,253.19,OK
4154,132,3,2025-11-07T17:00:00,1073.78,OK
4155,48,7,2025-11-05T20:00:00,,COLLECT_FAILED
4156,124,1,2025-12-03T13:00:00,600.58,OK
4157,86,4,2025-11-25T07:00:00,183.42,OK
4158,145,6,2025-11-06T06:00:00,512.47,OK
4159,97,3,2026-02-10T07:00:00,730.42,OK
4160,116,1,2026-01-10T01:00:00,806.49,OK
4161,199,5,2025-11-20T12:00:00,441.45,OK
4162,29,4,2025-12-22T02:00:00,196.17,OK
4163,26,6,2026-01-23T10:00:00,659.55,OK
4164,35,2,2026-02-15T16:00:00,1316.94,OK
4165,173,1,2026-02-13T01:00:00,49.91,OK
4166,105,7,2026-01-07T13:00:00,61.97,OK
4167,113,7,2025-12-31T17:00:00,1155.27,OK
4168,73,3,2025-12-28T01:00:00,,COLLECT_FAILED
4169,133,6,2026-02-09T14:00:00,887.86,OK
4170,120,6,2025-11-12T09:00:00,1028.19,OK
4171,144,7,2026-01-15T04:00:00,191.77,OK
4172,172,4,2025-12-26T23:00:00,616.14,OK
4173,70,5,2026-01-22T13:00:00,,COLLECT_FAILED
4174,133,6,2026-02-22T17:00:00,684.16,OK
4175,109,1,2026-02-17T13:00:00,397.38,OK
4176,82,5,2025-12-25T18:00:00,82.71,OK
4177,47,3,2025-10-30T18:00:00,397.4,OK
4178,30,6,2025-12-21T21:00:00,485.41,OK
4179,32,3,2025-11-03T17:00:00,348.54,OK
4180,9,6,2026-02-04T23:00:00,96.8,OK
4181,142,2,2026-01-03T05:00:00,203.14,OK
4182,160,6,2025-12-30T21:00:00,965.19,OK
4183,55,5,2025-12-19T01:00:00,362.74,OK
4184,161,1,2025-11-22T02:00:00,163.34,OK
4185,77,2,2026-02-07T16:00:00,569.71,OK
4186,177,7,2026-01-23T06:00:00,995.59,OK
4187,137,1,2025-11-23T07:00:00,501.34,OK
4188,21,2,2025-12-28T06:00:00,1325.88,OK
4189,165,7,2026-02-07T16:00:00,1505.76,OK
4190,18,4,2026-01-25T19:00:00,1372.67,OK
4191,106,3,2026-01-25T07:00:00,298.29,OK
4192,14,1,2026-02-26T20:00:00,741.92,OK
4193,30,7,2026-01-29T03:00:00,,COLLECT_FAILED
4194,116,5,2026-02-18T16:00:00,809.81,OK
4195,196,4,2026-01-26T19:00:00,185.71,OK
4196,49,3,2025-12-23T09:00:00,679.6,OK
4197,84,6,2026-01-14T05:00:00,302.53,OK
4198,115,6,2025-11-30T01:00:00,1067.93,OK
4199,41,2,2025-12-22T11:00:00,790.24,OK
4200,147,4,2025-12-04T16:00:00,,COLLECT_FAILED
4201,72,3,2026-02-15T01:00:00,1220.86,OK
4202,192,7,2025-11-23T05:00:00,,COLLECT_FAILED
4203,124,4,2026-01-11T17:00:00,,COLLECT_FAILED
4204,31,7,2026-02-26T20:00:00,1560.88,OK
4205,192,3,2025-12-18T01:00:00,184.55,OK
4206,178,5,2026-02-19T20:00:00,306.9,OK
4207,105,4,2025-11-10T04:00:00,87.69,OK
4208,121,7,2025-12-04T09:00:00,154.06,OK
4209,68,4,2025-11-02T16:00:00,1191.24,OK
4210,9,1,2025-12-05T16:00:00,86.66,OK
4211,36,2,2025-11-16T16:00:00,801.25,OK
4212,145,2,2026-02-11T07:00:00,511.9,OK
4213,178,4,2026-01-16T15:00:00,286.01,OK
4214,110,4,2025-11-17T07:00:00,347.37,OK
4215,109,1,2025-12-01T12:00:00,434.41,OK
4216,189,6,2025-12-30T06:00:00,791.82,OK
4217,33,7,2025-12-22T12:00:00,358.89,OK
4218,44,3,2025-11-19T17:00:00,963.35,OK
4219,10,1,2026-01-13T16:00:00,264.62,OK
4220,167,4,2025-12-01T00:00:00,241.33,OK
4221,145,2,2026-02-05T19:00:00,506.25,OK
4222,169,7,2025-11-09T11:00:00,514.33,OK
4223,108,1,2025-11-19T12:00:00,,COLLECT_FAILED
4224,68,4,2026-02-06T10:00:00,1055.33,OK
4225,182,4,2026-01-05T18:00:00,1160.83,OK
4226,51,1,2026-02-02T09:00:00,1006.19,OK
4227,130,1,2025-12-29T10:00:00,359.23,OK
4228,91,5,2026-01-27T21:00:00,866.66,OK
4229,24,2,2025-12-13T09:00:00,,COLLECT_FAILED
4230,40,5,2026-01-03T16:00:00,43.88,OK
4231,56,5,2025-12-18T08:00:00,1237.73,OK
4232,105,1,2025-11-07T02:00:00,58.8,OK
4233,92,3,2026-01-23T17:00:00,222.08,OK
4234,169,6,2026-02-16T12:00:00,509.69,OK
4235,84,3,2025-11-28T07:00:00,184.32,OK
4236,19,7,2025-12-25T02:00:00,656.07,OK
4237,123,6,2026-02-07T07:00:00,,COLLECT_FAILED
4238,197,2,2026-01-03T00:00:00,228.51,OK
4239,1,6,2026-02-01T13:00:00,162.7,OK
4240,61,5,2025-12-10T14:00:00,693.48,OK
4241,14,1,2025-11-01T06:00:00,950.68,OK
4242,11,7,2025-11-22T23:00:00,661.46,OK
4243,104,2,2026-02-01T01:00:00,321.59,OK
4244,89,5,2026-01-29T10:00:00,669.21,OK
4245,13,1,2026-02-22T18:00:00,903.06,OK
4246,25,6,2025-12-12T14:00:00,428.37,OK
4247,52,1,2026-02-11T05:00:00,435.72,OK
4248,72,7,2026-02-11T07:00:00,1346.5,OK
4249,137,2,2026-02-07T19:00:00,511.92,OK
4250,90,6,2026-01-16T02:00:00,468.89,OK
4251,163,2,2025-12-23T13:00:00,1024.74,OK
4252,91,5,2025-12-22T10:00:00,1177.6,OK
4253,105,6,2025-12-12T00:00:00,,COLLECT_FAILED
4254,134,4,2025-12-19T12:00:00,1038.48,OK
4255,166,1,2025-11-01T01:00:00,234.93,OK
4256,145,3,2025-11-26T05:00:00,589.48,OK
4257,190,4,2025-12-02T21:00:00,626.46,OK
4258,3,3,2026-02-06T15:00:00,736.62,OK
4259,128,3,2026-01-09T21:00:00,808.62,OK
4260,80,3,2026-01-28T18:00:00,1158.56,OK
4261,156,1,2026-02-22T06:00:00,595.8,OK
4262,154,6,2025-11-16T22:00:00,304.76,OK
4263,13,3,2026-02-15T00:00:00,967.28,OK
4264,14,4,2026-01-28T18:00:00,770.0,OK
4265,101,4,2026-02-02T00:00:00,150.79,OK
4266,104,3,2025-10-30T12:00:00,320.91,OK
4267,196,1,2026-01-17T07:00:00,166.08,OK
4268,10,5,2025-12-09T11:00:00,381.89,OK
4269,65,4,2026-01-26T22:00:00,335.32,OK
4270,75,3,2025-11-20T20:00:00,914.61,OK
4271,186,4,2026-02-10T21:00:00,872.29,OK
4272,105,1,2025-11-27T12:00:00,94.15,OK
4273,131,3,2026-01-25T21:00:00,143.39,OK
4274,58,2,2025-12-06T04:00:00,998.36,OK
4275,161,7,2025-11-23T11:00:00,179.59,OK
4276,145,4,2025-11-13T19:00:00,703.72,OK
4277,95,7,2025-12-08T02:00:00,410.94,OK
4278,86,7,2026-02-10T02:00:00,303.67,OK
4279,118,6,2025-12-30T16:00:00,33.71,OK
4280,125,4,2026-01-07T11:00:00,1210.45,OK
4281,12,7,2025-11-06T06:00:00,,COLLECT_FAILED
4282,79,3,2025-11-28T01:00:00,650.6,OK
4283,43,6,2025-11-06T04:00:00,499.43,OK
4284,87,6,2025-11-05T22:00:00,794.93,OK
4285,43,3,2025-11-22T06:00:00,474.67,OK
4286,142,3,2025-12-20T07:00:00,304.93,OK
4287,2,7,2026-02-19T03:00:00,214.25,OK
4288,138,7,2026-02-08T09:00:00,709.0,OK
4289,153,1,2025-11-06T07:00:00,646.32,OK
4290,55,1,2025-11-23T05:00:00,356.9,OK
4291,131,3,2025-12-23T23:00:00,91.04,OK
4292,134,2,2026-02-20T02:00:00,965.02,OK
4293,100,1,2025-10-30T20:00:00,471.56,OK
4294,162,2,2026-01-05T08:00:00,514.72,OK
4295,10,6,2026-02-15T13:00:00,372.2,OK
4296,66,2,2025-12-09T18:00:00,362.19,OK
4297,137,5,2025-12-01T22:00:00,432.97,OK
4298,149,4,2025-12-28T14:00:00,158.01,OK
4299,108,3,2025-12-08T02:00:00,463.3,OK
4300,128,2,2026-02-20T10:00:00,830.9,OK
4301,196,2,2025-12-19T19:00:00,166.3,OK
4302,146,5,2026-02-21T06:00:00,810.78,OK
4303,137,6,2025-12-23T03:00:00,498.96,OK
4304,123,4,2026-01-18T10:00:00,138.61,OK
4305,54,1,2026-01-21T02:00:00,167.04,OK
4306,183,3,2025-12-20T02:00:00,855.6,OK
4307,80,5,2025-11-11T08:00:00,1030.03,OK
4308,96,7,2025-11-02T15:00:00,97.07,OK
4309,132,4,2025-12-05T08:00:00,1016.64,OK
4310,90,3,2026-02-24T09:00:00,589.15,OK
4311,59,5,2025-12-15T13:00:00,31.14,OK
4312,189,7,2025-12-11T21:00:00,756.28,OK
4313,188,6,2025-11-20T08:00:00,104.17,OK
4314,12,7,2025-11-20T19:00:00,185.01,OK
4315,136,7,2025-12-27T06:00:00,1240.69,OK
4316,83,5,2025-12-31T17:00:00,109.46,OK
4317,179,4,2025-11-23T10:00:00,1163.51,OK
4318,13,5,2025-11-23T07:00:00,692.44,OK
4319,113,3,2025-11-06T16:00:00,834.61,OK
4320,26,4,2025-10-29T06:00:00,571.12,OK
4321,40,1,2025-10-31T01:00:00,50.72,OK
4322,46,2,2025-12-20T21:00:00,1136.22,OK
4323,34,6,2026-01-25T18:00:00,212.38,OK
4324,41,6,2025-12-09T20:00:00,835.87,OK
4325,3,4,2026-01-20T14:00:00,846.57,OK
4326,93,2,2026-01-19T10:00:00,723.27,OK
4327,157,6,2025-11-21T16:00:00,769.42,OK
4328,86,4,2026-02-13T07:00:00,261.55,OK
4329,47,5,2026-01-10T18:00:00,263.02,OK
4330,196,7,2025-11-03T21:00:00,188.11,OK
4331,41,1,2025-11-30T14:00:00,716.21,OK
4332,163,5,2025-11-01T10:00:00,1196.66,OK
4333,11,5,2026-01-01T15:00:00,736.13,OK
4334,68,1,2025-11-10T05:00:00,747.97,OK
4335,69,2,2026-01-17T12:00:00,664.11,OK
4336,17,1,2025-12-20T20:00:00,61.93,OK
4337,19,1,2026-02-11T14:00:00,,COLLECT_FAILED
4338,197,3,2025-12-01T04:00:00,300.12,OK
4339,23,6,2026-02-14T15:00:00,655.12,OK
4340,86,7,2025-11-13T13:00:00,252.88,OK
4341,23,3,2026-01-13T01:00:00,1101.27,OK
4342,62,3,2026-01-13T07:00:00,147.84,OK
4343,165,3,2025-12-25T12:00:00,1176.76,OK
4344,58,3,2025-11-05T16:00:00,1047.06,OK
4345,115,2,2026-02-01T22:00:00,1177.15,OK
4346,113,3,2025-12-31T13:00:00,,COLLECT_FAILED
4347,183,3,2025-11-12T14:00:00,845.83,OK
4348,128,3,2025-11-02T03:00:00,759.29,OK
4349,20,3,2025-11-12T18:00:00,899.72,OK
4350,39,7,2026-01-05T22:00:00,1315.11,OK
4351,198,2,2025-11-03T03:00:00,524.48,OK
4352,155,6,2026-01-28T23:00:00,829.12,OK
4353,67,4,2026-01-15T10:00:00,810.89,OK
4354,164,4,2026-01-18T03:00:00,1159.44,OK
4355,32,4,2026-01-18T14:00:00,343.0,OK
4356,166,6,2025-11-25T03:00:00,,COLLECT_FAILED
4357,154,3,2025-11-21T05:00:00,303.59,OK
4358,141,3,2025-12-27T02:00:00,628.81,OK
4359,82,7,2026-02-15T12:00:00,80.37,OK
4360,115,5,2026-01-16T07:00:00,1062.41,OK
4361,51,5,2025-12-29T12:00:00,875.03,OK
4362,197,6,2026-02-24T08:00:00,257.2,OK
4363,189,4,2025-11-04T16:00:00,764.97,OK
4364,189,6,2026-01-18T19:00:00,549.05,OK
4365,77,6,2025-11-14T01:00:00,958.81,OK
4366,60,7,2025-12-15T02:00:00,665.06,OK
4367,86,1,2025-11-03T05:00:00,184.12,OK
4368,32,5,2026-01-02T02:00:00,461.87,OK
4369,92,6,2025-12-08T12:00:00,206.01,OK
4370,158,6,2026-02-03T16:00:00,857.51,OK
4371,62,7,2026-01-21T03:00:00,88.29,OK
4372,156,6,2025-12-02T10:00:00,628.31,OK
4373,111,3,2026-02-17T20:00:00,628.34,OK
4374,194,7,2025-11-06T16:00:00,272.17,OK
4375,88,1,2025-12-22T21:00:00,622.29,OK
4376,142,4,2025-11-30T09:00:00,215.35,OK
4377,164,5,2025-11-18T12:00:00,882.69,OK
4378,54,5,2025-12-06T13:00:00,228.88,OK
4379,36,3,2026-02-08T03:00:00,718.52,OK
4380,116,1,2025-10-29T16:00:00,742.73,OK
4381,24,6,2025-12-30T17:00:00,862.17,OK
4382,113,4,2025-12-07T03:00:00,813.84,OK
4383,195,5,2025-12-06T10:00:00,380.52,OK
4384,1,4,2026-02-26T07:00:00,149.13,OK
4385,143,7,2026-02-16T05:00:00,710.17,OK
4386,49,5,2026-02-05T06:00:00,723.6,OK
4387,81,7,2025-11-29T17:00:00,,COLLECT_FAILED
4388,86,5,2025-12-26T07:00:00,314.57,OK
4389,4,6,2026-02-09T20:00:00,388.44,OK
4390,68,7,2026-01-25T11:00:00,1246.3,OK
4391,80,1,2025-11-24T11:00:00,1241.03,OK
4392,98,5,2025-12-05T03:00:00,807.75,OK
4393,130,2,2025-11-22T01:00:00,280.7,OK
4394,56,5,2025-12-13T21:00:00,1173.95,OK
4395,67,6,2025-11-21T20:00:00,573.57,OK
4396,121,3,2026-01-31T01:00:00,180.51,OK
4397,40,5,2026-01-03T21:00:00,32.68,OK
4398,171,4,2026-02-11T01:00:00,549.63,OK
4399,142,2,2025-11-07T08:00:00,273.1,OK
4400,110,6,2026-02-07T02:00:00,488.24,OK
4401,184,7,2025-11-22T16:00:00,843.6,OK
4402,96,4,2025-11-02T09:00:00,101.15,OK
4403,170,6,2026-01-03T07:00:00,861.46,OK
4404,18,1,2026-01-09T19:00:00,861.71,OK
4405,85,4,2026-02-03T11:00:00,642.16,OK
4406,58,7,2025-12-17T17:00:00,1185.83,OK
4407,38,3,2025-11-09T11:00:00,,COLLECT_FAILED
4408,128,4,2025-11-25T18:00:00,896.72,OK
4409,138,5,2025-12-14T00:00:00,662.51,OK
4410,129,3,2025-11-28T04:00:00,654.26,OK
4411,144,3,2026-02-11T13:00:00,237.84,OK
4412,142,1,2026-01-31T20:00:00,210.15,OK
4413,73,5,2026-01-11T16:00:00,829.36,OK
4414,150,5,2026-02-23T18:00:00,954.81,OK
4415,28,3,2026-01-22T17:00:00,658.39,OK
4416,89,1,2025-11-03T14:00:00,1004.38,OK
4417,198,6,2025-11-24T19:00:00,466.21,OK
4418,57,7,2026-01-20T23:00:00,1224.66,OK
4419,105,4,2026-01-12T23:00:00,66.23,OK
4420,168,6,2025-10-29T17:00:00,811.09,OK
4421,46,2,2026-02-05T11:00:00,1145.65,OK
4422,97,4,2026-02-01T02:00:00,459.94,OK
4423,125,1,2025-11-13T10:00:00,949.62,OK
4424,111,4,2026-02-05T02:00:00,802.05,OK
4425,50,3,2026-01-05T02:00:00,92.67,OK
4426,70,4,2025-12-10T09:00:00,693.25,OK
4427,90,1,2026-02-20T16:00:00,,COLLECT_FAILED
4428,160,4,2025-11-08T20:00:00,834.04,OK
4429,136,5,2025-12-26T11:00:00,787.73,OK
4430,143,2,2025-12-16T12:00:00,901.03,OK
4431,170,6,2025-12-17T22:00:00,967.18,OK
4432,37,5,2026-02-19T00:00:00,455.48,OK
4433,125,6,2026-01-07T03:00:00,1006.83,OK
4434,90,4,2025-11-13T14:00:00,603.14,OK
4435,6,2,2026-02-05T11:00:00,1203.35,OK
4436,28,3,2025-12-04T21:00:00,620.68,OK
4437,102,2,2026-02-16T03:00:00,1098.77,OK
4438,100,1,2026-02-14T08:00:00,392.77,OK
4439,144,3,2026-02-11T10:00:00,155.31,OK
4440,124,1,2026-02-18T16:00:00,438.95,OK
4441,93,5,2025-11-02T00:00:00,561.96,OK
4442,82,7,2025-11-04T09:00:00,,COLLECT_FAILED
4443,82,2,2026-01-09T02:00:00,89.4,OK
4444,179,1,2026-01-16T13:00:00,1143.38,OK
4445,153,5,2026-02-18T05:00:00,,COLLECT_FAILED
4446,156,5,2025-11-22T16:00:00,742.02,OK
4447,69,6,2026-01-31T08:00:00,621.51,OK
4448,135,6,2026-02-23T16:00:00,930.16,OK
4449,152,3,2026-01-06T18:00:00,351.97,OK
4450,145,3,2025-11-15T16:00:00,660.71,OK
4451,168,2,2025-11-15T22:00:00,1020.03,OK
4452,134,3,2025-11-10T22:00:00,803.99,OK
4453,104,4,2025-11-07T21:00:00,485.63,OK
4454,93,5,2026-01-02T18:00:00,804.32,OK
4455,53,4,2025-11-24T16:00:00,182.2,OK
4456,102,6,2026-02-03T21:00:00,1190.78,OK
4457,98,3,2026-02-20T18:00:00,,COLLECT_FAILED
4458,60,2,2025-12-29T02:00:00,420.91,OK
4459,96,7,2026-02-18T15:00:00,137.63,OK
4460,66,3,2026-01-21T10:00:00,320.62,OK
4461,136,5,2025-11-24T12:00:00,1109.95,OK
4462,11,5,2026-01-07T19:00:00,467.02,OK
4463,148,7,2026-01-23T20:00:00,845.77,OK
4464,3,6,2026-02-20T21:00:00,1186.53,OK
4465,145,3,2025-12-29T02:00:00,680.29,OK
4466,144,4,2026-02-06T22:00:00,215.42,OK
4467,7,5,2026-02-13T04:00:00,458.37,OK
4468,10,2,2026-02-26T06:00:00,354.32,OK
4469,141,4,2025-12-18T03:00:00,930.5,OK
4470,66,7,2026-01-23T00:00:00,356.85,OK
4471,155,6,2025-12-12T06:00:00,1082.33,OK
4472,90,7,2025-11-21T10:00:00,729.2,OK
4473,30,5,2026-01-10T21:00:00,356.96,OK
4474,108,2,2026-02-20T15:00:00,464.29,OK
4475,132,5,2025-11-17T22:00:00,1119.01,OK
4476,136,1,2026-01-20T22:00:00,1269.63,OK
4477,141,2,2026-01-08T14:00:00,,COLLECT_FAILED
4478,115,3,2025-12-04T01:00:00,975.51,OK
4479,141,6,2026-02-05T18:00:00,865.15,OK
4480,184,7,2025-11-13T08:00:00,1235.52,OK
4481,184,3,2025-12-21T09:00:00,932.43,OK
4482,117,1,2025-12-29T05:00:00,853.87,OK
4483,117,3,2025-11-25T18:00:00,917.13,OK
4484,104,2,2026-01-21T18:00:00,318.23,OK
4485,141,6,2026-02-03T13:00:00,1004.94,OK
4486,165,2,2025-11-06T06:00:00,1227.84,OK
4487,199,4,2025-11-23T19:00:00,473.42,OK
4488,117,6,2025-12-05T19:00:00,868.09,OK
4489,97,7,2026-01-06T16:00:00,455.92,OK
4490,13,1,2026-02-09T08:00:00,757.05,OK
4491,159,2,2026-02-19T03:00:00,427.85,OK
4492,18,1,2025-12-23T18:00:00,1218.73,OK
4493,189,5,2025-12-11T00:00:00,673.94,OK
4494,127,5,2025-12-15T02:00:00,,COLLECT_FAILED
4495,157,7,2026-01-07T13:00:00,795.22,OK
4496,85,3,2025-11-01T23:00:00,566.58,OK
4497,157,4,2025-11-06T10:00:00,956.03,OK
4498,151,7,2025-12-15T23:00:00,202.13,OK
4499,180,5,2026-01-19T07:00:00,373.52,OK
4500,4,1,2026-02-25T21:00:00,595.98,OK
4501,146,6,2025-11-30T12:00:00,738.2,OK
4502,91,3,2026-02-16T06:00:00,1046.52,OK
4503,11,5,2025-12-17T06:00:00,669.44,OK
4504,83,5,2026-01-16T14:00:00,123.73,OK
4505,45,4,2025-11-27T16:00:00,59.0,OK
4506,180,4,2025-11-10T22:00:00,,COLLECT_FAILED
4507,117,6,2025-11-22T07:00:00,801.57,OK
4508,179,1,2026-02-02T08:00:00,1156.49,OK
4509,35,6,2026-02-11T10:00:00,1147.19,OK
4510,155,2,2025-12-02T01:00:00,,COLLECT_FAILED
4511,79,5,2025-10-31T10:00:00,692.6,OK
4512,191,5,2026-01-18T10:00:00,722.78,OK
4513,62,7,2026-02-08T14:00:00,136.0,OK
4514,13,3,2025-11-04T15:00:00,1034.83,OK
4515,160,2,2026-01-12T03:00:00,703.75,OK
4516,136,1,2026-01-28T06:00:00,1144.38,OK
4517,144,5,2025-11-20T00:00:00,172.4,OK
4518,95,2,2026-01-26T15:00:00,403.02,OK
4519,114,7,2025-12-03T21:00:00,18.54,OK
4520,124,4,2025-12-19T09:00:00,510.24,OK
4521,111,5,2026-01-12T11:00:00,626.46,OK
4522,189,7,2026-02-25T13:00:00,822.37,OK
4523,61,1,2026-01-19T15:00:00,748.93,OK
4524,39,3,2026-01-04T16:00:00,1448.85,OK
4525,11,2,2025-12-10T15:00:00,,COLLECT_FAILED
4526,64,7,2025-11-25T17:00:00,751.99,OK
4527,138,3,2026-01-20T17:00:00,663.2,OK
4528,48,7,2025-12-07T11:00:00,11.94,OK
4529,167,5,2026-01-19T14:00:00,283.09,OK
4530,49,5,2025-11-19T04:00:00,820.36,OK
4531,48,1,2026-01-20T05:00:00,10.11,OK
4532,194,5,2026-01-15T09:00:00,418.76,OK
4533,7,2,2025-11-20T15:00:00,423.2,OK
4534,20,1,2025-11-03T15:00:00,595.45,OK
4535,82,6,2026-01-23T08:00:00,,COLLECT_FAILED
4536,123,2,2026-02-13T09:00:00,144.77,OK
4537,113,5,2026-01-18T15:00:00,820.09,OK
4538,185,1,2026-01-11T12:00:00,75.89,OK
4539,143,4,2025-10-29T01:00:00,,COLLECT_FAILED
4540,122,3,2025-12-20T14:00:00,1223.32,OK
4541,97,4,2025-11-20T13:00:00,546.8,OK
4542,177,5,2026-01-27T06:00:00,1058.31,OK
4543,48,7,2025-12-07T04:00:00,12.24,OK
4544,24,4,2026-02-06T09:00:00,855.69,OK
4545,196,2,2026-01-10T08:00:00,154.91,OK
4546,80,2,2026-01-14T06:00:00,1003.61,OK
4547,115,3,2026-02-13T02:00:00,778.17,OK
4548,47,1,2026-01-26T06:00:00,277.87,OK
4549,28,4,2025-12-28T18:00:00,532.63,OK
4550,155,4,2026-01-02T19:00:00,1028.69,OK
4551,12,2,2026-02-14T14:00:00,167.82,OK
4552,34,2,2025-12-20T05:00:00,,COLLECT_FAILED
4553,69,6,2026-01-01T14:00:00,617.01,OK
4554,120,3,2026-02-26T20:00:00,918.02,OK
4555,140,7,2026-02-24T12:00:00,157.35,OK
4556,6,5,2025-11-17T20:00:00,1151.21,OK
4557,93,5,2025-12-09T14:00:00,724.98,OK
4558,92,2,2025-11-08T18:00:00,188.41,OK
4559,168,7,2026-02-13T02:00:00,690.41,OK
4560,147,4,2026-01-31T09:00:00,540.25,OK
4561,150,5,2026-01-06T16:00:00,1395.27,OK
4562,151,3,2026-01-08T07:00:00,246.93,OK
4563,153,1,2026-02-11T21:00:00,767.55,OK
4564,152,4,2025-11-13T16:00:00,388.53,OK
4565,70,1,2025-11-06T22:00:00,782.24,OK
4566,176,2,2026-01-31T16:00:00,365.16,OK
4567,60,5,2026-02-26T06:00:00,391.29,OK
4568,26,4,2026-02-13T08:00:00,684.93,OK
4569,15,2,2026-01-04T18:00:00,603.73,OK
4570,68,4,2025-12-11T20:00:00,805.53,OK
4571,12,2,2025-11-28T20:00:00,220.69,OK
4572,200,6,2026-02-12T09:00:00,563.49,OK
4573,81,4,2026-02-22T12:00:00,105.2,OK
4574,71,5,2025-11-07T04:00:00,1277.93,OK
4575,135,1,2026-01-11T02:00:00,704.64,OK
4576,27,1,2025-11-29T09:00:00,323.95,OK
4577,173,3,2025-11-06T13:00:00,41.06,OK
4578,20,7,2026-02-23T11:00:00,577.38,OK
4579,132,7,2025-12-24T05:00:00,1045.91,OK
4580,152,3,2026-02-22T16:00:00,333.3,OK
4581,191,4,2026-01-15T01:00:00,415.71,OK
4582,129,7,2026-02-06T05:00:00,563.22,OK
4583,30,5,2026-01-05T00:00:00,468.97,OK
4584,149,6,2026-02-12T12:00:00,125.17,OK
4585,88,6,2025-12-06T23:00:00,674.73,OK
4586,37,3,2026-01-16T14:00:00,411.51,OK
4587,23,6,2026-02-20T05:00:00,634.31,OK
4588,130,3,2026-01-07T14:00:00,394.71,OK
4589,63,4,2025-11-08T05:00:00,1252.95,OK
4590,83,7,2026-01-25T13:00:00,154.8,OK
4591,59,1,2025-11-01T20:00:00,,COLLECT_FAILED
4592,188,7,2026-01-21T13:00:00,90.35,OK
4593,40,4,2026-01-23T12:00:00,47.34,OK
4594,44,6,2026-02-13T11:00:00,1040.09,OK
4595,82,3,2026-01-15T10:00:00,110.9,OK
4596,130,4,2025-12-18T05:00:00,299.56,OK
4597,156,1,2026-02-07T05:00:00,762.39,OK
4598,132,2,2026-02-14T08:00:00,835.38,OK
4599,168,7,2025-12-20T04:00:00,591.82,OK
4600,200,7,2026-01-15T05:00:00,556.71,OK
4601,150,4,2026-01-28T22:00:00,,COLLECT_FAILED
4602,126,6,2026-02-12T04:00:00,368.9,OK
4603,136,5,2025-10-29T04:00:00,820.57,OK
4604,29,5,2026-01-02T01:00:00,152.22,OK
4605,130,4,2025-11-03T23:00:00,347.29,OK
4606,86,3,2025-12-24T21:00:00,225.91,OK
4607,166,6,2026-02-13T20:00:00,153.21,OK
4608,123,3,2026-01-30T08:00:00,91.2,OK
4609,93,5,2025-11-30T08:00:00,556.64,OK
4610,34,5,2025-12-13T21:00:00,303.65,OK
4611,186,7,2026-02-13T23:00:00,868.28,OK
4612,171,2,2025-12-13T18:00:00,,COLLECT_FAILED
4613,82,5,2026-01-19T23:00:00,104.15,OK
4614,198,5,2026-02-01T17:00:00,577.3,OK
4615,45,4,2026-02-22T07:00:00,55.62,OK
4616,46,5,2026-01-01T19:00:00,1389.12,OK
4617,95,4,2025-11-20T03:00:00,358.64,OK
4618,108,3,2026-01-20T03:00:00,565.22,OK
4619,16,2,2025-11-30T03:00:00,179.81,OK
4620,196,4,2025-11-22T05:00:00,135.52,OK
4621,4,6,2025-11-07T16:00:00,531.08,OK
4622,24,4,2025-12-17T13:00:00,734.5,OK
4623,17,4,2026-01-13T04:00:00,89.89,OK
4624,170,2,2025-12-09T01:00:00,820.41,OK
4625,119,2,2025-10-30T01:00:00,250.71,OK
4626,183,6,2025-12-24T12:00:00,1026.25,OK
4627,124,4,2026-01-01T02:00:00,353.52,OK
4628,90,6,2025-11-06T04:00:00,469.65,OK
4629,45,5,2026-02-20T17:00:00,34.29,OK
4630,94,4,2025-12-10T15:00:00,1020.49,OK
4631,79,7,2025-12-06T21:00:00,,COLLECT_FAILED
4632,136,4,2026-01-30T12:00:00,927.38,OK
4633,132,3,2025-11-16T15:00:00,1179.54,OK
4634,150,2,2026-02-25T20:00:00,1464.95,OK
4635,63,3,2025-11-06T07:00:00,1012.77,OK
4636,108,2,2026-02-01T08:00:00,677.48,OK
4637,15,2,2025-12-18T04:00:00,504.36,OK
4638,60,6,2025-12-12T16:00:00,420.12,OK
4639,196,4,2025-11-12T22:00:00,146.21,OK
4640,134,4,2025-11-09T14:00:00,909.92,OK
4641,143,3,2025-12-28T16:00:00,718.97,OK
4642,29,4,2026-01-22T10:00:00,214.07,OK
4643,18,1,2026-01-15T18:00:00,1235.66,OK
4644,190,4,2026-01-21T02:00:00,647.02,OK
4645,139,5,2025-11-24T06:00:00,677.31,OK
4646,159,1,2025-12-29T13:00:00,319.94,OK
4647,187,2,2026-02-14T13:00:00,,COLLECT_FAILED
4648,147,5,2025-12-18T04:00:00,702.55,OK
4649,69,4,2026-02-10T07:00:00,454.03,OK
4650,55,7,2025-11-07T12:00:00,365.87,OK
4651,179,2,2026-02-21T21:00:00,1285.79,OK
4652,186,6,2025-10-29T11:00:00,,COLLECT_FAILED
4653,72,1,2026-01-08T12:00:00,1268.94,OK
4654,185,2,2026-01-14T01:00:00,,COLLECT_FAILED
4655,173,4,2025-10-30T17:00:00,,COLLECT_FAILED
4656,146,7,2026-01-01T06:00:00,,COLLECT_FAILED
4657,31,5,2026-01-26T22:00:00,1356.29,OK
4658,138,4,2026-01-19T13:00:00,669.48,OK
4659,134,6,2025-12-31T07:00:00,1115.02,OK
4660,87,5,2026-01-21T10:00:00,799.01,OK
4661,174,4,2025-12-31T06:00:00,346.11,OK
4662,83,3,2025-10-31T08:00:00,,COLLECT_FAILED
4663,165,3,2026-01-30T18:00:00,961.17,OK
4664,89,5,2025-12-27T03:00:00,711.87,OK
4665,171,7,2025-12-19T09:00:00,763.42,OK
4666,12,3,2026-02-03T19:00:00,227.2,OK
4667,72,7,2026-01-15T03:00:00,1277.83,OK
4668,184,2,2025-11-27T09:00:00,1290.73,OK
4669,34,3,2026-02-23T20:00:00,,COLLECT_FAILED
4670,29,7,2025-12-23T09:00:00,218.6,OK
4671,84,5,2025-10-31T20:00:00,303.94,OK
4672,179,6,2025-11-02T03:00:00,1098.19,OK
4673,127,7,2025-12-01T21:00:00,169.53,OK
4674,111,5,2026-01-07T07:00:00,878.84,OK
4675,23,3,2025-12-05T04:00:00,899.73,OK
4676,26,1,2026-02-17T04:00:00,,COLLECT_FAILED
4677,70,6,2026-02-07T13:00:00,726.22,OK
4678,5,3,2025-11-11T22:00:00,474.63,OK
4679,145,2,2026-02-18T05:00:00,455.22,OK
4680,149,3,2026-02-08T21:00:00,116.9,OK
4681,14,5,2025-12-25T14:00:00,1252.04,OK
4682,27,7,2026-01-01T09:00:00,278.49,OK
4683,80,6,2026-02-22T23:00:00,1039.34,OK
4684,43,6,2025-11-21T20:00:00,507.11,OK
4685,138,7,2025-11-28T13:00:00,667.23,OK
4686,40,6,2025-12-20T19:00:00,43.61,OK
4687,125,1,2026-02-08T21:00:00,890.93,OK
4688,96,1,2025-12-07T15:00:00,124.17,OK
4689,75,7,2025-12-10T07:00:00,753.87,OK
4690,88,1,2025-12-11T15:00:00,445.5,OK
4691,178,5,2025-11-02T19:00:00,262.77,OK
4692,99,4,2025-11-13T05:00:00,285.29,OK
4693,124,3,2025-12-11T17:00:00,348.52,OK
4694,98,1,2025-12-07T10:00:00,930.04,OK
4695,72,3,2026-01-25T13:00:00,1532.81,OK
4696,165,4,2025-11-19T23:00:00,1000.05,OK
4697,187,6,2025-12-23T09:00:00,746.17,OK
4698,153,1,2026-02-13T14:00:00,682.65,OK
4699,182,1,2026-02-12T17:00:00,1418.38,OK
4700,142,4,2025-11-06T15:00:00,212.18,OK
4701,127,3,2025-11-20T06:00:00,242.81,OK
4702,84,2,2026-01-19T02:00:00,192.94,OK
4703,135,7,2026-01-24T00:00:00,649.37,OK
4704,173,5,2025-12-23T00:00:00,39.62,OK
4705,129,1,2026-02-12T05:00:00,640.67,OK
4706,60,4,2025-11-28T04:00:00,536.35,OK
4707,142,7,2025-11-27T19:00:00,297.83,OK
4708,157,6,2025-12-10T15:00:00,786.51,OK
4709,18,3,2026-01-12T19:00:00,,COLLECT_FAILED
4710,146,5,2025-12-01T04:00:00,881.3,OK
4711,49,1,2025-11-19T23:00:00,657.56,OK
4712,49,7,2025-12-22T02:00:00,777.26,OK
4713,168,5,2025-11-30T02:00:00,1027.5,OK
4714,79,4,2026-01-16T06:00:00,519.49,OK
4715,87,7,2025-10-30T12:00:00,634.74,OK
4716,194,2,2025-11-20T14:00:00,302.81,OK
4717,104,7,2026-02-24T00:00:00,384.47,OK
4718,92,5,2025-11-21T06:00:00,307.78,OK
4719,76,5,2025-11-17T12:00:00,834.13,OK
4720,42,1,2026-02-26T11:00:00,437.63,OK
4721,54,3,2025-12-29T10:00:00,157.07,OK
4722,143,2,2025-12-08T16:00:00,664.14,OK
4723,114,1,2025-12-22T04:00:00,19.81,OK
4724,55,1,2025-12-31T21:00:00,,COLLECT_FAILED
4725,84,6,2025-11-29T20:00:00,271.35,OK
4726,116,6,2026-01-29T07:00:00,,COLLECT_FAILED
4727,173,2,2026-01-19T22:00:00,47.63,OK
4728,176,2,2025-11-23T02:00:00,241.34,OK
4729,186,4,2026-01-11T10:00:00,843.52,OK
4730,192,4,2026-02-08T10:00:00,190.16,OK
4731,180,3,2026-02-20T21:00:00,404.81,OK
4732,102,3,2026-01-26T10:00:00,936.76,OK
4733,145,7,2025-12-31T07:00:00,544.87,OK
4734,113,3,2026-02-03T17:00:00,923.3,OK
4735,194,7,2025-12-05T16:00:00,372.99,OK
4736,11,5,2026-01-09T10:00:00,710.58,OK
4737,156,2,2026-02-01T04:00:00,938.64,OK
4738,56,6,2026-01-02T13:00:00,,COLLECT_FAILED
4739,194,3,2026-01-29T19:00:00,347.53,OK
4740,53,6,2025-12-10T14:00:00,211.93,OK
4741,20,3,2025-12-05T20:00:00,896.96,OK
4742,14,3,2025-11-23T08:00:00,897.56,OK
4743,27,7,2025-11-24T17:00:00,,COLLECT_FAILED
4744,57,6,2025-10-31T11:00:00,954.27,OK
4745,20,2,2026-01-11T02:00:00,725.47,OK
4746,162,5,2025-12-18T16:00:00,513.91,OK
4747,169,6,2026-01-18T00:00:00,540.62,OK
4748,117,7,2026-01-13T03:00:00,882.55,OK
4749,140,7,2025-11-11T05:00:00,104.89,OK
4750,20,1,2026-02-17T07:00:00,557.76,OK
4751,8,3,2026-02-05T07:00:00,261.69,OK
4752,151,2,2025-11-26T23:00:00,246.68,OK
4753,113,5,2026-02-18T03:00:00,797.27,OK
4754,127,5,2025-11-12T07:00:00,245.52,OK
4755,128,3,2026-01-14T11:00:00,648.87,OK
4756,164,7,2026-01-27T10:00:00,,COLLECT_FAILED
4757,62,1,2026-02-22T06:00:00,99.84,OK
4758,56,2,2025-12-17T12:00:00,1306.1,OK
4759,14,2,2026-02-07T20:00:00,960.69,OK
4760,40,6,2025-11-16T22:00:00,42.59,OK
4761,171,2,2025-11-29T10:00:00,625.07,OK
4762,15,7,2026-01-12T02:00:00,374.77,OK
4763,181,6,2025-12-17T17:00:00,674.49,OK
4764,24,2,2026-02-16T18:00:00,802.59,OK
4765,13,5,2026-01-26T17:00:00,955.35,OK
4766,74,4,2026-02-08T19:00:00,330.02,OK
4767,65,1,2025-11-14T23:00:00,327.7,OK
4768,124,3,2025-11-15T19:00:00,438.07,OK
4769,177,3,2025-12-27T17:00:00,1340.33,OK
4770,55,4,2025-12-28T23:00:00,353.61,OK
4771,187,5,2026-02-24T03:00:00,,COLLECT_FAILED
4772,175,5,2026-01-13T11:00:00,818.17,OK
4773,80,6,2026-01-19T00:00:00,1111.19,OK
4774,196,4,2025-11-19T02:00:00,116.1,OK
4775,114,3,2025-11-24T09:00:00,23.99,OK
4776,106,5,2025-12-27T03:00:00,291.97,OK
4777,31,4,2026-01-22T05:00:00,,COLLECT_FAILED
4778,79,7,2025-11-10T07:00:00,470.92,OK
4779,146,4,2025-11-07T12:00:00,632.54,OK
4780,168,4,2025-11-02T12:00:00,673.71,OK
4781,183,5,2025-12-31T20:00:00,1000.64,OK
4782,117,6,2026-01-30T21:00:00,890.86,OK
4783,46,6,2025-11-24T05:00:00,933.37,OK
4784,20,7,2026-01-29T17:00:00,745.79,OK
4785,115,5,2026-02-06T09:00:00,893.92,OK
4786,189,2,2026-02-06T19:00:00,587.7,OK
4787,97,7,2025-12-05T17:00:00,645.25,OK
4788,51,7,2025-12-03T05:00:00,1210.63,OK
4789,145,1,2025-12-12T09:00:00,551.5,OK
4790,51,2,2026-02-26T19:00:00,,COLLECT_FAILED
4791,81,7,2025-11-29T05:00:00,87.12,OK
4792,151,4,2025-12-30T02:00:00,254.0,OK
4793,80,4,2026-02-13T01:00:00,1287.08,OK
4794,192,4,2025-12-15T03:00:00,216.0,OK
4795,164,4,2026-01-18T04:00:00,1257.96,OK
4796,187,1,2025-12-12T08:00:00,888.35,OK
4797,141,1,2026-01-16T14:00:00,618.93,OK
4798,76,1,2025-11-14T18:00:00,549.71,OK
4799,91,6,2026-01-08T03:00:00,,COLLECT_FAILED
4800,198,3,2025-12-02T04:00:00,356.19,OK
4801,146,3,2026-01-17T22:00:00,619.23,OK
4802,94,4,2026-02-09T04:00:00,1014.14,OK
4803,97,1,2025-11-24T14:00:00,645.93,OK
4804,84,2,2026-01-08T10:00:00,187.63,OK
4805,118,4,2025-12-18T01:00:00,32.54,OK
4806,128,4,2025-12-30T01:00:00,923.6,OK
4807,32,3,2025-12-18T22:00:00,376.47,OK
4808,152,3,2025-11-05T11:00:00,236.21,OK
4809,5,6,2026-02-07T23:00:00,450.28,OK
4810,81,4,2025-11-04T20:00:00,98.89,OK
4811,166,6,2026-02-12T01:00:00,200.03,OK
4812,55,4,2026-02-07T11:00:00,303.0,OK
4813,64,5,2026-01-16T01:00:00,934.26,OK
4814,166,2,2026-01-09T20:00:00,170.49,OK
4815,95,3,2025-12-22T21:00:00,339.73,OK
4816,14,1,2025-11-18T04:00:00,767.09,OK
4817,122,5,2025-11-03T20:00:00,,COLLECT_FAILED
4818,123,4,2026-01-23T17:00:00,135.08,OK
4819,151,5,2026-01-02T23:00:00,227.5,OK
4820,68,4,2025-11-30T02:00:00,957.07,OK
4821,167,1,2026-02-04T05:00:00,269.37,OK
4822,91,5,2025-11-24T07:00:00,1028.37,OK
4823,167,7,2026-02-04T08:00:00,273.81,OK
4824,39,6,2025-12-22T06:00:00,923.73,OK
4825,120,3,2026-02-18T08:00:00,1070.17,OK
4826,77,6,2026-01-31T23:00:00,715.44,OK
4827,139,2,2025-12-16T22:00:00,549.12,OK
4828,189,7,2026-02-22T00:00:00,767.72,OK
4829,174,4,2025-12-19T10:00:00,396.57,OK
4830,72,1,2025-11-21T14:00:00,,COLLECT_FAILED
4831,160,5,2026-01-24T18:00:00,702.83,OK
4832,184,7,2025-12-11T11:00:00,1064.71,OK
4833,38,5,2026-02-03T09:00:00,366.28,OK
4834,124,2,2025-11-24T05:00:00,565.61,OK
4835,9,4,2026-01-31T15:00:00,78.73,OK
4836,108,4,2026-01-15T07:00:00,,COLLECT_FAILED
4837,146,5,2026-02-26T04:00:00,522.24,OK
4838,123,3,2025-12-13T06:00:00,103.78,OK
4839,145,2,2025-12-26T23:00:00,661.27,OK
4840,49,6,2026-02-17T12:00:00,711.5,OK
4841,15,3,2025-11-03T17:00:00,654.09,OK
4842,139,3,2026-01-06T11:00:00,630.61,OK
4843,29,6,2026-02-13T10:00:00,246.53,OK
4844,39,2,2026-02-19T19:00:00,1470.19,OK
4845,40,5,2025-11-10T08:00:00,50.57,OK
4846,24,2,2025-11-30T19:00:00,527.65,OK
4847,38,6,2025-11-10T01:00:00,402.73,OK
4848,47,4,2025-10-30T19:00:00,276.89,OK
4849,58,1,2026-01-17T19:00:00,1176.28,OK
4850,10,7,2026-02-12T21:00:00,312.81,OK
4851,198,3,2026-02-14T15:00:00,439.0,OK
4852,141,3,2026-01-24T05:00:00,903.34,OK
4853,75,6,2025-12-18T11:00:00,744.48,OK
4854,177,1,2026-02-13T14:00:00,1606.93,OK
4855,69,2,2025-12-29T10:00:00,437.33,OK
4856,56,5,2025-12-13T19:00:00,1194.35,OK
4857,76,4,2026-02-01T14:00:00,669.94,OK
4858,23,1,2026-02-11T09:00:00,1035.56,OK
4859,151,7,2026-02-05T23:00:00,236.22,OK
4860,126,4,2025-11-03T01:00:00,,COLLECT_FAILED
4861,121,3,2026-02-02T17:00:00,175.46,OK
4862,108,3,2025-12-31T18:00:00,663.2,OK
4863,100,1,2026-02-11T20:00:00,525.94,OK
4864,137,6,2025-11-15T16:00:00,,COLLECT_FAILED
4865,152,4,2025-11-29T06:00:00,386.62,OK
4866,58,5,2025-12-10T16:00:00,1046.51,OK
4867,110,5,2025-11-10T01:00:00,415.02,OK
4868,183,2,2025-11-19T10:00:00,1092.57,OK
4869,62,2,2025-12-05T02:00:00,98.3,OK
4870,183,4,2025-12-11T09:00:00,1124.66,OK
4871,144,2,2025-11-30T08:00:00,217.94,OK
4872,89,3,2025-12-17T05:00:00,853.03,OK
4873,53,7,2026-01-16T15:00:00,206.99,OK
4874,89,2,2026-02-09T08:00:00,,COLLECT_FAILED
4875,58,6,2026-01-26T05:00:00,1230.64,OK
4876,144,5,2026-01-03T23:00:00,,COLLECT_FAILED
4877,87,4,2025-12-02T04:00:00,987.26,OK
4878,159,5,2025-11-24T10:00:00,478.35,OK
4879,147,5,2025-11-10T10:00:00,812.52,OK
4880,133,5,2025-12-20T05:00:00,694.86,OK
4881,163,2,2026-02-10T10:00:00,,COLLECT_FAILED
4882,5,7,2026-01-15T13:00:00,439.96,OK
4883,140,6,2026-02-02T16:00:00,181.49,OK
4884,54,4,2025-11-16T20:00:00,189.55,OK
4885,83,3,2026-01-18T16:00:00,151.14,OK
4886,137,6,2025-12-12T09:00:00,285.93,OK
4887,190,4,2025-12-22T06:00:00,,COLLECT_FAILED
4888,37,6,2026-02-15T21:00:00,509.32,OK
4889,137,3,2026-01-29T18:00:00,421.48,OK
4890,42,7,2025-12-12T13:00:00,394.36,OK
4891,191,4,2025-11-12T02:00:00,521.38,OK
4892,154,3,2025-12-04T04:00:00,199.35,OK
4893,55,1,2025-11-09T08:00:00,261.78,OK
4894,10,2,2025-11-30T07:00:00,401.32,OK
4895,116,3,2025-11-03T21:00:00,526.05,OK
4896,13,1,2025-11-14T05:00:00,683.68,OK
4897,36,5,2026-02-21T10:00:00,805.78,OK
4898,182,7,2025-12-10T03:00:00,1322.82,OK
4899,187,3,2025-11-22T10:00:00,,COLLECT_FAILED
4900,42,2,2026-01-06T05:00:00,382.33,OK
4901,99,2,2025-11-01T07:00:00,276.75,OK
4902,131,4,2025-11-07T17:00:00,97.74,OK
4903,81,7,2026-01-19T09:00:00,60.73,OK
4904,162,4,2025-12-24T23:00:00,516.45,OK
4905,29,2,2025-12-13T08:00:00,224.03,OK
4906,125,5,2026-02-25T21:00:00,746.86,OK
4907,37,1,2025-11-03T14:00:00,572.37,OK
4908,60,1,2026-01-22T14:00:00,588.26,OK
4909,60,6,2026-01-26T21:00:00,495.86,OK
4910,94,2,2025-12-01T02:00:00,824.63,OK
4911,38,1,2025-12-18T04:00:00,482.07,OK
4912,128,7,2025-11-14T01:00:00,678.64,OK
4913,153,1,2025-11-17T05:00:00,492.47,OK
4914,198,7,2026-02-14T22:00:00,378.99,OK
4915,14,7,2026-02-14T01:00:00,986.04,OK
4916,67,6,2026-01-24T12:00:00,811.08,OK
4917,180,6,2025-11-19T06:00:00,519.61,OK
4918,102,5,2025-11-12T06:00:00,1381.4,OK
4919,137,7,2026-02-06T12:00:00,472.86,OK
4920,82,3,2026-02-07T17:00:00,95.0,OK
4921,152,4,2025-12-11T08:00:00,329.14,OK
4922,148,7,2025-11-30T22:00:00,714.74,OK
4923,18,4,2025-11-14T00:00:00,1190.8,OK
4924,96,5,2026-02-12T06:00:00,137.75,OK
4925,200,4,2026-01-19T01:00:00,,COLLECT_FAILED
4926,171,3,2025-12-28T04:00:00,733.34,OK
4927,37,1,2025-11-14T10:00:00,499.29,OK
4928,145,1,2026-01-21T13:00:00,544.44,OK
4929,165,6,2026-01-18T04:00:00,1484.31,OK
4930,41,1,2026-02-09T16:00:00,715.7,OK
4931,196,2,2025-12-22T01:00:00,183.94,OK
4932,95,2,2025-11-28T14:00:00,,COLLECT_FAILED
4933,148,2,2025-11-20T15:00:00,861.55,OK
4934,164,5,2026-02-25T15:00:00,791.79,OK
4935,137,6,2025-11-12T15:00:00,337.49,OK
4936,147,1,2026-02-02T01:00:00,865.57,OK
4937,143,1,2025-12-27T09:00:00,688.97,OK
4938,28,3,2025-11-21T12:00:00,674.74,OK
4939,119,5,2025-12-18T02:00:00,372.47,OK
4940,83,7,2025-12-09T17:00:00,111.23,OK
4941,157,6,2025-12-13T07:00:00,985.26,OK
4942,81,2,2026-01-13T09:00:00,106.34,OK
4943,153,2,2025-11-20T13:00:00,686.48,OK
4944,107,3,2026-02-24T23:00:00,512.82,OK
4945,109,3,2026-01-02T05:00:00,303.95,OK
4946,105,3,2026-01-22T03:00:00,59.79,OK
4947,185,4,2026-02-25T22:00:00,84.8,OK
4948,18,3,2025-11-07T13:00:00,824.81,OK
4949,90,7,2026-02-12T10:00:00,594.92,OK
4950,132,7,2026-01-09T22:00:00,1036.97,OK
4951,96,7,2025-11-04T04:00:00,,COLLECT_FAILED
4952,116,4,2026-01-09T19:00:00,607.28,OK
4953,150,1,2026-02-16T05:00:00,1463.06,OK
4954,43,2,2026-01-08T19:00:00,517.05,OK
4955,112,2,2026-02-22T10:00:00,604.82,OK
4956,54,7,2025-12-03T01:00:00,144.39,OK
4957,197,4,2025-11-23T07:00:00,255.35,OK
4958,135,1,2025-11-05T17:00:00,712.2,OK
4959,35,2,2026-02-14T11:00:00,,COLLECT_FAILED
4960,137,4,2026-01-25T06:00:00,,COLLECT_FAILED
4961,127,1,2026-01-16T07:00:00,230.0,OK
4962,15,4,2025-11-17T21:00:00,579.47,OK
4963,108,1,2026-02-12T23:00:00,593.48,OK
4964,122,2,2026-01-23T15:00:00,780.64,OK
4965,21,7,2026-01-26T06:00:00,1031.79,OK
4966,55,7,2025-11-03T22:00:00,429.05,OK
4967,25,7,2025-12-15T12:00:00,491.38,OK
4968,80,6,2025-11-07T11:00:00,,COLLECT_FAILED
4969,30,1,2026-01-01T02:00:00,472.16,OK
4970,188,2,2026-01-06T18:00:00,65.89,OK
4971,57,5,2026-02-08T04:00:00,818.49,OK
4972,48,5,2025-10-30T14:00:00,,COLLECT_FAILED
4973,62,5,2026-01-19T21:00:00,88.33,OK
4974,80,1,2025-12-12T09:00:00,,COLLECT_FAILED
4975,102,1,2025-11-30T12:00:00,1047.29,OK
4976,69,6,2025-11-03T18:00:00,473.5,OK
4977,164,6,2025-11-21T00:00:00,1056.67,OK
4978,113,4,2026-01-20T23:00:00,1247.97,OK
4979,22,5,2025-11-21T16:00:00,396.92,OK
4980,92,2,2026-02-04T23:00:00,225.64,OK
4981,182,1,2025-12-08T00:00:00,1076.68,OK
4982,16,3,2026-02-23T16:00:00,237.78,OK
4983,121,4,2026-02-01T15:00:00,238.49,OK
4984,52,6,2025-12-07T15:00:00,509.91,OK
4985,186,4,2025-12-27T01:00:00,893.41,OK
4986,154,5,2025-12-22T17:00:00,312.48,OK
4987,189,1,2025-12-09T05:00:00,583.24,OK
4988,64,4,2025-11-12T11:00:00,920.51,OK
4989,95,5,2026-01-31T10:00:00,322.09,OK
4990,116,7,2026-01-21T16:00:00,786.26,OK
4991,90,2,2025-12-10T12:00:00,740.82,OK
4992,135,7,2026-01-05T23:00:00,966.85,OK
4993,148,3,2026-02-26T04:00:00,513.58,OK
4994,76,7,2025-12-14T11:00:00,808.87,OK
4995,101,5,2025-11-12T01:00:00,226.61,OK
4996,98,1,2025-12-22T05:00:00,1020.99,OK
4997,191,7,2026-01-27T15:00:00,610.3,OK
4998,24,6,2026-01-09T09:00:00,659.96,OK
4999,165,2,2025-11-04T03:00:00,1515.27,OK
5000,157,2,2025-12-21T07:00:00,1000.27,OK
5001,97,2,2025-12-30T05:00:00,754.52,OK
5002,193,4,2025-11-22T09:00:00,849.09,OK
5003,143,7,2026-02-24T21:00:00,913.44,OK
5004,42,2,2026-01-31T21:00:00,,COLLECT_FAILED
5005,27,1,2025-12-04T19:00:00,362.54,OK
5006,70,1,2026-01-22T16:00:00,587.76,OK
5007,118,2,2025-11-22T22:00:00,33.27,OK
5008,189,1,2026-02-04T14:00:00,779.13,OK
5009,102,7,2025-12-31T06:00:00,1278.47,OK
5010,26,1,2026-01-30T05:00:00,443.56,OK
5011,12,1,2025-12-14T18:00:00,225.13,OK
5012,56,2,2025-12-14T14:00:00,,COLLECT_FAILED
5013,94,4,2025-12-28T08:00:00,969.81,OK
5014,175,4,2025-11-27T12:00:00,871.52,OK
5015,200,4,2026-01-11T21:00:00,587.17,OK
5016,153,2,2026-01-18T01:00:00,780.07,OK
5017,2,1,2025-11-16T06:00:00,164.05,OK
5018,70,1,2025-12-23T22:00:00,791.63,OK
5019,105,7,2026-02-08T23:00:00,71.55,OK
5020,23,1,2025-11-10T19:00:00,989.68,OK
5021,180,4,2026-01-23T13:00:00,373.07,OK
5022,130,6,2025-12-21T06:00:00,328.05,OK
5023,57,1,2026-02-19T21:00:00,777.78,OK
5024,14,1,2026-01-29T00:00:00,1129.54,OK
5025,150,4,2026-01-29T09:00:00,880.74,OK
5026,72,3,2026-01-10T13:00:00,984.93,OK
5027,17,2,2025-11-18T01:00:00,57.41,OK
5028,108,4,2025-11-10T14:00:00,410.41,OK
5029,7,1,2025-12-27T04:00:00,575.18,OK
5030,161,6,2026-01-12T11:00:00,145.93,OK
5031,154,6,2025-11-25T23:00:00,221.0,OK
5032,140,7,2025-12-18T16:00:00,145.31,OK
5033,54,3,2026-02-17T19:00:00,132.77,OK
5034,183,3,2025-11-27T21:00:00,913.33,OK
5035,141,3,2026-01-29T12:00:00,,COLLECT_FAILED
5036,186,3,2025-11-26T07:00:00,944.74,OK
5037,124,7,2025-12-08T16:00:00,411.54,OK
5038,39,4,2025-12-23T05:00:00,1591.75,OK
5039,186,3,2026-01-15T11:00:00,637.7,OK
5040,17,2,2026-02-24T13:00:00,63.02,OK
5041,51,7,2026-01-18T13:00:00,1175.95,OK
5042,194,5,2026-02-10T14:00:00,309.55,OK
5043,182,7,2026-02-05T22:00:00,1008.31,OK
5044,123,4,2025-12-17T22:00:00,150.35,OK
5045,73,2,2025-12-11T02:00:00,847.21,OK
5046,166,4,2025-11-25T07:00:00,225.7,OK
5047,105,7,2026-01-14T00:00:00,68.56,OK
5048,127,3,2025-11-16T16:00:00,214.35,OK
5049,63,7,2025-12-24T11:00:00,1249.55,OK
5050,110,2,2025-10-31T03:00:00,418.8,OK
5051,144,3,2025-11-25T20:00:00,231.05,OK
5052,170,3,2026-02-21T14:00:00,824.59,OK
5053,19,7,2026-01-01T13:00:00,647.15,OK
5054,60,2,2026-02-08T07:00:00,441.55,OK
5055,134,1,2026-01-18T19:00:00,639.84,OK
5056,34,5,2025-12-27T03:00:00,334.58,OK
5057,185,1,2025-10-29T18:00:00,69.62,OK
5058,86,4,2026-02-07T06:00:00,232.66,OK
5059,191,3,2026-02-10T05:00:00,480.56,OK
5060,67,6,2026-01-15T20:00:00,862.52,OK
5061,35,4,2025-12-03T00:00:00,1134.12,OK
5062,132,6,2026-02-13T10:00:00,1097.62,OK
5063,197,1,2026-01-03T00:00:00,302.44,OK
5064,33,3,2025-11-01T01:00:00,304.14,OK
5065,14,2,2026-01-05T00:00:00,1011.12,OK
5066,29,3,2025-11-17T02:00:00,203.12,OK
5067,135,3,2025-12-14T07:00:00,819.98,OK
5068,162,2,2025-12-22T22:00:00,655.24,OK
5069,183,5,2026-01-31T21:00:00,1087.78,OK
5070,132,5,2026-01-06T17:00:00,881.14,OK
5071,24,2,2026-01-27T14:00:00,720.4,OK
5072,103,5,2025-11-13T13:00:00,178.11,OK
5073,84,6,2025-11-21T00:00:00,,COLLECT_FAILED
5074,143,4,2025-12-05T23:00:00,674.75,OK
5075,170,2,2026-02-08T05:00:00,573.89,OK
5076,175,7,2026-02-05T21:00:00,1202.2,OK
5077,161,5,2026-01-30T05:00:00,131.35,OK
5078,126,2,2026-02-02T21:00:00,296.83,OK
5079,189,4,2026-02-17T16:00:00,905.61,OK
5080,33,1,2026-01-24T23:00:00,337.84,OK
5081,170,5,2025-11-13T07:00:00,797.25,OK
5082,167,3,2025-12-01T20:00:00,215.34,OK
5083,30,6,2026-02-11T14:00:00,301.72,OK
5084,47,5,2025-12-05T15:00:00,,COLLECT_FAILED
5085,163,7,2025-11-11T19:00:00,,COLLECT_FAILED
5086,92,6,2025-12-02T13:00:00,297.65,OK
5087,93,2,2025-11-22T20:00:00,,COLLECT_FAILED
5088,43,3,2025-11-08T16:00:00,619.35,OK
5089,147,3,2025-12-28T12:00:00,571.16,OK
5090,46,5,2025-11-20T07:00:00,1288.19,OK
5091,134,4,2026-01-16T19:00:00,894.0,OK
5092,47,5,2026-02-11T10:00:00,228.55,OK
5093,34,3,2026-01-17T07:00:00,244.32,OK
5094,76,7,2025-12-03T17:00:00,499.19,OK
5095,34,1,2025-12-18T17:00:00,299.83,OK
5096,133,3,2025-11-30T03:00:00,937.83,OK
5097,6,5,2026-01-05T19:00:00,1735.59,OK
5098,168,7,2026-01-16T05:00:00,611.11,OK
5099,191,4,2025-11-04T11:00:00,612.16,OK
5100,84,1,2025-11-10T13:00:00,223.63,OK
5101,149,4,2026-01-14T13:00:00,,COLLECT_FAILED
5102,142,3,2026-02-12T06:00:00,288.36,OK
5103,156,5,2026-01-13T01:00:00,899.88,OK
5104,31,3,2026-01-10T04:00:00,1506.33,OK
5105,49,5,2025-12-23T15:00:00,871.85,OK
5106,116,3,2025-11-13T03:00:00,549.95,OK
5107,56,4,2026-01-14T06:00:00,1250.93,OK
5108,111,4,2025-10-29T22:00:00,549.01,OK
5109,27,6,2025-12-27T12:00:00,337.49,OK
5110,85,6,2025-11-04T04:00:00,674.66,OK
5111,94,6,2025-11-30T00:00:00,1120.92,OK
5112,130,4,2026-02-19T07:00:00,372.28,OK
5113,134,6,2026-01-21T23:00:00,1131.91,OK
5114,112,4,2025-11-25T02:00:00,757.63,OK
5115,171,3,2025-12-04T16:00:00,474.2,OK
5116,43,7,2026-02-19T02:00:00,610.88,OK
5117,114,2,2026-02-07T07:00:00,27.47,OK
5118,84,5,2025-12-08T23:00:00,266.75,OK
5119,156,1,2026-01-13T04:00:00,690.89,OK
5120,173,2,2026-01-23T11:00:00,,COLLECT_FAILED
5121,52,2,2026-01-20T02:00:00,388.05,OK
5122,53,1,2025-12-29T00:00:00,245.2,OK
5123,129,7,2025-12-01T14:00:00,848.53,OK
5124,48,2,2025-11-07T04:00:00,9.86,OK
5125,135,2,2025-11-21T09:00:00,1039.24,OK
5126,195,2,2025-12-24T06:00:00,420.54,OK
5127,133,5,2025-11-21T09:00:00,793.43,OK
5128,170,7,2026-01-07T14:00:00,676.37,OK
5129,65,4,2025-11-23T23:00:00,217.45,OK
5130,9,5,2026-01-23T18:00:00,81.58,OK
5131,150,1,2025-11-10T22:00:00,1138.54,OK
5132,164,2,2026-01-12T08:00:00,985.99,OK
5133,102,1,2026-02-20T20:00:00,986.89,OK
5134,160,7,2026-01-11T02:00:00,947.85,OK
5135,11,2,2025-12-06T01:00:00,,COLLECT_FAILED
5136,148,6,2026-02-18T01:00:00,704.76,OK
5137,183,3,2026-02-26T21:00:00,1259.97,OK
5138,158,3,2026-02-24T18:00:00,1410.29,OK
5139,157,6,2026-02-10T14:00:00,1223.45,OK
5140,14,3,2025-11-18T08:00:00,1121.88,OK
5141,181,1,2026-02-02T14:00:00,769.26,OK
5142,169,4,2025-11-18T03:00:00,374.59,OK
5143,153,6,2026-02-01T07:00:00,721.32,OK
5144,83,5,2025-11-17T07:00:00,163.85,OK
5145,139,7,2026-02-19T12:00:00,615.93,OK
5146,71,2,2026-02-23T11:00:00,1027.73,OK
5147,81,1,2026-02-07T09:00:00,100.69,OK
5148,165,7,2026-02-02T12:00:00,961.9,OK
5149,141,3,2025-12-23T22:00:00,807.36,OK
5150,66,3,2026-01-17T08:00:00,278.91,OK
5151,151,1,2026-02-16T11:00:00,225.13,OK
5152,167,3,2025-11-29T09:00:00,244.84,OK
5153,19,5,2025-12-11T22:00:00,575.15,OK
5154,1,6,2025-12-15T10:00:00,,COLLECT_FAILED
5155,28,6,2025-11-23T23:00:00,441.89,OK
5156,40,6,2025-11-19T18:00:00,37.93,OK
5157,11,5,2025-11-30T12:00:00,,COLLECT_FAILED
5158,5,2,2025-11-10T08:00:00,598.98,OK
5159,149,5,2026-02-11T07:00:00,142.31,OK
5160,193,2,2026-02-06T07:00:00,1032.7,OK
5161,15,7,2025-12-29T08:00:00,615.11,OK
5162,171,6,2025-12-11T18:00:00,819.1,OK
5163,44,7,2025-11-10T16:00:00,1033.25,OK
5164,25,1,2025-12-07T23:00:00,472.42,OK
5165,89,5,2025-11-30T21:00:00,759.51,OK
5166,180,3,2026-01-14T18:00:00,546.75,OK
5167,164,1,2026-02-24T13:00:00,913.65,OK
5168,154,7,2026-02-13T22:00:00,268.69,OK
5169,12,2,2026-02-20T01:00:00,213.83,OK
5170,116,1,2026-02-01T16:00:00,556.28,OK
5171,164,3,2026-01-18T23:00:00,1104.84,OK
5172,181,1,2025-12-25T13:00:00,764.86,OK
5173,190,7,2026-02-22T14:00:00,904.37,OK
5174,164,3,2025-12-03T04:00:00,884.9,OK
5175,78,3,2026-01-17T20:00:00,1041.9,OK
5176,7,4,2026-02-05T02:00:00,402.54,OK
5177,64,3,2026-02-13T05:00:00,749.65,OK
5178,144,5,2026-01-19T16:00:00,219.34,OK
5179,126,7,2026-01-14T17:00:00,,COLLECT_FAILED
5180,142,7,2025-11-13T00:00:00,263.35,OK
5181,41,7,2026-01-06T20:00:00,699.36,OK
5182,54,2,2025-12-09T11:00:00,235.75,OK
5183,63,1,2026-02-25T20:00:00,933.7,OK
5184,100,7,2026-01-20T10:00:00,386.64,OK
5185,82,6,2025-12-21T23:00:00,67.48,OK
5186,175,1,2025-11-24T09:00:00,976.29,OK
5187,24,4,2026-02-21T10:00:00,573.56,OK
5188,7,6,2025-12-19T05:00:00,426.91,OK
5189,41,5,2025-12-23T22:00:00,865.99,OK
5190,131,5,2026-02-02T13:00:00,114.28,OK
5191,50,3,2025-12-07T22:00:00,126.13,OK
5192,88,1,2026-01-26T11:00:00,408.18,OK
5193,155,2,2026-02-24T13:00:00,943.04,OK
5194,17,5,2025-12-21T22:00:00,54.6,OK
5195,132,7,2025-11-18T16:00:00,1111.63,OK
5196,105,3,2025-11-17T20:00:00,66.99,OK
5197,144,2,2026-01-03T13:00:00,169.84,OK
5198,15,3,2026-02-21T12:00:00,624.06,OK
5199,188,6,2026-02-08T06:00:00,78.78,OK
5200,22,1,2026-02-01T13:00:00,393.36,OK
5201,171,7,2026-02-13T13:00:00,566.61,OK
5202,183,6,2025-12-15T14:00:00,1205.57,OK
5203,139,3,2025-12-01T00:00:00,,COLLECT_FAILED
5204,135,2,2025-12-23T06:00:00,1041.24,OK
5205,18,4,2025-11-03T18:00:00,951.2,OK
5206,31,7,2026-01-06T13:00:00,1045.99,OK
5207,173,6,2025-12-02T08:00:00,35.43,OK
5208,174,2,2025-12-08T11:00:00,,COLLECT_FAILED
5209,122,6,2026-01-05T04:00:00,1174.6,OK
5210,122,2,2026-02-25T21:00:00,924.34,OK
5211,25,1,2025-11-14T05:00:00,541.03,OK
5212,153,5,2025-12-15T05:00:00,475.43,OK
5213,122,5,2025-11-03T01:00:00,,COLLECT_FAILED
5214,130,4,2026-01-24T03:00:00,407.1,OK
5215,100,1,2025-12-20T15:00:00,534.86,OK
5216,48,6,2026-02-14T22:00:00,10.54,OK
5217,71,6,2026-02-19T21:00:00,1016.53,OK
5218,25,2,2025-12-12T18:00:00,359.74,OK
5219,103,1,2025-12-25T06:00:00,252.13,OK
5220,137,5,2025-12-11T08:00:00,469.2,OK
5221,126,3,2025-12-05T16:00:00,368.01,OK
5222,36,3,2025-11-21T22:00:00,734.29,OK
5223,159,7,2025-11-16T21:00:00,505.07,OK
5224,75,7,2025-11-19T07:00:00,932.02,OK
5225,157,7,2025-10-31T10:00:00,1071.05,OK
5226,179,7,2026-01-19T01:00:00,849.32,OK
5227,30,7,2025-11-24T16:00:00,471.53,OK
5228,52,2,2025-12-26T23:00:00,553.88,OK
5229,43,4,2026-02-09T21:00:00,674.15,OK
5230,18,3,2025-12-29T10:00:00,1270.58,OK
5231,119,3,2025-11-08T17:00:00,271.69,OK
5232,58,4,2026-01-25T05:00:00,891.54,OK
5233,26,7,2026-01-08T05:00:00,594.58,OK
5234,36,5,2025-11-24T04:00:00,705.88,OK
5235,80,6,2026-01-27T15:00:00,1168.86,OK
5236,9,1,2026-01-18T05:00:00,61.85,OK
5237,13,7,2025-11-06T19:00:00,1017.17,OK
5238,128,7,2026-01-18T03:00:00,911.93,OK
5239,6,4,2026-01-07T06:00:00,1044.14,OK
5240,162,4,2026-01-21T18:00:00,419.07,OK
5241,158,4,2025-11-21T05:00:00,1077.79,OK
5242,128,4,2025-12-06T21:00:00,926.41,OK
5243,99,1,2026-01-05T09:00:00,344.35,OK
5244,193,6,2025-10-30T22:00:00,679.32,OK
5245,6,1,2026-02-08T15:00:00,,COLLECT_FAILED
5246,143,7,2026-02-16T23:00:00,629.54,OK
5247,42,6,2025-12-06T13:00:00,,COLLECT_FAILED
5248,55,3,2026-01-29T12:00:00,331.32,OK
5249,157,6,2026-01-21T10:00:00,715.75,OK
5250,165,4,2026-02-03T03:00:00,1009.88,OK
5251,146,6,2026-01-15T11:00:00,684.44,OK
5252,123,1,2026-01-22T02:00:00,,COLLECT_FAILED
5253,176,7,2026-01-02T08:00:00,383.79,OK
5254,116,3,2025-11-17T06:00:00,820.97,OK
5255,133,5,2025-11-20T04:00:00,595.11,OK
5256,13,5,2025-11-19T17:00:00,,COLLECT_FAILED
5257,161,6,2026-01-07T10:00:00,141.84,OK
5258,40,2,2025-11-09T10:00:00,52.66,OK
5259,138,4,2025-12-14T09:00:00,,COLLECT_FAILED
5260,132,7,2025-12-10T08:00:00,925.0,OK
5261,150,7,2025-11-02T18:00:00,1400.41,OK
5262,78,4,2025-12-19T03:00:00,1027.43,OK
5263,182,5,2026-01-22T04:00:00,845.46,OK
5264,125,2,2025-12-24T13:00:00,997.02,OK
5265,171,1,2025-11-02T18:00:00,574.64,OK
5266,179,4,2026-02-21T09:00:00,1282.91,OK
5267,119,1,2026-01-14T23:00:00,278.34,OK
5268,136,1,2025-11-19T12:00:00,1248.16,OK
5269,12,1,2025-11-22T19:00:00,243.25,OK
5270,1,4,2026-02-01T18:00:00,130.54,OK
5271,182,1,2026-01-21T23:00:00,1012.87,OK
5272,190,1,2026-01-03T21:00:00,630.85,OK
5273,42,5,2025-12-09T18:00:00,469.78,OK
5274,171,3,2025-12-25T14:00:00,736.74,OK
5275,76,3,2025-11-12T07:00:00,529.44,OK
5276,117,3,2026-02-05T17:00:00,761.02,OK
5277,8,3,2025-10-30T17:00:00,300.39,OK
5278,85,2,2026-02-24T17:00:00,647.29,OK
5279,148,3,2026-01-08T07:00:00,667.07,OK
5280,177,1,2026-01-27T05:00:00,1192.16,OK
5281,174,6,2025-12-22T13:00:00,329.42,OK
5282,101,3,2025-10-31T08:00:00,257.92,OK
5283,157,6,2026-01-26T19:00:00,1130.43,OK
5284,100,4,2025-12-30T04:00:00,379.56,OK
5285,44,3,2025-12-02T11:00:00,,COLLECT_FAILED
5286,115,5,2025-12-20T16:00:00,851.63,OK
5287,144,3,2026-02-26T07:00:00,264.25,OK
5288,110,1,2026-02-22T14:00:00,461.28,OK
5289,168,6,2026-01-16T20:00:00,806.4,OK
5290,188,3,2026-01-07T02:00:00,64.64,OK
5291,83,3,2026-01-28T06:00:00,119.51,OK
5292,22,1,2026-01-03T13:00:00,465.0,OK
5293,139,4,2025-10-31T04:00:00,689.86,OK
5294,134,7,2025-11-19T04:00:00,701.58,OK
5295,92,6,2025-11-16T06:00:00,266.57,OK
5296,183,7,2025-12-11T18:00:00,851.73,OK
5297,35,5,2025-12-06T05:00:00,1373.68,OK
5298,189,3,2026-02-04T17:00:00,922.42,OK
5299,169,1,2026-01-14T22:00:00,411.13,OK
5300,91,2,2025-11-14T18:00:00,1298.38,OK
5301,18,5,2026-01-22T12:00:00,,COLLECT_FAILED
5302,75,5,2025-12-10T02:00:00,781.64,OK
5303,75,6,2025-12-23T15:00:00,918.68,OK
5304,48,3,2025-11-23T17:00:00,12.33,OK
5305,52,3,2026-01-03T00:00:00,453.94,OK
5306,71,4,2026-02-03T13:00:00,1284.24,OK
5307,86,7,2026-01-22T21:00:00,203.96,OK
5308,173,5,2026-01-22T05:00:00,33.67,OK
5309,193,3,2026-01-30T16:00:00,1061.28,OK
5310,152,3,2026-01-05T10:00:00,281.08,OK
5311,71,1,2026-02-15T15:00:00,,COLLECT_FAILED
5312,55,2,2025-12-13T14:00:00,401.03,OK
5313,117,3,2025-11-19T11:00:00,552.16,OK
5314,119,5,2026-02-23T07:00:00,244.66,OK
5315,112,7,2025-12-05T13:00:00,668.05,OK
5316,185,7,2026-02-07T01:00:00,87.08,OK
5317,147,3,2026-01-15T20:00:00,529.27,OK
5318,44,6,2026-01-28T21:00:00,766.24,OK
5319,114,6,2026-01-14T13:00:00,29.15,OK
5320,107,5,2026-01-24T21:00:00,368.03,OK
5321,34,7,2025-12-21T07:00:00,274.47,OK
5322,152,6,2025-12-10T05:00:00,231.51,OK
5323,196,3,2025-11-20T02:00:00,140.33,OK
5324,33,1,2026-02-07T07:00:00,528.97,OK
5325,88,2,2025-11-21T08:00:00,548.41,OK
5326,124,7,2026-01-15T12:00:00,603.03,OK
5327,166,1,2026-01-10T04:00:00,219.7,OK
5328,32,4,2026-02-14T16:00:00,548.36,OK
5329,98,5,2026-01-16T22:00:00,983.4,OK
5330,153,1,2025-12-29T12:00:00,741.83,OK
5331,37,1,2025-11-09T18:00:00,,COLLECT_FAILED
5332,57,7,2026-01-07T08:00:00,971.13,OK
5333,135,3,2026-01-18T06:00:00,951.04,OK
5334,32,7,2026-01-27T13:00:00,511.31,OK
5335,162,6,2025-11-16T06:00:00,,COLLECT_FAILED
5336,124,6,2026-02-27T00:00:00,514.99,OK
5337,39,1,2025-12-12T20:00:00,1343.81,OK
5338,73,3,2026-02-23T10:00:00,936.52,OK
5339,104,3,2026-01-24T06:00:00,488.49,OK
5340,139,1,2025-11-09T13:00:00,586.0,OK
5341,26,6,2025-11-10T10:00:00,533.02,OK
5342,14,2,2026-02-16T05:00:00,984.26,OK
5343,44,1,2026-01-04T17:00:00,1089.48,OK
5344,53,2,2026-01-29T15:00:00,265.42,OK
5345,50,3,2025-10-30T22:00:00,91.9,OK
5346,42,1,2026-01-31T07:00:00,463.8,OK
5347,80,1,2025-12-06T10:00:00,1292.94,OK
5348,132,3,2025-11-23T05:00:00,686.92,OK
5349,63,5,2026-01-25T14:00:00,1481.25,OK
5350,93,5,2026-01-09T22:00:00,615.44,OK
5351,72,7,2025-12-24T16:00:00,1462.15,OK
5352,200,5,2025-12-23T05:00:00,543.05,OK
5353,178,1,2025-12-05T02:00:00,418.15,OK
5354,145,6,2025-12-19T22:00:00,698.06,OK
5355,157,7,2026-01-17T08:00:00,772.67,OK
5356,55,6,2025-12-07T08:00:00,402.16,OK
5357,101,4,2026-01-29T06:00:00,198.67,OK
5358,7,5,2026-01-04T01:00:00,345.47,OK
5359,9,3,2025-12-15T06:00:00,95.46,OK
5360,42,6,2025-11-25T03:00:00,490.28,OK
5361,51,1,2026-02-04T03:00:00,,COLLECT_FAILED
5362,27,7,2025-12-03T10:00:00,283.42,OK
5363,54,6,2026-01-05T09:00:00,201.16,OK
5364,62,5,2026-02-24T07:00:00,123.46,OK
5365,15,5,2026-01-16T16:00:00,412.13,OK
5366,38,7,2025-12-24T19:00:00,433.95,OK
5367,75,2,2026-02-15T20:00:00,711.03,OK
5368,14,4,2026-01-16T10:00:00,1151.19,OK
5369,67,3,2025-11-26T13:00:00,,COLLECT_FAILED
5370,136,1,2026-01-20T08:00:00,785.49,OK
5371,96,3,2025-12-20T23:00:00,132.77,OK
5372,13,6,2025-12-09T08:00:00,,COLLECT_FAILED
5373,129,3,2026-02-25T14:00:00,622.35,OK
5374,63,3,2026-01-25T21:00:00,919.06,OK
5375,58,4,2025-11-18T20:00:00,779.98,OK
5376,33,2,2026-01-12T10:00:00,,COLLECT_FAILED
5377,165,7,2026-01-22T04:00:00,1022.81,OK
5378,51,7,2025-12-05T16:00:00,1299.73,OK
5379,132,1,2026-02-06T17:00:00,841.47,OK
5380,47,4,2025-10-31T04:00:00,299.1,OK
5381,35,7,2025-12-04T11:00:00,844.52,OK
5382,137,7,2026-02-25T17:00:00,,COLLECT_FAILED
5383,75,3,2025-12-10T00:00:00,938.96,OK
5384,4,4,2025-12-08T08:00:00,411.33,OK
5385,142,6,2026-02-16T15:00:00,270.01,OK
5386,19,1,2026-01-07T02:00:00,565.16,OK
5387,65,6,2025-11-10T06:00:00,345.9,OK
5388,149,6,2025-11-09T09:00:00,167.94,OK
5389,107,6,2026-01-19T06:00:00,416.86,OK
5390,159,1,2026-02-20T00:00:00,468.32,OK
5391,7,4,2026-01-26T13:00:00,357.85,OK
5392,168,2,2026-01-22T08:00:00,705.31,OK
5393,175,6,2025-12-17T22:00:00,1420.82,OK
5394,128,5,2026-01-29T06:00:00,554.27,OK
5395,8,4,2026-02-12T10:00:00,211.85,OK
5396,46,6,2025-11-25T08:00:00,885.76,OK
5397,58,7,2026-01-26T20:00:00,1033.59,OK
5398,30,1,2025-11-04T06:00:00,449.95,OK
5399,131,5,2026-02-02T10:00:00,112.87,OK
5400,90,7,2025-11-09T11:00:00,741.47,OK
5401,128,1,2025-12-09T15:00:00,805.94,OK
5402,87,4,2025-12-18T19:00:00,620.71,OK
5403,106,5,2026-02-20T07:00:00,299.45,OK
5404,7,2,2025-12-19T09:00:00,618.78,OK
5405,93,7,2025-12-15T12:00:00,596.06,OK
5406,81,3,2026-01-08T10:00:00,96.27,OK
5407,92,7,2026-01-29T07:00:00,210.09,OK
5408,34,6,2025-12-16T14:00:00,261.97,OK
5409,84,4,2025-12-14T18:00:00,305.56,OK
5410,2,7,2026-02-08T07:00:00,177.15,OK
5411,37,5,2025-11-21T02:00:00,546.56,OK
5412,11,2,2025-11-05T16:00:00,746.32,OK
5413,20,2,2026-02-10T14:00:00,907.3,OK
5414,171,5,2025-11-04T16:00:00,771.19,OK
5415,30,1,2026-02-26T13:00:00,353.89,OK
5416,125,6,2025-11-16T20:00:00,1095.03,OK
5417,67,1,2025-11-17T08:00:00,897.06,OK
5418,119,7,2025-12-01T08:00:00,299.62,OK
5419,45,6,2026-02-13T12:00:00,38.07,OK
5420,108,3,2025-12-06T09:00:00,643.99,OK
5421,65,7,2026-01-25T16:00:00,315.18,OK
5422,114,4,2025-11-13T15:00:00,20.05,OK
5423,153,3,2025-11-14T23:00:00,842.75,OK
5424,155,3,2025-11-13T02:00:00,,COLLECT_FAILED
5425,120,6,2025-11-14T11:00:00,743.47,OK
5426,89,7,2026-02-20T02:00:00,949.91,OK
5427,85,5,2026-01-16T18:00:00,,COLLECT_FAILED
5428,99,2,2026-01-13T19:00:00,,COLLECT_FAILED
5429,121,6,2026-02-15T11:00:00,221.92,OK
5430,66,2,2025-12-05T04:00:00,272.89,OK
5431,147,4,2026-01-27T14:00:00,696.14,OK
5432,17,1,2025-11-22T18:00:00,74.19,OK
5433,23,6,2026-02-03T00:00:00,1091.38,OK
5434,155,6,2025-12-10T06:00:00,626.37,OK
5435,191,7,2025-11-29T01:00:00,626.15,OK
5436,156,3,2026-01-04T19:00:00,742.35,OK
5437,90,4,2025-10-30T13:00:00,645.26,OK
5438,146,4,2026-01-24T20:00:00,873.82,OK
5439,109,6,2025-11-16T11:00:00,364.6,OK
5440,60,4,2025-11-12T12:00:00,,COLLECT_FAILED
5441,100,7,2025-11-21T00:00:00,446.64,OK
5442,35,1,2025-11-30T20:00:00,917.0,OK
5443,47,6,2025-11-08T13:00:00,360.62,OK
5444,33,6,2026-01-28T07:00:00,366.88,OK
5445,74,5,2025-11-05T10:00:00,363.16,OK
5446,123,6,2026-01-26T00:00:00,96.35,OK
5447,105,5,2025-10-29T21:00:00,94.45,OK
5448,192,1,2025-10-30T00:00:00,208.49,OK
5449,22,3,2025-12-12T01:00:00,523.47,OK
5450,65,6,2025-11-03T05:00:00,,COLLECT_FAILED
5451,31,1,2025-11-04T04:00:00,1167.44,OK
5452,67,4,2025-10-31T10:00:00,599.24,OK
5453,55,3,2025-11-27T21:00:00,282.2,OK
5454,12,2,2025-11-14T10:00:00,152.96,OK
5455,64,3,2025-11-25T13:00:00,1012.21,OK
5456,199,6,2025-12-24T12:00:00,477.1,OK
5457,121,6,2025-12-25T14:00:00,240.91,OK
5458,69,5,2026-02-02T05:00:00,634.07,OK
5459,103,6,2026-02-17T03:00:00,222.84,OK
5460,133,5,2025-11-23T19:00:00,922.81,OK
5461,117,6,2025-11-17T10:00:00,,COLLECT_FAILED
5462,186,2,2025-10-30T18:00:00,992.68,OK
5463,92,3,2026-02-16T01:00:00,226.31,OK
5464,145,2,2025-12-25T04:00:00,532.29,OK
5465,25,7,2026-02-26T11:00:00,424.41,OK
5466,133,7,2025-12-21T17:00:00,644.13,OK
5467,84,6,2025-12-20T23:00:00,217.68,OK
5468,19,1,2026-02-12T12:00:00,655.81,OK
5469,47,7,2025-12-24T21:00:00,252.63,OK
5470,69,2,2026-01-11T23:00:00,524.94,OK
5471,76,2,2026-01-03T03:00:00,515.89,OK
5472,24,6,2025-11-10T15:00:00,859.64,OK
5473,9,5,2026-02-21T16:00:00,91.29,OK
5474,117,5,2026-01-11T18:00:00,674.47,OK
5475,14,4,2026-01-07T11:00:00,934.65,OK
5476,199,7,2026-02-07T17:00:00,,COLLECT_FAILED
5477,148,2,2026-01-30T07:00:00,546.58,OK
5478,96,1,2026-02-03T13:00:00,146.21,OK
5479,39,5,2025-11-20T05:00:00,1094.23,OK
5480,141,2,2025-11-05T00:00:00,971.55,OK
5481,122,7,2025-12-20T05:00:00,927.43,OK
5482,135,7,2025-11-16T11:00:00,794.54,OK
5483,137,4,2026-01-22T02:00:00,403.38,OK
5484,110,7,2026-01-22T03:00:00,403.74,OK
5485,198,2,2026-01-11T19:00:00,598.42,OK
5486,124,6,2026-02-14T19:00:00,372.83,OK
5487,42,6,2025-12-27T00:00:00,319.47,OK
5488,36,6,2025-12-07T17:00:00,841.56,OK
5489,125,6,2025-11-27T01:00:00,1152.14,OK
5490,48,3,2025-11-21T03:00:00,8.14,OK
5491,156,2,2026-02-06T09:00:00,887.26,OK
5492,148,4,2025-11-04T01:00:00,666.67,OK
5493,186,1,2026-01-29T21:00:00,592.8,OK
5494,185,4,2026-02-11T08:00:00,53.93,OK
5495,38,1,2025-11-07T14:00:00,,COLLECT_FAILED
5496,169,2,2025-10-29T10:00:00,524.97,OK
5497,86,2,2026-02-17T20:00:00,259.28,OK
5498,189,5,2026-01-25T17:00:00,624.07,OK
5499,161,2,2026-02-16T12:00:00,135.11,OK
5500,188,3,2025-11-11T14:00:00,96.57,OK
5501,173,3,2026-02-03T22:00:00,40.2,OK
5502,186,2,2026-02-23T23:00:00,748.73,OK
5503,44,7,2026-01-15T09:00:00,821.64,OK
5504,49,4,2025-10-30T15:00:00,802.91,OK
5505,143,6,2025-12-11T12:00:00,1029.54,OK
5506,200,5,2026-02-18T00:00:00,564.48,OK
5507,3,1,2025-11-01T09:00:00,1194.48,OK
5508,43,1,2025-12-17T19:00:00,639.9,OK
5509,64,6,2025-11-13T14:00:00,1169.55,OK
5510,42,1,2025-11-01T08:00:00,317.24,OK
5511,144,4,2025-11-21T15:00:00,273.7,OK
5512,70,6,2025-11-15T17:00:00,550.49,OK
5513,120,3,2025-12-14T17:00:00,1081.69,OK
5514,147,3,2026-02-13T00:00:00,747.1,OK
5515,133,4,2025-11-25T09:00:00,809.23,OK
5516,177,4,2025-12-05T06:00:00,1323.15,OK
5517,102,7,2026-02-24T07:00:00,1069.97,OK
5518,151,5,2025-11-23T18:00:00,223.45,OK
5519,116,4,2025-11-04T20:00:00,684.23,OK
5520,163,4,2026-02-22T09:00:00,1133.58,OK
5521,62,6,2026-02-22T03:00:00,153.59,OK
5522,110,4,2025-12-14T15:00:00,,COLLECT_FAILED
5523,10,2,2026-02-12T13:00:00,378.81,OK
5524,120,2,2026-02-13T15:00:00,1064.52,OK
5525,92,5,2026-01-07T21:00:00,236.46,OK
5526,7,3,2025-12-02T00:00:00,413.64,OK
5527,133,7,2025-11-13T18:00:00,941.06,OK
5528,11,3,2025-12-04T00:00:00,460.46,OK
5529,194,5,2026-02-09T19:00:00,379.14,OK
5530,63,2,2025-11-13T07:00:00,1360.43,OK
5531,3,4,2026-01-17T13:00:00,950.74,OK
5532,82,7,2025-11-06T08:00:00,69.89,OK
5533,61,5,2026-01-06T21:00:00,1008.01,OK
5534,170,7,2026-02-10T04:00:00,863.61,OK
5535,103,4,2026-01-27T17:00:00,231.15,OK
5536,95,2,2025-12-22T06:00:00,283.03,OK
5537,76,5,2025-12-06T00:00:00,708.83,OK
5538,185,7,2025-11-09T22:00:00,61.7,OK
5539,24,3,2026-01-27T13:00:00,899.18,OK
5540,87,2,2025-12-11T02:00:00,,COLLECT_FAILED
5541,168,3,2025-12-11T20:00:00,826.18,OK
5542,83,6,2025-12-08T01:00:00,179.98,OK
5543,80,4,2025-11-15T17:00:00,1000.82,OK
5544,23,5,2026-01-27T18:00:00,814.75,OK
5545,172,1,2026-01-27T14:00:00,1023.02,OK
5546,37,5,2026-02-25T13:00:00,487.37,OK
5547,148,6,2026-02-14T18:00:00,822.95,OK
5548,95,6,2026-01-15T11:00:00,371.87,OK
5549,8,1,2026-02-13T23:00:00,224.91,OK
5550,79,4,2025-12-17T17:00:00,547.57,OK
5551,57,4,2026-01-24T08:00:00,1178.14,OK
5552,104,2,2026-01-30T20:00:00,496.21,OK
5553,105,6,2026-02-14T07:00:00,85.76,OK
5554,18,5,2025-11-11T01:00:00,1377.75,OK
5555,91,7,2025-12-12T22:00:00,829.63,OK
5556,2,3,2025-11-25T18:00:00,133.18,OK
5557,9,2,2025-12-07T22:00:00,66.81,OK
5558,25,6,2026-01-21T06:00:00,478.42,OK
5559,68,1,2025-11-09T10:00:00,803.76,OK
5560,155,1,2025-11-17T14:00:00,751.84,OK
5561,40,7,2026-01-23T07:00:00,48.94,OK
5562,45,1,2026-01-18T02:00:00,59.12,OK
5563,110,2,2026-01-31T03:00:00,341.05,OK
5564,184,2,2026-01-02T08:00:00,936.29,OK
5565,15,1,2025-12-30T18:00:00,649.89,OK
5566,50,5,2025-12-04T21:00:00,,COLLECT_FAILED
5567,109,1,2026-02-16T03:00:00,381.79,OK
5568,192,7,2026-01-06T15:00:00,238.09,OK
5569,191,6,2026-01-07T21:00:00,,COLLECT_FAILED
5570,19,1,2026-02-20T09:00:00,827.39,OK
5571,162,7,2025-11-12T16:00:00,544.63,OK
5572,161,2,2026-01-03T21:00:00,164.47,OK
5573,67,1,2026-01-06T21:00:00,626.99,OK
5574,183,6,2025-12-20T04:00:00,,COLLECT_FAILED
5575,70,4,2025-11-20T23:00:00,801.13,OK
5576,18,5,2026-01-20T12:00:00,1305.49,OK
5577,34,7,2025-11-07T00:00:00,304.04,OK
5578,125,6,2026-02-04T12:00:00,1150.04,OK
5579,111,7,2025-12-19T16:00:00,745.43,OK
5580,29,6,2026-01-21T10:00:00,198.34,OK
5581,195,4,2026-01-28T07:00:00,477.78,OK
5582,108,6,2025-11-07T18:00:00,614.07,OK
5583,142,3,2026-01-18T14:00:00,,COLLECT_FAILED
5584,175,1,2025-11-30T19:00:00,1041.76,OK
5585,69,2,2026-02-12T20:00:00,698.67,OK
5586,70,2,2026-02-11T17:00:00,798.35,OK
5587,62,3,2026-02-04T06:00:00,150.01,OK
5588,45,6,2025-11-12T18:00:00,49.02,OK
5589,97,4,2026-02-03T08:00:00,768.96,OK
5590,84,2,2025-11-11T15:00:00,286.73,OK
5591,47,2,2026-01-27T03:00:00,394.73,OK
5592,23,2,2026-02-03T10:00:00,1058.09,OK
5593,36,1,2026-01-01T11:00:00,829.6,OK
5594,145,4,2026-02-20T05:00:00,628.88,OK
5595,69,3,2026-02-05T20:00:00,441.29,OK
5596,123,7,2025-12-12T08:00:00,156.06,OK
5597,72,6,2025-11-24T13:00:00,1126.58,OK
5598,122,6,2026-01-30T00:00:00,949.49,OK
5599,60,6,2025-12-09T00:00:00,537.32,OK
5600,134,7,2026-01-28T19:00:00,1084.7,OK
5601,147,3,2025-12-30T19:00:00,674.92,OK
5602,171,5,2025-12-27T06:00:00,664.87,OK
5603,10,3,2025-12-11T22:00:00,354.0,OK
5604,145,7,2025-12-25T20:00:00,589.75,OK
5605,110,2,2026-01-13T07:00:00,532.34,OK
5606,199,5,2026-01-30T20:00:00,350.51,OK
5607,85,3,2026-01-08T14:00:00,717.36,OK
5608,3,1,2025-12-25T07:00:00,808.17,OK
5609,164,2,2026-01-03T08:00:00,,COLLECT_FAILED
5610,184,7,2025-12-10T08:00:00,1032.28,OK
5611,162,1,2025-12-13T12:00:00,505.58,OK
5612,195,5,2026-02-17T11:00:00,505.13,OK
5613,120,2,2025-11-07T18:00:00,663.12,OK
5614,68,1,2026-01-15T17:00:00,950.12,OK
5615,26,2,2025-12-28T23:00:00,440.45,OK
5616,197,5,2025-11-08T06:00:00,281.95,OK
5617,5,7,2026-01-14T07:00:00,387.43,OK
5618,89,4,2026-01-20T15:00:00,980.6,OK
5619,74,4,2025-11-06T06:00:00,380.53,OK
5620,175,6,2026-02-21T09:00:00,1282.74,OK
5621,19,7,2026-01-10T08:00:00,487.65,OK
5622,107,3,2025-12-30T20:00:00,339.54,OK
5623,38,5,2025-11-28T07:00:00,378.31,OK
5624,160,4,2025-12-09T03:00:00,1064.37,OK
5625,98,3,2026-02-12T22:00:00,888.58,OK
5626,129,4,2026-02-26T09:00:00,923.25,OK
5627,181,3,2025-11-23T00:00:00,701.93,OK
5628,8,3,2025-11-27T05:00:00,317.79,OK
5629,63,2,2025-10-30T13:00:00,1408.56,OK
5630,93,5,2026-02-23T16:00:00,702.68,OK
5631,116,2,2026-01-02T06:00:00,615.29,OK
5632,189,3,2025-11-22T06:00:00,,COLLECT_FAILED
5633,117,3,2026-01-09T05:00:00,625.13,OK
5634,107,5,2026-02-10T16:00:00,425.31,OK
5635,71,1,2026-01-31T14:00:00,841.95,OK
5636,44,1,2026-01-22T00:00:00,874.97,OK
5637,62,4,2026-02-12T23:00:00,87.4,OK
5638,82,2,2025-12-10T22:00:00,74.26,OK
5639,67,1,2025-11-25T07:00:00,531.4,OK
5640,115,4,2026-01-29T22:00:00,925.1,OK
5641,153,1,2026-01-18T13:00:00,503.8,OK
5642,55,1,2025-11-06T22:00:00,311.66,OK
5643,143,6,2026-01-26T15:00:00,896.52,OK
5644,131,4,2025-11-23T17:00:00,112.16,OK
5645,28,2,2025-11-06T11:00:00,549.97,OK
5646,5,4,2025-12-11T16:00:00,359.01,OK
5647,134,2,2026-01-24T07:00:00,902.08,OK
5648,71,6,2026-01-03T07:00:00,866.92,OK
5649,175,6,2025-11-16T23:00:00,978.57,OK
5650,140,1,2025-12-04T09:00:00,,COLLECT_FAILED
5651,131,1,2025-12-03T00:00:00,122.55,OK
5652,96,2,2026-01-25T09:00:00,127.07,OK
5653,124,4,2025-11-07T14:00:00,359.09,OK
5654,112,1,2026-02-14T18:00:00,620.26,OK
5655,8,4,2025-12-09T00:00:00,328.29,OK
5656,44,3,2025-12-30T20:00:00,1083.27,OK
5657,38,6,2026-02-10T15:00:00,,COLLECT_FAILED
5658,199,5,2025-11-21T15:00:00,471.42,OK
5659,76,5,2025-12-24T11:00:00,818.35,OK
5660,81,1,2026-02-08T07:00:00,101.14,OK
5661,2,1,2026-01-24T11:00:00,175.46,OK
5662,56,3,2026-01-31T03:00:00,1008.16,OK
5663,179,7,2025-12-23T11:00:00,1296.25,OK
5664,186,5,2026-01-04T22:00:00,795.27,OK
5665,122,7,2025-12-29T13:00:00,1184.69,OK
5666,23,1,2025-12-31T02:00:00,698.58,OK
5667,135,2,2026-01-17T21:00:00,950.9,OK
5668,107,4,2025-11-23T00:00:00,346.63,OK
5669,127,4,2026-01-15T11:00:00,182.38,OK
5670,171,5,2025-11-27T14:00:00,679.45,OK
5671,71,4,2025-12-27T02:00:00,1251.05,OK
5672,166,6,2025-12-02T14:00:00,153.4,OK
5673,149,4,2026-01-03T12:00:00,157.2,OK
5674,143,7,2026-02-20T10:00:00,665.04,OK
5675,16,4,2026-01-22T14:00:00,188.96,OK
5676,40,3,2026-01-07T20:00:00,54.16,OK
5677,183,4,2026-01-09T08:00:00,1241.8,OK
5678,18,7,2025-12-08T06:00:00,973.77,OK
5679,169,7,2025-12-13T01:00:00,377.86,OK
5680,124,6,2026-01-08T21:00:00,588.0,OK
5681,132,3,2026-01-29T22:00:00,837.12,OK
5682,1,6,2025-11-21T00:00:00,93.41,OK
5683,121,7,2025-11-14T11:00:00,206.8,OK
5684,95,1,2026-01-01T22:00:00,274.48,OK
5685,71,3,2025-12-11T01:00:00,863.4,OK
5686,145,5,2025-12-26T01:00:00,619.55,OK
5687,33,3,2026-01-06T22:00:00,472.25,OK
5688,88,3,2025-12-11T14:00:00,,COLLECT_FAILED
5689,48,7,2026-01-26T22:00:00,11.19,OK
5690,29,6,2025-11-23T01:00:00,254.54,OK
5691,96,4,2026-02-22T18:00:00,112.45,OK
5692,56,4,2025-11-18T18:00:00,903.31,OK
5693,66,6,2025-11-06T03:00:00,321.67,OK
5694,111,1,2025-12-02T14:00:00,757.3,OK
5695,93,3,2025-12-23T09:00:00,572.25,OK
5696,11,1,2025-11-24T19:00:00,721.43,OK
5697,177,5,2026-02-13T16:00:00,974.01,OK
5698,72,4,2026-01-09T16:00:00,1031.75,OK
5699,19,5,2026-02-05T09:00:00,588.07,OK
5700,56,1,2025-12-29T02:00:00,823.49,OK
5701,115,3,2025-12-25T04:00:00,790.53,OK
5702,71,5,2025-12-13T01:00:00,997.36,OK
5703,43,2,2025-11-08T11:00:00,692.02,OK
5704,20,4,2026-01-06T22:00:00,627.41,OK
5705,43,7,2025-12-31T05:00:00,614.86,OK
5706,198,1,2026-01-25T06:00:00,616.95,OK
5707,100,1,2026-02-14T21:00:00,450.39,OK
5708,116,6,2025-11-27T01:00:00,,COLLECT_FAILED
5709,158,1,2026-01-25T03:00:00,1069.78,OK
5710,71,4,2026-02-16T05:00:00,1259.0,OK
5711,9,1,2026-02-15T01:00:00,60.47,OK
5712,129,5,2025-12-07T13:00:00,720.8,OK
5713,135,7,2026-02-11T10:00:00,677.5,OK
5714,177,2,2026-02-17T03:00:00,1038.05,OK
5715,73,1,2026-01-25T10:00:00,812.16,OK
5716,65,3,2025-12-07T04:00:00,356.99,OK
5717,38,6,2026-01-04T09:00:00,525.25,OK
5718,103,2,2026-02-23T01:00:00,294.8,OK
5719,52,1,2025-10-30T10:00:00,586.33,OK
5720,98,3,2025-12-18T05:00:00,1124.64,OK
5721,65,2,2025-12-12T11:00:00,271.39,OK
5722,165,6,2026-02-22T01:00:00,,COLLECT_FAILED
5723,132,4,2025-12-31T07:00:00,682.77,OK
5724,17,7,2025-11-02T17:00:00,60.5,OK
5725,199,5,2026-02-25T19:00:00,426.32,OK
5726,23,1,2025-11-27T07:00:00,935.87,OK
5727,168,2,2025-11-06T05:00:00,1028.71,OK
5728,32,6,2026-01-13T15:00:00,539.83,OK
5729,102,2,2026-01-05T06:00:00,1206.87,OK
5730,26,5,2025-12-26T14:00:00,447.88,OK
5731,146,3,2026-01-20T10:00:00,666.9,OK
5732,3,5,2026-01-23T22:00:00,922.79,OK
5733,58,1,2025-12-15T13:00:00,1248.23,OK
5734,88,4,2025-11-20T02:00:00,590.97,OK
5735,170,2,2026-01-23T07:00:00,881.76,OK
5736,148,6,2026-02-09T06:00:00,775.86,OK
5737,48,7,2025-11-24T08:00:00,10.94,OK
5738,107,3,2026-02-18T02:00:00,561.42,OK
5739,9,2,2025-11-11T23:00:00,89.13,OK
5740,168,7,2025-11-30T18:00:00,628.7,OK
5741,172,3,2026-02-05T12:00:00,842.29,OK
5742,110,2,2025-12-15T21:00:00,411.28,OK
5743,75,6,2026-01-26T16:00:00,867.82,OK
5744,182,4,2026-02-10T08:00:00,1083.7,OK
5745,161,5,2026-02-04T18:00:00,,COLLECT_FAILED
5746,192,6,2026-01-08T22:00:00,280.31,OK
5747,68,4,2025-11-25T04:00:00,1050.25,OK
5748,66,5,2026-02-14T14:00:00,370.89,OK
5749,34,4,2026-01-20T18:00:00,283.68,OK
5750,70,3,2025-12-12T21:00:00,617.52,OK
5751,98,1,2026-01-26T21:00:00,1113.49,OK
5752,198,5,2026-01-01T02:00:00,363.3,OK
5753,85,3,2025-11-02T21:00:00,525.68,OK
5754,5,6,2025-11-09T21:00:00,553.59,OK
5755,56,4,2025-10-31T21:00:00,1263.01,OK
5756,153,7,2026-02-02T20:00:00,794.96,OK
5757,95,2,2025-11-26T11:00:00,324.27,OK
5758,114,7,2026-01-20T01:00:00,26.37,OK
5759,177,3,2025-11-28T18:00:00,1230.1,OK
5760,66,6,2025-11-02T11:00:00,329.37,OK
5761,162,4,2026-01-06T11:00:00,699.85,OK
5762,161,3,2026-02-21T20:00:00,146.38,OK
5763,189,5,2025-12-15T17:00:00,636.19,OK
5764,113,7,2025-12-05T20:00:00,921.25,OK
5765,187,3,2025-12-21T08:00:00,996.33,OK
5766,25,5,2025-12-02T03:00:00,509.08,OK
5767,78,2,2025-12-16T22:00:00,1123.5,OK
5768,132,4,2026-02-07T21:00:00,1183.37,OK
5769,39,3,2026-01-28T06:00:00,942.72,OK
5770,91,5,2025-12-03T10:00:00,1129.71,OK
5771,144,6,2025-11-30T04:00:00,270.6,OK
5772,157,1,2026-01-16T06:00:00,1199.86,OK
5773,48,5,2025-11-02T12:00:00,11.35,OK
5774,127,2,2025-12-13T05:00:00,198.61,OK
5775,192,7,2026-01-07T00:00:00,244.38,OK
5776,192,1,2025-11-15T05:00:00,288.91,OK
5777,35,7,2025-12-18T14:00:00,859.87,OK
5778,33,5,2026-02-24T06:00:00,537.72,OK
5779,119,1,2026-01-27T10:00:00,339.35,OK
5780,140,3,2025-12-11T14:00:00,181.24,OK
5781,66,2,2026-01-16T07:00:00,279.96,OK
5782,180,2,2025-11-25T01:00:00,593.99,OK
5783,24,2,2026-01-18T13:00:00,854.21,OK
5784,144,2,2026-02-08T12:00:00,162.7,OK
5785,68,3,2026-01-05T07:00:00,1254.31,OK
5786,159,7,2026-01-18T12:00:00,443.42,OK
5787,120,7,2025-11-29T08:00:00,954.84,OK
5788,63,3,2026-02-22T13:00:00,1587.16,OK
5789,177,5,2025-11-01T23:00:00,1385.81,OK
5790,120,1,2025-11-24T15:00:00,916.35,OK
5791,54,2,2026-02-07T10:00:00,153.59,OK
5792,150,7,2026-01-21T09:00:00,908.54,OK
5793,191,3,2025-11-06T17:00:00,615.9,OK
5794,9,1,2026-02-20T06:00:00,79.44,OK
5795,183,4,2025-12-05T01:00:00,1164.35,OK
5796,147,5,2025-12-03T03:00:00,506.7,OK
5797,183,2,2025-12-29T00:00:00,1134.1,OK
5798,176,3,2025-11-13T18:00:00,291.98,OK
5799,176,1,2026-02-24T01:00:00,273.88,OK
5800,132,1,2025-11-07T05:00:00,907.47,OK
5801,146,1,2026-01-21T19:00:00,788.3,OK
5802,132,3,2026-02-16T11:00:00,790.23,OK
5803,40,1,2025-12-22T06:00:00,42.34,OK
5804,166,5,2025-12-19T17:00:00,177.28,OK
5805,96,6,2026-01-07T05:00:00,134.19,OK
5806,140,7,2025-11-26T20:00:00,110.22,OK
5807,154,5,2026-01-14T08:00:00,283.53,OK
5808,42,3,2026-02-09T02:00:00,447.26,OK
5809,137,6,2026-02-18T01:00:00,292.24,OK
5810,15,7,2026-02-23T09:00:00,611.85,OK
5811,124,7,2026-02-15T15:00:00,385.06,OK
5812,153,7,2026-02-21T01:00:00,564.36,OK
5813,71,3,2026-01-29T17:00:00,1248.45,OK
5814,117,5,2025-11-17T08:00:00,694.72,OK
5815,174,7,2025-12-13T20:00:00,,COLLECT_FAILED
5816,37,4,2025-10-29T10:00:00,514.62,OK
5817,174,2,2026-02-01T11:00:00,281.06,OK
5818,93,1,2025-12-23T10:00:00,778.57,OK
5819,20,4,2026-01-29T06:00:00,764.77,OK
5820,10,7,2025-11-02T14:00:00,376.04,OK
5821,125,6,2025-12-29T22:00:00,987.75,OK
5822,117,3,2025-12-12T16:00:00,658.07,OK
5823,56,1,2025-10-30T08:00:00,1341.0,OK
5824,15,6,2025-11-02T03:00:00,509.35,OK
5825,160,1,2025-11-28T02:00:00,966.53,OK
5826,114,3,2025-11-22T11:00:00,26.45,OK
5827,103,7,2025-11-15T09:00:00,,COLLECT_FAILED
5828,191,4,2025-12-13T07:00:00,724.98,OK
5829,55,7,2026-01-20T08:00:00,448.76,OK
5830,65,4,2025-11-16T02:00:00,343.69,OK
5831,34,2,2025-11-04T23:00:00,219.21,OK
5832,85,5,2026-01-29T07:00:00,743.46,OK
5833,10,3,2025-10-29T11:00:00,312.23,OK
5834,41,7,2026-02-24T18:00:00,710.62,OK
5835,45,7,2025-11-06T17:00:00,40.12,OK
5836,113,5,2026-02-19T08:00:00,1316.06,OK
5837,144,5,2025-11-18T10:00:00,265.58,OK
5838,79,3,2026-01-18T08:00:00,614.28,OK
5839,186,4,2025-11-03T09:00:00,678.41,OK
5840,180,2,2025-11-12T15:00:00,437.53,OK
5841,57,3,2025-12-13T12:00:00,1054.33,OK
5842,102,6,2025-12-24T03:00:00,909.8,OK
5843,4,3,2026-02-21T14:00:00,414.88,OK
5844,131,4,2026-01-05T09:00:00,105.91,OK
5845,7,4,2026-02-27T00:00:00,612.92,OK
5846,54,1,2026-01-26T10:00:00,163.88,OK
5847,12,6,2026-02-23T04:00:00,218.92,OK
5848,165,2,2025-12-10T20:00:00,1033.1,OK
5849,141,6,2026-01-23T23:00:00,705.25,OK
5850,165,2,2025-12-22T18:00:00,1172.96,OK
5851,120,3,2026-02-05T07:00:00,1071.86,OK
5852,136,7,2026-01-16T22:00:00,970.44,OK
5853,93,4,2026-01-15T12:00:00,759.6,OK
5854,180,3,2026-01-05T06:00:00,531.33,OK
5855,100,3,2025-10-30T16:00:00,549.28,OK
5856,112,2,2026-01-09T08:00:00,912.49,OK
5857,66,3,2025-12-31T05:00:00,385.53,OK
5858,12,4,2025-12-06T15:00:00,201.86,OK
5859,167,4,2026-01-09T22:00:00,259.71,OK
5860,36,6,2026-02-03T04:00:00,801.92,OK
5861,45,4,2025-11-30T14:00:00,35.45,OK
5862,120,4,2026-02-09T21:00:00,1085.63,OK
5863,182,6,2026-02-10T12:00:00,1094.57,OK
5864,81,1,2026-01-17T09:00:00,60.26,OK
5865,27,6,2025-11-23T09:00:00,294.49,OK
5866,105,6,2026-01-30T15:00:00,61.68,OK
5867,52,2,2026-01-31T01:00:00,606.17,OK
5868,62,3,2026-01-02T19:00:00,118.76,OK
5869,121,1,2026-02-15T06:00:00,159.63,OK
5870,40,7,2025-11-08T00:00:00,54.88,OK
5871,76,3,2026-01-20T00:00:00,695.54,OK
5872,131,2,2026-01-31T04:00:00,127.74,OK
5873,198,1,2026-01-31T15:00:00,492.39,OK
5874,95,6,2026-01-15T22:00:00,256.32,OK
5875,165,4,2025-12-18T18:00:00,1442.94,OK
5876,19,6,2025-12-15T14:00:00,645.65,OK
5877,184,4,2026-01-28T05:00:00,1101.16,OK
5878,51,3,2025-11-13T03:00:00,994.5,OK
5879,161,5,2025-12-30T23:00:00,148.09,OK
5880,22,4,2025-12-28T20:00:00,484.39,OK
5881,182,2,2026-02-05T06:00:00,1287.05,OK
5882,160,7,2026-02-14T21:00:00,1110.44,OK
5883,135,7,2025-12-20T17:00:00,702.16,OK
5884,142,5,2025-11-01T16:00:00,321.64,OK
5885,116,5,2026-01-27T07:00:00,825.17,OK
5886,78,3,2026-01-28T09:00:00,1040.96,OK
5887,28,5,2025-11-09T02:00:00,,COLLECT_FAILED
5888,126,3,2026-02-03T13:00:00,452.96,OK
5889,26,4,2025-11-06T09:00:00,413.94,OK
5890,44,6,2025-12-31T13:00:00,786.96,OK
5891,82,7,2025-12-10T10:00:00,82.84,OK
5892,183,3,2026-02-09T00:00:00,967.81,OK
5893,28,2,2026-01-23T05:00:00,478.72,OK
5894,131,7,2026-01-16T16:00:00,90.72,OK
5895,191,5,2025-12-18T04:00:00,624.57,OK
5896,147,4,2025-12-24T16:00:00,782.07,OK
5897,135,5,2026-02-01T06:00:00,681.89,OK
5898,170,6,2025-11-18T08:00:00,975.42,OK
5899,168,2,2025-12-08T11:00:00,647.46,OK
5900,56,5,2025-11-14T20:00:00,1062.59,OK
5901,125,5,2025-11-25T09:00:00,,COLLECT_FAILED
5902,81,1,2026-01-28T13:00:00,106.82,OK
5903,63,5,2025-11-29T14:00:00,1540.94,OK
5904,167,2,2025-11-07T06:00:00,268.64,OK
5905,104,2,2026-02-26T16:00:00,514.98,OK
5906,27,5,2025-12-24T08:00:00,294.71,OK
5907,102,4,2026-01-27T21:00:00,1327.81,OK
5908,101,4,2026-01-20T11:00:00,223.07,OK
5909,175,1,2026-01-26T15:00:00,1369.23,OK
5910,119,7,2025-11-16T23:00:00,379.54,OK
5911,169,4,2026-01-09T07:00:00,309.26,OK
5912,9,3,2025-12-17T23:00:00,62.92,OK
5913,184,2,2025-11-20T01:00:00,806.02,OK
5914,8,7,2026-01-26T14:00:00,328.42,OK
5915,69,6,2026-02-17T12:00:00,586.23,OK
5916,160,1,2026-01-02T06:00:00,688.42,OK
5917,27,5,2025-12-10T08:00:00,213.14,OK
5918,112,2,2026-02-19T00:00:00,615.67,OK
5919,64,7,2025-12-23T07:00:00,722.36,OK
5920,42,5,2025-12-06T01:00:00,453.95,OK
5921,44,5,2026-02-07T18:00:00,694.43,OK
5922,43,2,2026-01-06T11:00:00,538.8,OK
5923,57,5,2026-02-02T09:00:00,1114.61,OK
5924,83,4,2025-12-12T01:00:00,170.66,OK
5925,173,7,2025-11-26T17:00:00,36.05,OK
5926,137,6,2025-12-09T17:00:00,424.29,OK
5927,88,7,2026-02-09T21:00:00,724.15,OK
5928,66,7,2025-12-30T06:00:00,368.62,OK
5929,51,5,2026-01-04T06:00:00,909.66,OK
5930,174,1,2025-11-20T17:00:00,465.02,OK
5931,95,6,2025-11-14T16:00:00,315.29,OK
5932,148,7,2026-01-10T05:00:00,741.61,OK
5933,36,1,2026-02-11T16:00:00,834.1,OK
5934,132,3,2026-01-09T21:00:00,990.55,OK
5935,131,1,2025-11-14T15:00:00,138.39,OK
5936,144,6,2026-02-14T08:00:00,225.61,OK
5937,195,1,2026-02-07T06:00:00,343.45,OK
5938,21,5,2026-02-16T16:00:00,765.72,OK
5939,35,5,2026-01-23T07:00:00,1421.11,OK
5940,53,1,2025-12-21T22:00:00,157.52,OK
5941,126,6,2026-02-23T13:00:00,,COLLECT_FAILED
5942,126,2,2025-12-25T09:00:00,310.61,OK
5943,194,6,2025-11-02T08:00:00,413.34,OK
5944,11,5,2025-12-06T12:00:00,479.74,OK
5945,63,7,2025-11-24T02:00:00,1032.81,OK
5946,51,2,2025-11-02T13:00:00,1361.29,OK
5947,139,7,2026-02-11T17:00:00,556.1,OK
5948,125,6,2025-12-28T11:00:00,1116.98,OK
5949,25,6,2026-01-17T22:00:00,510.82,OK
5950,105,7,2026-01-07T13:00:00,58.38,OK
5951,61,1,2026-01-02T09:00:00,926.79,OK
5952,54,2,2025-12-17T16:00:00,231.18,OK
5953,187,4,2026-01-29T03:00:00,669.14,OK
5954,114,4,2026-02-12T19:00:00,20.7,OK
5955,38,5,2025-12-03T18:00:00,,COLLECT_FAILED
5956,85,6,2026-01-20T23:00:00,725.41,OK
5957,126,4,2025-12-13T17:00:00,441.91,OK
5958,196,1,2025-12-24T20:00:00,153.2,OK
5959,134,6,2025-12-17T06:00:00,771.87,OK
5960,83,5,2025-11-05T03:00:00,132.43,OK
5961,104,6,2025-12-22T11:00:00,365.2,OK
5962,106,5,2026-02-12T20:00:00,295.1,OK
5963,124,2,2025-12-03T22:00:00,582.5,OK
5964,175,6,2025-11-22T22:00:00,1018.24,OK
5965,143,6,2026-01-31T22:00:00,1016.13,OK
5966,71,2,2025-12-10T03:00:00,1251.63,OK
5967,99,3,2025-11-07T09:00:00,275.85,OK
5968,83,7,2026-02-20T17:00:00,110.14,OK
5969,87,1,2025-12-31T04:00:00,810.22,OK
5970,96,3,2025-12-03T05:00:00,138.37,OK
5971,30,3,2026-01-30T04:00:00,477.87,OK
5972,178,4,2025-12-16T01:00:00,267.61,OK
5973,83,5,2025-12-03T22:00:00,178.62,OK
5974,98,3,2026-01-20T15:00:00,880.8,OK
5975,18,2,2025-10-30T03:00:00,1379.1,OK
5976,78,4,2026-01-06T05:00:00,1147.11,OK
5977,183,4,2025-11-19T15:00:00,1076.69,OK
5978,177,4,2026-01-17T19:00:00,933.19,OK
5979,195,3,2025-12-17T04:00:00,592.3,OK
5980,170,1,2026-01-27T16:00:00,636.83,OK
5981,144,1,2026-02-02T20:00:00,154.7,OK
5982,6,4,2026-01-09T20:00:00,1330.77,OK
5983,80,7,2025-11-16T01:00:00,784.11,OK
5984,139,3,2026-02-26T01:00:00,527.93,OK
5985,42,2,2026-01-12T03:00:00,400.03,OK
5986,18,2,2026-02-13T23:00:00,1065.93,OK
5987,197,7,2025-11-13T15:00:00,,COLLECT_FAILED
5988,48,3,2026-02-18T12:00:00,8.14,OK
5989,108,3,2025-12-29T09:00:00,697.7,OK
5990,84,2,2026-01-13T16:00:00,210.19,OK
5991,153,5,2025-12-02T15:00:00,743.32,OK
5992,125,1,2025-11-05T08:00:00,750.31,OK
5993,134,1,2025-11-11T09:00:00,863.56,OK
5994,124,4,2026-02-02T19:00:00,505.91,OK
5995,54,4,2026-02-02T20:00:00,215.35,OK
5996,30,3,2025-11-19T20:00:00,435.83,OK
5997,184,3,2025-11-17T15:00:00,985.4,OK
5998,74,1,2025-12-22T02:00:00,327.94,OK
5999,52,1,2026-01-02T07:00:00,,COLLECT_FAILED
6000,98,5,2025-12-21T01:00:00,1195.01,OK
