inventory_count_id,inventory_date,product_id,system_qty,physical_qty,gap_qty,justification
1,2025-06-19,83,93,88,-5,Erreur saisie
2,2025-06-19,179,65,69,4,Casse
3,2025-06-19,60,70,69,-1,Retour non enregistré
4,2025-06-19,164,87,85,-2,Erreur saisie
5,2025-06-19,156,146,151,5,Casse
6,2025-06-19,95,25,29,4,Erreur saisie
7,2025-06-19,34,27,25,-2,Perte
8,2025-06-19,126,4,6,2,Retour non enregistré
9,2025-06-19,75,105,100,-5,Retour non enregistré
10,2025-06-19,87,74,71,-3,
11,2025-06-19,1,77,73,-4,Erreur saisie
12,2025-06-19,50,45,47,2,Erreur saisie
13,2025-06-19,99,225,229,4,Erreur saisie
14,2025-06-19,55,95,99,4,Casse
15,2025-06-19,182,129,125,-4,Casse
16,2025-06-19,88,190,191,1,Erreur saisie
17,2025-06-19,51,58,60,2,Perte
18,2025-06-19,47,23,18,-5,Erreur saisie
19,2025-06-19,76,41,44,3,
20,2025-06-19,52,72,77,5,Casse
21,2025-06-19,144,12,10,-2,
22,2025-06-19,67,43,44,1,Perte
23,2025-06-19,82,102,100,-2,Retour non enregistré
24,2025-06-19,118,149,145,-4,Perte
25,2025-06-19,30,81,83,2,Retour non enregistré
26,2025-06-19,25,95,91,-4,Perte
27,2025-06-19,188,156,151,-5,Erreur saisie
28,2025-06-19,49,83,88,5,
29,2025-06-19,121,6,5,-1,Casse
30,2025-06-19,167,142,138,-4,Retour non enregistré
31,2025-04-06,150,48,43,-5,Erreur saisie
32,2025-04-06,23,71,75,4,Casse
33,2025-04-06,110,51,55,4,Erreur saisie
34,2025-04-06,139,16,16,0,Retour non enregistré
35,2025-04-06,108,155,153,-2,Retour non enregistré
36,2025-04-06,123,41,37,-4,Retour non enregistré
37,2025-04-06,176,7,2,-5,Perte
38,2025-04-06,157,46,44,-2,Erreur saisie
39,2025-04-06,98,129,124,-5,Retour non enregistré
40,2025-04-06,126,4,8,4,Retour non enregistré
41,2025-04-06,199,21,16,-5,Perte
42,2025-04-06,59,9,5,-4,Casse
43,2025-04-06,33,118,121,3,Retour non enregistré
44,2025-04-06,180,0,5,5,Casse
45,2025-04-06,91,117,122,5,Perte
46,2025-04-06,103,58,59,1,
47,2025-04-06,43,213,214,1,
48,2025-04-06,160,90,87,-3,Casse
49,2025-04-06,38,165,160,-5,Casse
50,2025-04-06,178,23,24,1,Retour non enregistré
51,2025-04-06,135,83,85,2,Perte
52,2025-04-06,151,57,52,-5,Retour non enregistré
53,2025-04-06,35,79,78,-1,Perte
54,2025-04-06,62,5,4,-1,Erreur saisie
55,2025-04-06,170,183,181,-2,
56,2025-04-06,125,25,26,1,Casse
57,2025-04-06,17,115,114,-1,Perte
58,2025-04-06,167,142,140,-2,Retour non enregistré
59,2025-04-06,11,54,55,1,
60,2025-04-06,101,78,83,5,Retour non enregistré
61,2025-06-29,148,83,81,-2,Perte
62,2025-06-29,88,190,187,-3,Retour non enregistré
63,2025-06-29,40,35,30,-5,Casse
64,2025-06-29,166,62,60,-2,Erreur saisie
65,2025-06-29,93,126,125,-1,Erreur saisie
66,2025-06-29,92,129,132,3,
67,2025-06-29,47,23,18,-5,Casse
68,2025-06-29,20,242,243,1,
69,2025-06-29,80,4,6,2,Casse
70,2025-06-29,43,213,218,5,Perte
71,2025-06-29,117,51,47,-4,Retour non enregistré
72,2025-06-29,131,28,29,1,Retour non enregistré
73,2025-06-29,94,71,72,1,
74,2025-06-29,32,44,46,2,Perte
75,2025-06-29,198,216,218,2,
76,2025-06-29,81,136,135,-1,Erreur saisie
77,2025-06-29,156,146,150,4,
78,2025-06-29,1,77,75,-2,Erreur saisie
79,2025-06-29,11,54,53,-1,Perte
80,2025-06-29,123,41,43,2,Perte
81,2025-06-29,30,81,81,0,Retour non enregistré
82,2025-06-29,12,9,5,-4,Perte
83,2025-06-29,153,3,7,4,Retour non enregistré
84,2025-06-29,163,91,90,-1,Retour non enregistré
85,2025-06-29,128,44,48,4,Retour non enregistré
86,2025-06-29,42,41,41,0,Casse
87,2025-06-29,189,150,150,0,Casse
88,2025-06-29,66,16,19,3,Perte
89,2025-06-29,21,41,45,4,Erreur saisie
90,2025-06-29,127,195,195,0,Erreur saisie
91,2026-01-12,80,4,3,-1,
92,2026-01-12,20,242,243,1,Erreur saisie
93,2026-01-12,176,7,7,0,
94,2026-01-12,17,115,120,5,Retour non enregistré
95,2026-01-12,36,45,47,2,Retour non enregistré
96,2026-01-12,72,104,105,1,Retour non enregistré
97,2026-01-12,115,40,42,2,Retour non enregistré
98,2026-01-12,144,12,13,1,Retour non enregistré
99,2026-01-12,143,95,99,4,Casse
100,2026-01-12,194,158,156,-2,Casse
101,2026-01-12,69,77,77,0,Casse
102,2026-01-12,148,83,85,2,
103,2026-01-12,93,126,131,5,Casse
104,2026-01-12,135,83,87,4,Erreur saisie
105,2026-01-12,100,24,22,-2,Retour non enregistré
106,2026-01-12,113,206,204,-2,
107,2026-01-12,196,20,24,4,Erreur saisie
108,2026-01-12,161,254,255,1,Perte
109,2026-01-12,53,206,207,1,
110,2026-01-12,123,41,43,2,Retour non enregistré
111,2026-01-12,136,3,1,-2,Perte
112,2026-01-12,19,45,48,3,Erreur saisie
113,2026-01-12,25,95,99,4,Casse
114,2026-01-12,74,73,68,-5,Erreur saisie
115,2026-01-12,197,137,138,1,Retour non enregistré
116,2026-01-12,26,64,69,5,Erreur saisie
117,2026-01-12,24,178,177,-1,Perte
118,2026-01-12,89,96,101,5,Retour non enregistré
119,2026-01-12,31,24,20,-4,Perte
120,2026-01-12,132,230,227,-3,Perte
121,2025-11-04,174,36,35,-1,Retour non enregistré
122,2025-11-04,9,9,7,-2,Casse
123,2025-11-04,142,153,153,0,Erreur saisie
124,2025-11-04,52,72,74,2,
125,2025-11-04,175,78,79,1,Erreur saisie
126,2025-11-04,23,71,70,-1,Erreur saisie
127,2025-11-04,41,91,96,5,Erreur saisie
128,2025-11-04,166,62,63,1,Casse
129,2025-11-04,5,72,70,-2,Erreur saisie
130,2025-11-04,159,142,140,-2,Retour non enregistré
131,2025-11-04,104,108,103,-5,Erreur saisie
132,2025-11-04,125,25,29,4,Perte
133,2025-11-04,17,115,115,0,
134,2025-11-04,68,65,64,-1,Perte
135,2025-11-04,91,117,114,-3,
136,2025-11-04,34,27,25,-2,Retour non enregistré
137,2025-11-04,114,137,135,-2,Perte
138,2025-11-04,59,9,6,-3,
139,2025-11-04,185,103,104,1,Retour non enregistré
140,2025-11-04,171,223,223,0,Retour non enregistré
141,2025-11-04,107,122,122,0,Casse
142,2025-11-04,27,160,165,5,Perte
143,2025-11-04,157,46,44,-2,Retour non enregistré
144,2025-11-04,71,50,45,-5,Erreur saisie
145,2025-11-04,21,41,46,5,Erreur saisie
146,2025-11-04,176,7,6,-1,Retour non enregistré
147,2025-11-04,37,212,209,-3,Perte
148,2025-11-04,63,124,123,-1,Casse
149,2025-11-04,111,17,14,-3,Casse
150,2025-11-04,197,137,132,-5,
151,2025-09-07,124,102,97,-5,Perte
152,2025-09-07,55,95,97,2,Erreur saisie
153,2025-09-07,180,0,0,0,Retour non enregistré
154,2025-09-07,92,129,128,-1,Perte
155,2025-09-07,126,4,9,5,Perte
156,2025-09-07,199,21,23,2,Casse
157,2025-09-07,185,103,105,2,Perte
158,2025-09-07,170,183,178,-5,
159,2025-09-07,123,41,44,3,Retour non enregistré
160,2025-09-07,146,123,124,1,Perte
161,2025-09-07,84,181,184,3,Erreur saisie
162,2025-09-07,33,118,123,5,Perte
163,2025-09-07,119,37,37,0,
164,2025-09-07,8,51,51,0,
165,2025-09-07,188,156,161,5,Casse
166,2025-09-07,160,90,93,3,Retour non enregistré
167,2025-09-07,87,74,72,-2,Casse
168,2025-09-07,17,115,110,-5,Retour non enregistré
169,2025-09-07,83,93,98,5,Erreur saisie
170,2025-09-07,43,213,217,4,Perte
171,2025-09-07,176,7,3,-4,
172,2025-09-07,120,17,16,-1,Perte
173,2025-09-07,13,111,113,2,Perte
174,2025-09-07,198,216,221,5,Perte
175,2025-09-07,147,28,31,3,Casse
176,2025-09-07,131,28,28,0,Casse
177,2025-09-07,44,27,32,5,Erreur saisie
178,2025-09-07,162,43,45,2,Perte
179,2025-09-07,62,5,2,-3,Erreur saisie
180,2025-09-07,136,3,0,-3,Casse
181,2025-10-12,80,4,3,-1,Retour non enregistré
182,2025-10-12,175,78,78,0,Erreur saisie
183,2025-10-12,53,206,210,4,Erreur saisie
184,2025-10-12,139,16,15,-1,Perte
185,2025-10-12,121,6,2,-4,Retour non enregistré
186,2025-10-12,79,118,119,1,
187,2025-10-12,126,4,3,-1,
188,2025-10-12,87,74,76,2,Perte
189,2025-10-12,171,223,226,3,Casse
190,2025-10-12,163,91,87,-4,Casse
191,2025-10-12,23,71,67,-4,Perte
192,2025-10-12,100,24,19,-5,
193,2025-10-12,46,101,96,-5,Perte
194,2025-10-12,91,117,121,4,Perte
195,2025-10-12,195,64,61,-3,Perte
196,2025-10-12,119,37,40,3,Casse
197,2025-10-12,164,87,87,0,
198,2025-10-12,27,160,163,3,Casse
199,2025-10-12,38,165,164,-1,
200,2025-10-12,149,31,26,-5,
201,2025-10-12,160,90,91,1,Perte
202,2025-10-12,54,62,59,-3,Erreur saisie
203,2025-10-12,34,27,24,-3,
204,2025-10-12,138,86,87,1,Perte
205,2025-10-12,159,142,142,0,Casse
206,2025-10-12,145,32,35,3,Perte
207,2025-10-12,152,14,17,3,Perte
208,2025-10-12,140,182,187,5,Casse
209,2025-10-12,166,62,67,5,Perte
210,2025-10-12,26,64,64,0,Retour non enregistré
211,2026-01-15,166,62,64,2,Retour non enregistré
212,2026-01-15,198,216,220,4,
213,2026-01-15,91,117,118,1,Perte
214,2026-01-15,158,174,179,5,Erreur saisie
215,2026-01-15,99,225,225,0,Retour non enregistré
216,2026-01-15,102,49,54,5,Casse
217,2026-01-15,144,12,15,3,Erreur saisie
218,2026-01-15,73,137,142,5,
219,2026-01-15,197,137,136,-1,Erreur saisie
220,2026-01-15,41,91,86,-5,Retour non enregistré
221,2026-01-15,117,51,52,1,Perte
222,2026-01-15,6,115,119,4,Erreur saisie
223,2026-01-15,188,156,155,-1,
224,2026-01-15,95,25,27,2,Casse
225,2026-01-15,196,20,17,-3,Perte
226,2026-01-15,44,27,31,4,Perte
227,2026-01-15,191,25,29,4,Erreur saisie
228,2026-01-15,82,102,102,0,
229,2026-01-15,77,130,134,4,Retour non enregistré
230,2026-01-15,120,17,22,5,Perte
231,2026-01-15,10,255,252,-3,Perte
232,2026-01-15,116,119,122,3,Perte
233,2026-01-15,176,7,4,-3,Retour non enregistré
234,2026-01-15,94,71,67,-4,Casse
235,2026-01-15,145,32,35,3,
236,2026-01-15,129,191,190,-1,Perte
237,2026-01-15,60,70,69,-1,Casse
238,2026-01-15,83,93,95,2,Erreur saisie
239,2026-01-15,34,27,29,2,Casse
240,2026-01-15,183,27,26,-1,Erreur saisie
241,2025-07-12,91,117,114,-3,
242,2025-07-12,19,45,44,-1,Erreur saisie
243,2025-07-12,53,206,209,3,Perte
244,2025-07-12,28,9,4,-5,Erreur saisie
245,2025-07-12,9,9,13,4,Perte
246,2025-07-12,25,95,100,5,Perte
247,2025-07-12,4,25,23,-2,Erreur saisie
248,2025-07-12,191,25,22,-3,Perte
249,2025-07-12,29,56,57,1,Erreur saisie
250,2025-07-12,15,134,129,-5,Casse
251,2025-07-12,194,158,155,-3,Casse
252,2025-07-12,122,112,113,1,Erreur saisie
253,2025-07-12,30,81,78,-3,Retour non enregistré
254,2025-07-12,107,122,123,1,Casse
255,2025-07-12,57,72,68,-4,Casse
256,2025-07-12,21,41,39,-2,Retour non enregistré
257,2025-07-12,59,9,11,2,Erreur saisie
258,2025-07-12,199,21,24,3,
259,2025-07-12,188,156,157,1,
260,2025-07-12,51,58,58,0,Retour non enregistré
261,2025-07-12,90,57,53,-4,Perte
262,2025-07-12,187,195,198,3,Perte
263,2025-07-12,118,149,150,1,
264,2025-07-12,178,23,28,5,Erreur saisie
265,2025-07-12,121,6,9,3,Casse
266,2025-07-12,17,115,120,5,Casse
267,2025-07-12,183,27,32,5,
268,2025-07-12,184,168,165,-3,Retour non enregistré
269,2025-07-12,58,6,5,-1,
270,2025-07-12,170,183,184,1,Erreur saisie
271,2025-04-11,129,191,191,0,Erreur saisie
272,2025-04-11,156,146,151,5,Casse
273,2025-04-11,176,7,8,1,
274,2025-04-11,135,83,86,3,Retour non enregistré
275,2025-04-11,36,45,44,-1,Perte
276,2025-04-11,68,65,70,5,
277,2025-04-11,9,9,11,2,
278,2025-04-11,69,77,73,-4,Perte
279,2025-04-11,39,65,66,1,Erreur saisie
280,2025-04-11,96,110,108,-2,Perte
281,2025-04-11,183,27,28,1,
282,2025-04-11,28,9,12,3,
283,2025-04-11,79,118,118,0,
284,2025-04-11,199,21,21,0,Retour non enregistré
285,2025-04-11,125,25,24,-1,Perte
286,2025-04-11,195,64,61,-3,Retour non enregistré
287,2025-04-11,105,196,195,-1,
288,2025-04-11,54,62,59,-3,Retour non enregistré
289,2025-04-11,193,58,58,0,Retour non enregistré
290,2025-04-11,147,28,28,0,Casse
291,2025-04-11,117,51,56,5,Erreur saisie
292,2025-04-11,81,136,131,-5,
293,2025-04-11,59,9,5,-4,Retour non enregistré
294,2025-04-11,85,9,12,3,Erreur saisie
295,2025-04-11,63,124,125,1,Erreur saisie
296,2025-04-11,118,149,151,2,Perte
297,2025-04-11,73,137,132,-5,
298,2025-04-11,146,123,123,0,Retour non enregistré
299,2025-04-11,177,97,101,4,Casse
300,2025-04-11,33,118,118,0,Casse
301,2026-01-19,105,196,201,5,Perte
302,2026-01-19,8,51,46,-5,
303,2026-01-19,147,28,32,4,Perte
304,2026-01-19,18,159,162,3,Retour non enregistré
305,2026-01-19,22,143,139,-4,
306,2026-01-19,119,37,32,-5,Retour non enregistré
307,2026-01-19,181,255,250,-5,Retour non enregistré
308,2026-01-19,158,174,169,-5,Casse
309,2026-01-19,72,104,102,-2,Erreur saisie
310,2026-01-19,157,46,48,2,
311,2026-01-19,54,62,63,1,
312,2026-01-19,135,83,87,4,Perte
313,2026-01-19,45,145,148,3,Perte
314,2026-01-19,50,45,42,-3,Retour non enregistré
315,2026-01-19,41,91,88,-3,
316,2026-01-19,194,158,160,2,Casse
317,2026-01-19,142,153,155,2,Perte
318,2026-01-19,116,119,123,4,Erreur saisie
319,2026-01-19,25,95,93,-2,Perte
320,2026-01-19,90,57,59,2,Perte
321,2026-01-19,156,146,142,-4,
322,2026-01-19,89,96,101,5,Perte
323,2026-01-19,91,117,121,4,Perte
324,2026-01-19,66,16,12,-4,Perte
325,2026-01-19,124,102,104,2,Perte
326,2026-01-19,29,56,57,1,Perte
327,2026-01-19,125,25,21,-4,Casse
328,2026-01-19,88,190,192,2,
329,2026-01-19,138,86,89,3,Perte
330,2026-01-19,78,33,29,-4,Retour non enregistré
331,2025-12-17,12,9,9,0,
332,2025-12-17,32,44,47,3,Retour non enregistré
333,2025-12-17,114,137,137,0,
334,2025-12-17,137,147,145,-2,Perte
335,2025-12-17,132,230,228,-2,Perte
336,2025-12-17,60,70,67,-3,
337,2025-12-17,125,25,23,-2,Perte
338,2025-12-17,87,74,78,4,Perte
339,2025-12-17,141,101,105,4,Erreur saisie
340,2025-12-17,126,4,0,-4,
341,2025-12-17,84,181,183,2,Perte
342,2025-12-17,78,33,31,-2,Casse
343,2025-12-17,81,136,136,0,Casse
344,2025-12-17,152,14,15,1,Erreur saisie
345,2025-12-17,97,99,100,1,Retour non enregistré
346,2025-12-17,22,143,141,-2,Casse
347,2025-12-17,174,36,38,2,Retour non enregistré
348,2025-12-17,145,32,37,5,Casse
349,2025-12-17,13,111,110,-1,
350,2025-12-17,41,91,89,-2,Erreur saisie
351,2025-12-17,44,27,25,-2,Perte
352,2025-12-17,127,195,197,2,
353,2025-12-17,154,192,189,-3,Perte
354,2025-12-17,63,124,120,-4,Erreur saisie
355,2025-12-17,77,130,132,2,Perte
356,2025-12-17,109,120,116,-4,
357,2025-12-17,121,6,4,-2,Casse
358,2025-12-17,189,150,147,-3,Erreur saisie
359,2025-12-17,134,57,62,5,Erreur saisie
360,2025-12-17,136,3,0,-3,Retour non enregistré
361,2026-02-22,127,195,196,1,
362,2026-02-22,180,0,5,5,Retour non enregistré
363,2026-02-22,45,145,141,-4,Retour non enregistré
364,2026-02-22,152,14,14,0,Retour non enregistré
365,2026-02-22,120,17,20,3,Casse
366,2026-02-22,1,77,73,-4,Retour non enregistré
367,2026-02-22,30,81,82,1,Perte
368,2026-02-22,9,9,10,1,Perte
369,2026-02-22,64,128,130,2,Casse
370,2026-02-22,171,223,227,4,Casse
371,2026-02-22,61,9,5,-4,Erreur saisie
372,2026-02-22,132,230,229,-1,Retour non enregistré
373,2026-02-22,146,123,126,3,Casse
374,2026-02-22,78,33,37,4,Retour non enregistré
375,2026-02-22,141,101,98,-3,Perte
376,2026-02-22,6,115,120,5,Erreur saisie
377,2026-02-22,190,48,45,-3,Erreur saisie
378,2026-02-22,122,112,114,2,Perte
379,2026-02-22,51,58,59,1,Retour non enregistré
380,2026-02-22,103,58,56,-2,Erreur saisie
381,2026-02-22,17,115,116,1,Retour non enregistré
382,2026-02-22,2,21,24,3,Perte
383,2026-02-22,21,41,38,-3,
384,2026-02-22,140,182,186,4,Casse
385,2026-02-22,13,111,112,1,
386,2026-02-22,194,158,154,-4,
387,2026-02-22,156,146,147,1,Casse
388,2026-02-22,109,120,115,-5,Retour non enregistré
389,2026-02-22,37,212,209,-3,Casse
390,2026-02-22,40,35,37,2,Erreur saisie
391,2025-03-18,102,49,50,1,Retour non enregistré
392,2025-03-18,157,46,50,4,Perte
393,2025-03-18,109,120,116,-4,Perte
394,2025-03-18,119,37,36,-1,Casse
395,2025-03-18,121,6,1,-5,Erreur saisie
396,2025-03-18,74,73,71,-2,Casse
397,2025-03-18,85,9,11,2,
398,2025-03-18,108,155,157,2,Perte
399,2025-03-18,83,93,90,-3,Perte
400,2025-03-18,173,55,56,1,Retour non enregistré
401,2025-03-18,130,11,7,-4,Perte
402,2025-03-18,151,57,56,-1,Perte
403,2025-03-18,145,32,29,-3,Erreur saisie
404,2025-03-18,106,83,78,-5,Casse
405,2025-03-18,1,77,82,5,Perte
406,2025-03-18,64,128,124,-4,Casse
407,2025-03-18,168,93,97,4,Retour non enregistré
408,2025-03-18,53,206,209,3,
409,2025-03-18,89,96,101,5,Erreur saisie
410,2025-03-18,112,92,94,2,Casse
411,2025-03-18,52,72,69,-3,Erreur saisie
412,2025-03-18,65,66,61,-5,Erreur saisie
413,2025-03-18,142,153,158,5,Retour non enregistré
414,2025-03-18,56,38,36,-2,
415,2025-03-18,114,137,133,-4,
416,2025-03-18,160,90,87,-3,Perte
417,2025-03-18,96,110,109,-1,Erreur saisie
418,2025-03-18,43,213,209,-4,Perte
419,2025-03-18,60,70,74,4,Casse
420,2025-03-18,50,45,50,5,Retour non enregistré
421,2025-12-16,184,168,171,3,Perte
422,2025-12-16,195,64,67,3,Casse
423,2025-12-16,90,57,54,-3,Casse
424,2025-12-16,37,212,213,1,Erreur saisie
425,2025-12-16,47,23,25,2,Retour non enregistré
426,2025-12-16,42,41,45,4,Perte
427,2025-12-16,155,97,95,-2,Retour non enregistré
428,2025-12-16,145,32,35,3,
429,2025-12-16,18,159,159,0,Erreur saisie
430,2025-12-16,189,150,153,3,Casse
431,2025-12-16,30,81,76,-5,Retour non enregistré
432,2025-12-16,171,223,224,1,Casse
433,2025-12-16,137,147,148,1,Retour non enregistré
434,2025-12-16,176,7,8,1,Casse
435,2025-12-16,69,77,73,-4,Retour non enregistré
436,2025-12-16,14,175,179,4,
437,2025-12-16,2,21,18,-3,Casse
438,2025-12-16,35,79,81,2,Erreur saisie
439,2025-12-16,93,126,124,-2,Erreur saisie
440,2025-12-16,38,165,163,-2,Retour non enregistré
441,2025-12-16,9,9,12,3,Perte
442,2025-12-16,127,195,197,2,Perte
443,2025-12-16,186,82,86,4,Erreur saisie
444,2025-12-16,50,45,49,4,Retour non enregistré
445,2025-12-16,74,73,76,3,
446,2025-12-16,112,92,93,1,Retour non enregistré
447,2025-12-16,70,195,192,-3,
448,2025-12-16,138,86,84,-2,Erreur saisie
449,2025-12-16,167,142,142,0,Casse
450,2025-12-16,32,44,40,-4,Perte
451,2026-02-25,146,123,125,2,Erreur saisie
452,2026-02-25,32,44,41,-3,
453,2026-02-25,93,126,130,4,Perte
454,2026-02-25,148,83,87,4,Erreur saisie
455,2026-02-25,172,87,90,3,
456,2026-02-25,56,38,43,5,
457,2026-02-25,17,115,112,-3,
458,2026-02-25,100,24,19,-5,Erreur saisie
459,2026-02-25,75,105,105,0,
460,2026-02-25,155,97,100,3,Casse
461,2026-02-25,164,87,90,3,Erreur saisie
462,2026-02-25,50,45,43,-2,Perte
463,2026-02-25,186,82,86,4,
464,2026-02-25,119,37,40,3,Casse
465,2026-02-25,139,16,19,3,Casse
466,2026-02-25,16,51,52,1,Perte
467,2026-02-25,136,3,6,3,Casse
468,2026-02-25,92,129,126,-3,Perte
469,2026-02-25,7,36,33,-3,
470,2026-02-25,121,6,11,5,Perte
471,2026-02-25,154,192,197,5,Retour non enregistré
472,2026-02-25,14,175,178,3,Erreur saisie
473,2026-02-25,168,93,93,0,
474,2026-02-25,8,51,53,2,Casse
475,2026-02-25,184,168,166,-2,Erreur saisie
476,2026-02-25,162,43,38,-5,Retour non enregistré
477,2026-02-25,150,48,44,-4,Casse
478,2026-02-25,66,16,20,4,Erreur saisie
479,2026-02-25,18,159,164,5,Perte
480,2026-02-25,84,181,179,-2,Casse
481,2026-02-03,31,24,26,2,
482,2026-02-03,169,63,67,4,Erreur saisie
483,2026-02-03,51,58,61,3,Retour non enregistré
484,2026-02-03,186,82,86,4,Erreur saisie
485,2026-02-03,60,70,65,-5,Casse
486,2026-02-03,92,129,133,4,Retour non enregistré
487,2026-02-03,119,37,39,2,Casse
488,2026-02-03,73,137,137,0,Retour non enregistré
489,2026-02-03,166,62,62,0,
490,2026-02-03,106,83,80,-3,
491,2026-02-03,85,9,6,-3,Retour non enregistré
492,2026-02-03,54,62,63,1,Retour non enregistré
493,2026-02-03,108,155,158,3,Erreur saisie
494,2026-02-03,95,25,20,-5,Erreur saisie
495,2026-02-03,41,91,91,0,Casse
496,2026-02-03,182,129,126,-3,
497,2026-02-03,13,111,106,-5,Erreur saisie
498,2026-02-03,183,27,23,-4,Casse
499,2026-02-03,88,190,185,-5,Perte
500,2026-02-03,63,124,127,3,
501,2026-02-03,147,28,24,-4,Casse
502,2026-02-03,10,255,256,1,
503,2026-02-03,96,110,111,1,Casse
504,2026-02-03,12,9,14,5,
505,2026-02-03,69,77,75,-2,
506,2026-02-03,171,223,228,5,Retour non enregistré
507,2026-02-03,86,40,39,-1,Retour non enregistré
508,2026-02-03,130,11,16,5,
509,2026-02-03,4,25,23,-2,Erreur saisie
510,2026-02-03,193,58,61,3,Erreur saisie
511,2025-12-26,189,150,148,-2,Erreur saisie
512,2025-12-26,73,137,136,-1,Casse
513,2025-12-26,33,118,117,-1,Casse
514,2025-12-26,125,25,24,-1,
515,2025-12-26,197,137,141,4,
516,2025-12-26,140,182,180,-2,Casse
517,2025-12-26,21,41,40,-1,Casse
518,2025-12-26,9,9,8,-1,Erreur saisie
519,2025-12-26,129,191,188,-3,Perte
520,2025-12-26,199,21,18,-3,Perte
521,2025-12-26,109,120,116,-4,Retour non enregistré
522,2025-12-26,139,16,14,-2,Erreur saisie
523,2025-12-26,65,66,69,3,Casse
524,2025-12-26,171,223,226,3,Retour non enregistré
525,2025-12-26,38,165,163,-2,Casse
526,2025-12-26,86,40,44,4,Retour non enregistré
527,2025-12-26,28,9,14,5,Retour non enregistré
528,2025-12-26,99,225,225,0,
529,2025-12-26,200,96,91,-5,
530,2025-12-26,55,95,97,2,Perte
531,2025-12-26,26,64,60,-4,
532,2025-12-26,5,72,71,-1,Perte
533,2025-12-26,141,101,103,2,Erreur saisie
534,2025-12-26,76,41,42,1,Casse
535,2025-12-26,102,49,51,2,Retour non enregistré
536,2025-12-26,89,96,94,-2,Perte
537,2025-12-26,98,129,126,-3,
538,2025-12-26,68,65,68,3,Perte
539,2025-12-26,161,254,256,2,Erreur saisie
540,2025-12-26,47,23,23,0,Retour non enregistré
541,2025-08-27,176,7,12,5,Perte
542,2025-08-27,3,202,206,4,
543,2025-08-27,130,11,11,0,
544,2025-08-27,71,50,49,-1,Erreur saisie
545,2025-08-27,182,129,124,-5,Retour non enregistré
546,2025-08-27,179,65,61,-4,Perte
547,2025-08-27,153,3,5,2,Retour non enregistré
548,2025-08-27,58,6,9,3,Perte
549,2025-08-27,98,129,124,-5,
550,2025-08-27,74,73,77,4,Erreur saisie
551,2025-08-27,111,17,21,4,
552,2025-08-27,192,48,53,5,Perte
553,2025-08-27,157,46,42,-4,Perte
554,2025-08-27,104,108,111,3,Perte
555,2025-08-27,10,255,251,-4,
556,2025-08-27,30,81,82,1,Casse
557,2025-08-27,123,41,45,4,Casse
558,2025-08-27,79,118,117,-1,Casse
559,2025-08-27,2,21,17,-4,Perte
560,2025-08-27,145,32,36,4,Erreur saisie
561,2025-08-27,189,150,148,-2,Retour non enregistré
562,2025-08-27,97,99,95,-4,Erreur saisie
563,2025-08-27,109,120,124,4,
564,2025-08-27,47,23,22,-1,Erreur saisie
565,2025-08-27,40,35,31,-4,Casse
566,2025-08-27,64,128,123,-5,Retour non enregistré
567,2025-08-27,69,77,72,-5,
568,2025-08-27,107,122,124,2,Casse
569,2025-08-27,33,118,121,3,Erreur saisie
570,2025-08-27,147,28,31,3,Erreur saisie
571,2025-07-25,23,71,73,2,Perte
572,2025-07-25,40,35,30,-5,Casse
573,2025-07-25,178,23,22,-1,
574,2025-07-25,133,56,52,-4,Casse
575,2025-07-25,31,24,19,-5,Erreur saisie
576,2025-07-25,57,72,72,0,Erreur saisie
577,2025-07-25,36,45,49,4,Casse
578,2025-07-25,118,149,147,-2,Erreur saisie
579,2025-07-25,165,42,45,3,Casse
580,2025-07-25,74,73,69,-4,Retour non enregistré
581,2025-07-25,161,254,253,-1,Retour non enregistré
582,2025-07-25,173,55,55,0,Perte
583,2025-07-25,134,57,55,-2,Perte
584,2025-07-25,16,51,54,3,
585,2025-07-25,127,195,197,2,Casse
586,2025-07-25,56,38,38,0,
587,2025-07-25,175,78,78,0,Retour non enregistré
588,2025-07-25,1,77,80,3,Perte
589,2025-07-25,73,137,142,5,Casse
590,2025-07-25,107,122,127,5,Perte
591,2025-07-25,195,64,62,-2,
592,2025-07-25,123,41,43,2,Retour non enregistré
593,2025-07-25,79,118,122,4,Retour non enregistré
594,2025-07-25,193,58,58,0,
595,2025-07-25,89,96,95,-1,Perte
596,2025-07-25,50,45,46,1,Erreur saisie
597,2025-07-25,68,65,61,-4,Erreur saisie
598,2025-07-25,172,87,84,-3,Retour non enregistré
599,2025-07-25,52,72,73,1,Perte
600,2025-07-25,83,93,93,0,
601,2025-07-21,25,95,98,3,Retour non enregistré
602,2025-07-21,106,83,80,-3,Perte
603,2025-07-21,199,21,26,5,Perte
604,2025-07-21,15,134,134,0,Perte
605,2025-07-21,23,71,75,4,
606,2025-07-21,164,87,92,5,Perte
607,2025-07-21,154,192,187,-5,Erreur saisie
608,2025-07-21,179,65,62,-3,
609,2025-07-21,50,45,49,4,Retour non enregistré
610,2025-07-21,16,51,47,-4,Casse
611,2025-07-21,193,58,55,-3,
612,2025-07-21,100,24,24,0,Retour non enregistré
613,2025-07-21,61,9,9,0,Perte
614,2025-07-21,101,78,77,-1,Perte
615,2025-07-21,5,72,67,-5,Retour non enregistré
616,2025-07-21,49,83,80,-3,Erreur saisie
617,2025-07-21,13,111,114,3,Casse
618,2025-07-21,71,50,50,0,Erreur saisie
619,2025-07-21,135,83,80,-3,Retour non enregistré
620,2025-07-21,33,118,123,5,Erreur saisie
621,2025-07-21,17,115,112,-3,Retour non enregistré
622,2025-07-21,3,202,203,1,Casse
623,2025-07-21,36,45,44,-1,
624,2025-07-21,57,72,71,-1,
625,2025-07-21,98,129,132,3,Erreur saisie
626,2025-07-21,136,3,7,4,Casse
627,2025-07-21,163,91,92,1,Perte
628,2025-07-21,152,14,18,4,Casse
629,2025-07-21,194,158,163,5,
630,2025-07-21,24,178,181,3,Casse
631,2026-01-03,139,16,11,-5,Casse
632,2026-01-03,79,118,113,-5,Retour non enregistré
633,2026-01-03,166,62,65,3,Retour non enregistré
634,2026-01-03,58,6,6,0,Perte
635,2026-01-03,99,225,222,-3,Casse
636,2026-01-03,181,255,258,3,Retour non enregistré
637,2026-01-03,12,9,8,-1,Casse
638,2026-01-03,98,129,128,-1,Casse
639,2026-01-03,78,33,33,0,Erreur saisie
640,2026-01-03,49,83,79,-4,Retour non enregistré
641,2026-01-03,141,101,96,-5,Casse
642,2026-01-03,9,9,9,0,Retour non enregistré
643,2026-01-03,153,3,8,5,Retour non enregistré
644,2026-01-03,50,45,48,3,
645,2026-01-03,34,27,30,3,Retour non enregistré
646,2026-01-03,113,206,206,0,Erreur saisie
647,2026-01-03,80,4,3,-1,Casse
648,2026-01-03,54,62,61,-1,Retour non enregistré
649,2026-01-03,93,126,126,0,Retour non enregistré
650,2026-01-03,7,36,31,-5,
651,2026-01-03,140,182,184,2,Erreur saisie
652,2026-01-03,53,206,208,2,Casse
653,2026-01-03,75,105,109,4,Casse
654,2026-01-03,6,115,119,4,
655,2026-01-03,3,202,203,1,Retour non enregistré
656,2026-01-03,59,9,10,1,
657,2026-01-03,195,64,69,5,Retour non enregistré
658,2026-01-03,200,96,95,-1,
659,2026-01-03,64,128,124,-4,
660,2026-01-03,176,7,6,-1,Casse
661,2025-03-29,192,48,45,-3,Perte
662,2025-03-29,14,175,175,0,Erreur saisie
663,2025-03-29,176,7,4,-3,Perte
664,2025-03-29,122,112,109,-3,Erreur saisie
665,2025-03-29,80,4,9,5,Perte
666,2025-03-29,8,51,47,-4,Erreur saisie
667,2025-03-29,85,9,11,2,Casse
668,2025-03-29,45,145,141,-4,Retour non enregistré
669,2025-03-29,39,65,69,4,Retour non enregistré
670,2025-03-29,92,129,134,5,Erreur saisie
671,2025-03-29,113,206,207,1,Retour non enregistré
672,2025-03-29,34,27,27,0,Retour non enregistré
673,2025-03-29,191,25,24,-1,
674,2025-03-29,151,57,58,1,Erreur saisie
675,2025-03-29,20,242,242,0,Retour non enregistré
676,2025-03-29,62,5,6,1,Perte
677,2025-03-29,5,72,76,4,Casse
678,2025-03-29,3,202,203,1,
679,2025-03-29,184,168,168,0,
680,2025-03-29,54,62,57,-5,Retour non enregistré
681,2025-03-29,169,63,58,-5,
682,2025-03-29,120,17,12,-5,Erreur saisie
683,2025-03-29,86,40,37,-3,Retour non enregistré
684,2025-03-29,46,101,100,-1,Retour non enregistré
685,2025-03-29,148,83,85,2,Retour non enregistré
686,2025-03-29,155,97,95,-2,
687,2025-03-29,75,105,107,2,Casse
688,2025-03-29,83,93,96,3,Erreur saisie
689,2025-03-29,178,23,25,2,Perte
690,2025-03-29,135,83,84,1,Retour non enregistré
691,2025-12-31,9,9,11,2,Erreur saisie
692,2025-12-31,62,5,4,-1,Perte
693,2025-12-31,48,178,178,0,Retour non enregistré
694,2025-12-31,72,104,108,4,
695,2025-12-31,123,41,42,1,
696,2025-12-31,24,178,182,4,Perte
697,2025-12-31,116,119,116,-3,Erreur saisie
698,2025-12-31,57,72,77,5,Perte
699,2025-12-31,82,102,98,-4,Retour non enregistré
700,2025-12-31,103,58,56,-2,Erreur saisie
701,2025-12-31,84,181,181,0,Erreur saisie
702,2025-12-31,138,86,89,3,
703,2025-12-31,108,155,159,4,Retour non enregistré
704,2025-12-31,200,96,98,2,Perte
705,2025-12-31,133,56,60,4,
706,2025-12-31,185,103,105,2,Casse
707,2025-12-31,142,153,157,4,Perte
708,2025-12-31,47,23,18,-5,Perte
709,2025-12-31,38,165,165,0,Erreur saisie
710,2025-12-31,55,95,97,2,Retour non enregistré
711,2025-12-31,86,40,41,1,
712,2025-12-31,30,81,78,-3,Casse
713,2025-12-31,105,196,201,5,Erreur saisie
714,2025-12-31,127,195,192,-3,
715,2025-12-31,13,111,109,-2,Retour non enregistré
716,2025-12-31,152,14,11,-3,
717,2025-12-31,42,41,36,-5,
718,2025-12-31,92,129,134,5,Perte
719,2025-12-31,166,62,58,-4,Casse
720,2025-12-31,113,206,209,3,
721,2025-12-26,121,6,9,3,Erreur saisie
722,2025-12-26,103,58,55,-3,Retour non enregistré
723,2025-12-26,145,32,31,-1,
724,2025-12-26,67,43,42,-1,
725,2025-12-26,81,136,137,1,
726,2025-12-26,171,223,220,-3,Erreur saisie
727,2025-12-26,43,213,218,5,
728,2025-12-26,127,195,194,-1,Erreur saisie
729,2025-12-26,199,21,20,-1,
730,2025-12-26,170,183,181,-2,
731,2025-12-26,52,72,70,-2,Retour non enregistré
732,2025-12-26,4,25,29,4,Perte
733,2025-12-26,157,46,48,2,Erreur saisie
734,2025-12-26,108,155,151,-4,Erreur saisie
735,2025-12-26,96,110,111,1,Casse
736,2025-12-26,11,54,49,-5,
737,2025-12-26,10,255,257,2,Casse
738,2025-12-26,78,33,32,-1,
739,2025-12-26,9,9,10,1,Erreur saisie
740,2025-12-26,28,9,5,-4,Erreur saisie
741,2025-12-26,22,143,140,-3,Casse
742,2025-12-26,112,92,92,0,Casse
743,2025-12-26,76,41,37,-4,
744,2025-12-26,90,57,61,4,Perte
745,2025-12-26,135,83,80,-3,Perte
746,2025-12-26,25,95,93,-2,
747,2025-12-26,116,119,121,2,Erreur saisie
748,2025-12-26,162,43,45,2,Erreur saisie
749,2025-12-26,159,142,137,-5,Perte
750,2025-12-26,174,36,36,0,Casse
751,2025-12-28,187,195,197,2,
752,2025-12-28,160,90,89,-1,Casse
753,2025-12-28,76,41,36,-5,Erreur saisie
754,2025-12-28,149,31,33,2,Casse
755,2025-12-28,127,195,190,-5,Erreur saisie
756,2025-12-28,54,62,61,-1,Perte
757,2025-12-28,130,11,12,1,Erreur saisie
758,2025-12-28,105,196,194,-2,Casse
759,2025-12-28,50,45,47,2,Casse
760,2025-12-28,109,120,124,4,Casse
761,2025-12-28,37,212,216,4,Erreur saisie
762,2025-12-28,181,255,253,-2,Erreur saisie
763,2025-12-28,14,175,171,-4,Perte
764,2025-12-28,41,91,95,4,Perte
765,2025-12-28,111,17,17,0,
766,2025-12-28,25,95,93,-2,Retour non enregistré
767,2025-12-28,52,72,69,-3,
768,2025-12-28,143,95,95,0,Erreur saisie
769,2025-12-28,103,58,60,2,
770,2025-12-28,122,112,107,-5,
771,2025-12-28,168,93,96,3,Perte
772,2025-12-28,179,65,67,2,Perte
773,2025-12-28,38,165,164,-1,Erreur saisie
774,2025-12-28,83,93,94,1,Retour non enregistré
775,2025-12-28,47,23,22,-1,Retour non enregistré
776,2025-12-28,169,63,66,3,Erreur saisie
777,2025-12-28,140,182,182,0,Retour non enregistré
778,2025-12-28,49,83,83,0,
779,2025-12-28,29,56,60,4,
780,2025-12-28,142,153,158,5,
781,2026-02-20,104,108,106,-2,
782,2026-02-20,138,86,88,2,Casse
783,2026-02-20,168,93,93,0,Retour non enregistré
784,2026-02-20,147,28,27,-1,Retour non enregistré
785,2026-02-20,185,103,103,0,Retour non enregistré
786,2026-02-20,32,44,41,-3,Erreur saisie
787,2026-02-20,30,81,77,-4,Erreur saisie
788,2026-02-20,11,54,57,3,Perte
789,2026-02-20,174,36,31,-5,Casse
790,2026-02-20,85,9,14,5,Erreur saisie
791,2026-02-20,197,137,137,0,
792,2026-02-20,64,128,128,0,Retour non enregistré
793,2026-02-20,13,111,113,2,
794,2026-02-20,121,6,10,4,Perte
795,2026-02-20,131,28,31,3,Perte
796,2026-02-20,60,70,67,-3,Erreur saisie
797,2026-02-20,179,65,63,-2,Casse
798,2026-02-20,7,36,39,3,Retour non enregistré
799,2026-02-20,28,9,5,-4,Casse
800,2026-02-20,200,96,101,5,
801,2026-02-20,45,145,149,4,Erreur saisie
802,2026-02-20,153,3,8,5,Perte
803,2026-02-20,186,82,82,0,
804,2026-02-20,133,56,52,-4,Retour non enregistré
805,2026-02-20,84,181,178,-3,
806,2026-02-20,117,51,50,-1,Casse
807,2026-02-20,123,41,39,-2,
808,2026-02-20,71,50,50,0,Perte
809,2026-02-20,78,33,38,5,
810,2026-02-20,199,21,19,-2,Erreur saisie
811,2025-05-06,178,23,23,0,Retour non enregistré
812,2025-05-06,5,72,76,4,Retour non enregistré
813,2025-05-06,14,175,174,-1,Erreur saisie
814,2025-05-06,69,77,74,-3,
815,2025-05-06,103,58,59,1,Retour non enregistré
816,2025-05-06,185,103,107,4,Casse
817,2025-05-06,66,16,18,2,Retour non enregistré
818,2025-05-06,87,74,69,-5,Retour non enregistré
819,2025-05-06,111,17,22,5,Casse
820,2025-05-06,123,41,36,-5,Casse
821,2025-05-06,142,153,156,3,Perte
822,2025-05-06,160,90,92,2,Erreur saisie
823,2025-05-06,127,195,197,2,Casse
824,2025-05-06,91,117,122,5,Casse
825,2025-05-06,75,105,109,4,
826,2025-05-06,102,49,46,-3,
827,2025-05-06,77,130,135,5,Erreur saisie
828,2025-05-06,3,202,198,-4,
829,2025-05-06,56,38,42,4,
830,2025-05-06,169,63,62,-1,Retour non enregistré
831,2025-05-06,6,115,111,-4,Perte
832,2025-05-06,63,124,129,5,Retour non enregistré
833,2025-05-06,119,37,39,2,Casse
834,2025-05-06,45,145,150,5,Perte
835,2025-05-06,113,206,205,-1,Retour non enregistré
836,2025-05-06,106,83,80,-3,Erreur saisie
837,2025-05-06,98,129,126,-3,
838,2025-05-06,182,129,124,-5,Retour non enregistré
839,2025-05-06,149,31,30,-1,Casse
840,2025-05-06,116,119,115,-4,Perte
841,2025-05-16,178,23,25,2,Retour non enregistré
842,2025-05-16,110,51,54,3,Casse
843,2025-05-16,70,195,197,2,Casse
844,2025-05-16,96,110,105,-5,Retour non enregistré
845,2025-05-16,119,37,40,3,Erreur saisie
846,2025-05-16,67,43,42,-1,Perte
847,2025-05-16,168,93,90,-3,
848,2025-05-16,98,129,130,1,Casse
849,2025-05-16,108,155,160,5,Perte
850,2025-05-16,122,112,107,-5,
851,2025-05-16,42,41,46,5,Retour non enregistré
852,2025-05-16,146,123,121,-2,
853,2025-05-16,17,115,111,-4,Retour non enregistré
854,2025-05-16,83,93,91,-2,Erreur saisie
855,2025-05-16,93,126,128,2,Erreur saisie
856,2025-05-16,72,104,101,-3,Erreur saisie
857,2025-05-16,131,28,24,-4,Perte
858,2025-05-16,123,41,41,0,Casse
859,2025-05-16,35,79,84,5,
860,2025-05-16,136,3,1,-2,Casse
861,2025-05-16,156,146,149,3,Erreur saisie
862,2025-05-16,46,101,103,2,Perte
863,2025-05-16,76,41,43,2,Perte
864,2025-05-16,171,223,227,4,Retour non enregistré
865,2025-05-16,199,21,20,-1,
866,2025-05-16,124,102,104,2,
867,2025-05-16,58,6,8,2,
868,2025-05-16,116,119,123,4,Perte
869,2025-05-16,91,117,115,-2,Retour non enregistré
870,2025-05-16,105,196,198,2,Perte
871,2025-10-08,3,202,203,1,Retour non enregistré
872,2025-10-08,126,4,5,1,Retour non enregistré
873,2025-10-08,129,191,192,1,
874,2025-10-08,35,79,79,0,Retour non enregistré
875,2025-10-08,173,55,52,-3,
876,2025-10-08,146,123,124,1,Casse
877,2025-10-08,152,14,11,-3,Erreur saisie
878,2025-10-08,62,5,2,-3,
879,2025-10-08,101,78,81,3,
880,2025-10-08,103,58,61,3,
881,2025-10-08,119,37,42,5,
882,2025-10-08,17,115,116,1,Perte
883,2025-10-08,61,9,12,3,
884,2025-10-08,164,87,91,4,Perte
885,2025-10-08,80,4,9,5,Casse
886,2025-10-08,11,54,59,5,Retour non enregistré
887,2025-10-08,160,90,91,1,
888,2025-10-08,95,25,23,-2,Retour non enregistré
889,2025-10-08,12,9,14,5,Erreur saisie
890,2025-10-08,37,212,209,-3,Erreur saisie
891,2025-10-08,107,122,120,-2,Casse
892,2025-10-08,72,104,108,4,Perte
893,2025-10-08,176,7,4,-3,Perte
894,2025-10-08,20,242,246,4,
895,2025-10-08,139,16,19,3,Erreur saisie
896,2025-10-08,114,137,136,-1,Perte
897,2025-10-08,48,178,173,-5,Retour non enregistré
898,2025-10-08,57,72,67,-5,Casse
899,2025-10-08,137,147,144,-3,Retour non enregistré
900,2025-10-08,153,3,6,3,Perte
901,2026-02-04,47,23,28,5,Perte
902,2026-02-04,9,9,13,4,
903,2026-02-04,64,128,132,4,Erreur saisie
904,2026-02-04,67,43,44,1,Casse
905,2026-02-04,194,158,162,4,
906,2026-02-04,154,192,190,-2,Erreur saisie
907,2026-02-04,198,216,217,1,Casse
908,2026-02-04,75,105,100,-5,Erreur saisie
909,2026-02-04,200,96,93,-3,
910,2026-02-04,196,20,23,3,Erreur saisie
911,2026-02-04,188,156,156,0,Perte
912,2026-02-04,185,103,107,4,
913,2026-02-04,55,95,90,-5,
914,2026-02-04,12,9,14,5,Erreur saisie
915,2026-02-04,83,93,94,1,Erreur saisie
916,2026-02-04,99,225,223,-2,
917,2026-02-04,129,191,188,-3,Perte
918,2026-02-04,37,212,214,2,Casse
919,2026-02-04,32,44,49,5,Erreur saisie
920,2026-02-04,163,91,92,1,Erreur saisie
921,2026-02-04,182,129,128,-1,Retour non enregistré
922,2026-02-04,15,134,139,5,Perte
923,2026-02-04,192,48,51,3,Casse
924,2026-02-04,53,206,209,3,Casse
925,2026-02-04,17,115,116,1,
926,2026-02-04,10,255,252,-3,Retour non enregistré
927,2026-02-04,61,9,11,2,Casse
928,2026-02-04,140,182,186,4,Retour non enregistré
929,2026-02-04,2,21,17,-4,Perte
930,2026-02-04,184,168,169,1,
931,2025-07-19,111,17,14,-3,Erreur saisie
932,2025-07-19,49,83,79,-4,Casse
933,2025-07-19,82,102,100,-2,
934,2025-07-19,91,117,118,1,
935,2025-07-19,67,43,38,-5,Retour non enregistré
936,2025-07-19,45,145,144,-1,Erreur saisie
937,2025-07-19,7,36,33,-3,Erreur saisie
938,2025-07-19,26,64,69,5,
939,2025-07-19,30,81,86,5,Erreur saisie
940,2025-07-19,122,112,107,-5,
941,2025-07-19,171,223,222,-1,Retour non enregistré
942,2025-07-19,53,206,208,2,Erreur saisie
943,2025-07-19,140,182,182,0,Casse
944,2025-07-19,153,3,2,-1,Perte
945,2025-07-19,156,146,143,-3,Casse
946,2025-07-19,33,118,122,4,Perte
947,2025-07-19,24,178,183,5,Casse
948,2025-07-19,72,104,99,-5,
949,2025-07-19,107,122,122,0,
950,2025-07-19,32,44,46,2,
951,2025-07-19,23,71,70,-1,Erreur saisie
952,2025-07-19,150,48,48,0,Perte
953,2025-07-19,181,255,252,-3,Retour non enregistré
954,2025-07-19,148,83,80,-3,Casse
955,2025-07-19,131,28,24,-4,Casse
956,2025-07-19,52,72,71,-1,
957,2025-07-19,147,28,31,3,Erreur saisie
958,2025-07-19,192,48,48,0,Perte
959,2025-07-19,56,38,36,-2,
960,2025-07-19,76,41,37,-4,Casse
961,2025-04-11,164,87,83,-4,Retour non enregistré
962,2025-04-11,90,57,56,-1,Retour non enregistré
963,2025-04-11,27,160,163,3,Erreur saisie
964,2025-04-11,104,108,107,-1,Erreur saisie
965,2025-04-11,68,65,61,-4,
966,2025-04-11,157,46,41,-5,Perte
967,2025-04-11,138,86,81,-5,Erreur saisie
968,2025-04-11,171,223,226,3,Retour non enregistré
969,2025-04-11,125,25,23,-2,Perte
970,2025-04-11,107,122,118,-4,Retour non enregistré
971,2025-04-11,117,51,51,0,Perte
972,2025-04-11,69,77,75,-2,Erreur saisie
973,2025-04-11,111,17,18,1,Casse
974,2025-04-11,131,28,28,0,Casse
975,2025-04-11,71,50,54,4,Casse
976,2025-04-11,190,48,43,-5,Retour non enregistré
977,2025-04-11,168,93,90,-3,Casse
978,2025-04-11,154,192,190,-2,
979,2025-04-11,158,174,173,-1,Retour non enregistré
980,2025-04-11,13,111,107,-4,Retour non enregistré
981,2025-04-11,197,137,138,1,Casse
982,2025-04-11,34,27,27,0,
983,2025-04-11,96,110,115,5,Perte
984,2025-04-11,19,45,42,-3,Casse
985,2025-04-11,75,105,101,-4,
986,2025-04-11,93,126,125,-1,
987,2025-04-11,183,27,24,-3,Erreur saisie
988,2025-04-11,56,38,40,2,Perte
989,2025-04-11,8,51,50,-1,
990,2025-04-11,160,90,89,-1,Casse
991,2026-02-27,43,213,211,-2,Casse
992,2026-02-27,200,96,95,-1,Perte
993,2026-02-27,30,81,84,3,Retour non enregistré
994,2026-02-27,27,160,162,2,
995,2026-02-27,175,78,75,-3,Perte
996,2026-02-27,16,51,53,2,Perte
997,2026-02-27,131,28,30,2,Erreur saisie
998,2026-02-27,28,9,11,2,
999,2026-02-27,31,24,19,-5,Perte
1000,2026-02-27,192,48,50,2,Retour non enregistré
1001,2026-02-27,150,48,51,3,Casse
1002,2026-02-27,35,79,77,-2,Perte
1003,2026-02-27,177,97,98,1,Retour non enregistré
1004,2026-02-27,198,216,214,-2,Perte
1005,2026-02-27,93,126,122,-4,Perte
1006,2026-02-27,39,65,68,3,Retour non enregistré
1007,2026-02-27,9,9,8,-1,Perte
1008,2026-02-27,1,77,74,-3,Erreur saisie
1009,2026-02-27,4,25,20,-5,Perte
1010,2026-02-27,151,57,62,5,Perte
1011,2026-02-27,187,195,199,4,Erreur saisie
1012,2026-02-27,145,32,34,2,Perte
1013,2026-02-27,111,17,16,-1,Casse
1014,2026-02-27,89,96,95,-1,Erreur saisie
1015,2026-02-27,109,120,115,-5,Retour non enregistré
1016,2026-02-27,194,158,162,4,Perte
1017,2026-02-27,83,93,90,-3,Erreur saisie
1018,2026-02-27,68,65,70,5,Perte
1019,2026-02-27,98,129,129,0,Retour non enregistré
1020,2026-02-27,136,3,5,2,Retour non enregistré
1021,2025-10-09,103,58,61,3,Erreur saisie
1022,2025-10-09,120,17,22,5,Retour non enregistré
1023,2025-10-09,137,147,147,0,
1024,2025-10-09,104,108,105,-3,Perte
1025,2025-10-09,185,103,102,-1,
1026,2025-10-09,152,14,18,4,Casse
1027,2025-10-09,27,160,155,-5,Retour non enregistré
1028,2025-10-09,63,124,126,2,Erreur saisie
1029,2025-10-09,67,43,38,-5,Casse
1030,2025-10-09,9,9,11,2,Perte
1031,2025-10-09,139,16,21,5,Casse
1032,2025-10-09,162,43,47,4,
1033,2025-10-09,41,91,94,3,Retour non enregistré
1034,2025-10-09,38,165,168,3,Erreur saisie
1035,2025-10-09,78,33,33,0,
1036,2025-10-09,25,95,96,1,Perte
1037,2025-10-09,7,36,31,-5,Retour non enregistré
1038,2025-10-09,148,83,84,1,Casse
1039,2025-10-09,5,72,73,1,Perte
1040,2025-10-09,36,45,48,3,Erreur saisie
1041,2025-10-09,22,143,144,1,Retour non enregistré
1042,2025-10-09,20,242,237,-5,Erreur saisie
1043,2025-10-09,60,70,72,2,Retour non enregistré
1044,2025-10-09,112,92,91,-1,
1045,2025-10-09,174,36,38,2,Casse
1046,2025-10-09,10,255,255,0,Casse
1047,2025-10-09,15,134,132,-2,Retour non enregistré
1048,2025-10-09,87,74,72,-2,Casse
1049,2025-10-09,116,119,119,0,Retour non enregistré
1050,2025-10-09,130,11,15,4,
1051,2025-10-06,59,9,13,4,Erreur saisie
1052,2025-10-06,56,38,41,3,Retour non enregistré
1053,2025-10-06,120,17,14,-3,Perte
1054,2025-10-06,71,50,54,4,Perte
1055,2025-10-06,18,159,157,-2,
1056,2025-10-06,95,25,20,-5,
1057,2025-10-06,165,42,39,-3,Erreur saisie
1058,2025-10-06,115,40,39,-1,Erreur saisie
1059,2025-10-06,39,65,65,0,Casse
1060,2025-10-06,136,3,0,-3,Casse
1061,2025-10-06,28,9,13,4,Casse
1062,2025-10-06,45,145,145,0,Retour non enregistré
1063,2025-10-06,37,212,209,-3,Perte
1064,2025-10-06,105,196,201,5,Retour non enregistré
1065,2025-10-06,68,65,64,-1,Perte
1066,2025-10-06,118,149,153,4,Casse
1067,2025-10-06,134,57,58,1,Retour non enregistré
1068,2025-10-06,114,137,135,-2,Erreur saisie
1069,2025-10-06,79,118,122,4,Perte
1070,2025-10-06,191,25,21,-4,Erreur saisie
1071,2025-10-06,113,206,202,-4,
1072,2025-10-06,97,99,100,1,Retour non enregistré
1073,2025-10-06,49,83,79,-4,Erreur saisie
1074,2025-10-06,38,165,165,0,Retour non enregistré
1075,2025-10-06,157,46,49,3,
1076,2025-10-06,67,43,44,1,Perte
1077,2025-10-06,177,97,97,0,Retour non enregistré
1078,2025-10-06,197,137,140,3,
1079,2025-10-06,126,4,7,3,Casse
1080,2025-10-06,78,33,35,2,
1081,2025-06-21,19,45,46,1,Erreur saisie
1082,2025-06-21,13,111,108,-3,Perte
1083,2025-06-21,133,56,58,2,Retour non enregistré
1084,2025-06-21,95,25,29,4,
1085,2025-06-21,81,136,132,-4,Perte
1086,2025-06-21,92,129,130,1,
1087,2025-06-21,67,43,46,3,Retour non enregistré
1088,2025-06-21,16,51,54,3,Erreur saisie
1089,2025-06-21,178,23,28,5,
1090,2025-06-21,172,87,83,-4,Perte
1091,2025-06-21,119,37,42,5,Casse
1092,2025-06-21,70,195,191,-4,
1093,2025-06-21,49,83,88,5,Casse
1094,2025-06-21,75,105,103,-2,Erreur saisie
1095,2025-06-21,138,86,90,4,Erreur saisie
1096,2025-06-21,109,120,121,1,
1097,2025-06-21,118,149,152,3,Perte
1098,2025-06-21,157,46,43,-3,Erreur saisie
1099,2025-06-21,18,159,160,1,Perte
1100,2025-06-21,143,95,98,3,Retour non enregistré
1101,2025-06-21,52,72,74,2,
1102,2025-06-21,159,142,146,4,
1103,2025-06-21,102,49,45,-4,
1104,2025-06-21,64,128,131,3,
1105,2025-06-21,168,93,94,1,Erreur saisie
1106,2025-06-21,65,66,67,1,
1107,2025-06-21,17,115,110,-5,Casse
1108,2025-06-21,103,58,55,-3,Casse
1109,2025-06-21,39,65,70,5,Retour non enregistré
1110,2025-06-21,115,40,38,-2,Retour non enregistré
1111,2025-11-18,93,126,121,-5,Perte
1112,2025-11-18,13,111,106,-5,Perte
1113,2025-11-18,159,142,138,-4,Casse
1114,2025-11-18,1,77,77,0,Retour non enregistré
1115,2025-11-18,54,62,59,-3,Erreur saisie
1116,2025-11-18,129,191,189,-2,Erreur saisie
1117,2025-11-18,44,27,29,2,
1118,2025-11-18,24,178,176,-2,Retour non enregistré
1119,2025-11-18,200,96,91,-5,Retour non enregistré
1120,2025-11-18,136,3,3,0,
1121,2025-11-18,189,150,153,3,
1122,2025-11-18,109,120,125,5,Perte
1123,2025-11-18,194,158,154,-4,
1124,2025-11-18,172,87,83,-4,Casse
1125,2025-11-18,86,40,44,4,Casse
1126,2025-11-18,27,160,160,0,Retour non enregistré
1127,2025-11-18,16,51,47,-4,Retour non enregistré
1128,2025-11-18,31,24,27,3,Casse
1129,2025-11-18,59,9,13,4,Perte
1130,2025-11-18,43,213,208,-5,Erreur saisie
1131,2025-11-18,25,95,97,2,Erreur saisie
1132,2025-11-18,174,36,32,-4,Casse
1133,2025-11-18,91,117,112,-5,Retour non enregistré
1134,2025-11-18,83,93,90,-3,Retour non enregistré
1135,2025-11-18,122,112,112,0,Retour non enregistré
1136,2025-11-18,161,254,253,-1,Perte
1137,2025-11-18,51,58,53,-5,Perte
1138,2025-11-18,34,27,26,-1,
1139,2025-11-18,176,7,11,4,Erreur saisie
1140,2025-11-18,154,192,190,-2,Perte
1141,2025-09-09,86,40,38,-2,Erreur saisie
1142,2025-09-09,42,41,42,1,Retour non enregistré
1143,2025-09-09,17,115,118,3,Erreur saisie
1144,2025-09-09,93,126,131,5,Retour non enregistré
1145,2025-09-09,96,110,108,-2,Retour non enregistré
1146,2025-09-09,15,134,135,1,Erreur saisie
1147,2025-09-09,167,142,137,-5,Casse
1148,2025-09-09,44,27,26,-1,Perte
1149,2025-09-09,113,206,202,-4,Casse
1150,2025-09-09,116,119,119,0,Perte
1151,2025-09-09,29,56,54,-2,Perte
1152,2025-09-09,49,83,78,-5,Erreur saisie
1153,2025-09-09,100,24,26,2,Perte
1154,2025-09-09,157,46,41,-5,Erreur saisie
1155,2025-09-09,165,42,42,0,Erreur saisie
1156,2025-09-09,172,87,90,3,
1157,2025-09-09,123,41,41,0,Erreur saisie
1158,2025-09-09,198,216,219,3,Retour non enregistré
1159,2025-09-09,147,28,30,2,Perte
1160,2025-09-09,130,11,7,-4,Retour non enregistré
1161,2025-09-09,70,195,194,-1,Perte
1162,2025-09-09,156,146,145,-1,Perte
1163,2025-09-09,82,102,98,-4,Erreur saisie
1164,2025-09-09,19,45,47,2,Casse
1165,2025-09-09,55,95,90,-5,Casse
1166,2025-09-09,180,0,0,0,Erreur saisie
1167,2025-09-09,24,178,179,1,
1168,2025-09-09,57,72,76,4,Erreur saisie
1169,2025-09-09,9,9,10,1,
1170,2025-09-09,112,92,89,-3,Erreur saisie
1171,2026-02-06,20,242,243,1,Perte
1172,2026-02-06,125,25,23,-2,Retour non enregistré
1173,2026-02-06,109,120,115,-5,Casse
1174,2026-02-06,93,126,122,-4,Erreur saisie
1175,2026-02-06,9,9,14,5,
1176,2026-02-06,32,44,41,-3,Erreur saisie
1177,2026-02-06,46,101,100,-1,Perte
1178,2026-02-06,136,3,0,-3,Perte
1179,2026-02-06,163,91,90,-1,Perte
1180,2026-02-06,13,111,115,4,Perte
1181,2026-02-06,192,48,50,2,
1182,2026-02-06,118,149,150,1,
1183,2026-02-06,176,7,5,-2,Casse
1184,2026-02-06,180,0,1,1,Retour non enregistré
1185,2026-02-06,117,51,52,1,Perte
1186,2026-02-06,42,41,37,-4,Casse
1187,2026-02-06,24,178,177,-1,Perte
1188,2026-02-06,40,35,32,-3,Erreur saisie
1189,2026-02-06,22,143,146,3,Retour non enregistré
1190,2026-02-06,37,212,212,0,
1191,2026-02-06,33,118,117,-1,
1192,2026-02-06,121,6,3,-3,Retour non enregistré
1193,2026-02-06,112,92,89,-3,Perte
1194,2026-02-06,71,50,50,0,Perte
1195,2026-02-06,39,65,65,0,Perte
1196,2026-02-06,88,190,186,-4,
1197,2026-02-06,21,41,45,4,Retour non enregistré
1198,2026-02-06,45,145,145,0,Retour non enregistré
1199,2026-02-06,80,4,6,2,Retour non enregistré
1200,2026-02-06,38,165,160,-5,
1201,2025-11-15,51,58,60,2,Erreur saisie
1202,2025-11-15,162,43,38,-5,Perte
1203,2025-11-15,90,57,53,-4,Casse
1204,2025-11-15,164,87,89,2,Casse
1205,2025-11-15,15,134,131,-3,Perte
1206,2025-11-15,103,58,62,4,Perte
1207,2025-11-15,121,6,10,4,Erreur saisie
1208,2025-11-15,129,191,190,-1,Casse
1209,2025-11-15,179,65,65,0,Erreur saisie
1210,2025-11-15,102,49,50,1,
1211,2025-11-15,71,50,45,-5,Casse
1212,2025-11-15,176,7,3,-4,Erreur saisie
1213,2025-11-15,171,223,226,3,
1214,2025-11-15,48,178,173,-5,
1215,2025-11-15,50,45,45,0,Casse
1216,2025-11-15,198,216,212,-4,Perte
1217,2025-11-15,158,174,172,-2,Casse
1218,2025-11-15,19,45,41,-4,Casse
1219,2025-11-15,52,72,72,0,Casse
1220,2025-11-15,93,126,122,-4,Erreur saisie
1221,2025-11-15,104,108,106,-2,Casse
1222,2025-11-15,114,137,134,-3,Erreur saisie
1223,2025-11-15,142,153,157,4,Perte
1224,2025-11-15,122,112,111,-1,Erreur saisie
1225,2025-11-15,125,25,28,3,Retour non enregistré
1226,2025-11-15,183,27,24,-3,
1227,2025-11-15,78,33,34,1,Casse
1228,2025-11-15,33,118,114,-4,Perte
1229,2025-11-15,120,17,12,-5,Casse
1230,2025-11-15,154,192,187,-5,Perte
1231,2025-10-17,23,71,69,-2,
1232,2025-10-17,184,168,167,-1,Erreur saisie
1233,2025-10-17,93,126,122,-4,
1234,2025-10-17,2,21,22,1,Casse
1235,2025-10-17,119,37,35,-2,Retour non enregistré
1236,2025-10-17,46,101,96,-5,Erreur saisie
1237,2025-10-17,58,6,10,4,
1238,2025-10-17,134,57,57,0,Retour non enregistré
1239,2025-10-17,168,93,93,0,Retour non enregistré
1240,2025-10-17,192,48,49,1,
1241,2025-10-17,152,14,19,5,Erreur saisie
1242,2025-10-17,87,74,77,3,Casse
1243,2025-10-17,75,105,104,-1,Casse
1244,2025-10-17,43,213,215,2,
1245,2025-10-17,140,182,182,0,Casse
1246,2025-10-17,114,137,140,3,Retour non enregistré
1247,2025-10-17,84,181,186,5,Erreur saisie
1248,2025-10-17,129,191,191,0,
1249,2025-10-17,36,45,46,1,Perte
1250,2025-10-17,146,123,123,0,
1251,2025-10-17,64,128,123,-5,Casse
1252,2025-10-17,5,72,72,0,Perte
1253,2025-10-17,176,7,3,-4,Perte
1254,2025-10-17,74,73,74,1,Casse
1255,2025-10-17,39,65,68,3,Perte
1256,2025-10-17,165,42,40,-2,Casse
1257,2025-10-17,9,9,7,-2,Erreur saisie
1258,2025-10-17,128,44,49,5,Casse
1259,2025-10-17,21,41,45,4,Erreur saisie
1260,2025-10-17,4,25,23,-2,Retour non enregistré
1261,2025-06-07,169,63,64,1,Perte
1262,2025-06-07,189,150,152,2,
1263,2025-06-07,154,192,192,0,
1264,2025-06-07,43,213,212,-1,
1265,2025-06-07,92,129,130,1,Erreur saisie
1266,2025-06-07,4,25,26,1,Retour non enregistré
1267,2025-06-07,191,25,22,-3,Erreur saisie
1268,2025-06-07,5,72,69,-3,Casse
1269,2025-06-07,179,65,65,0,Erreur saisie
1270,2025-06-07,3,202,206,4,Retour non enregistré
1271,2025-06-07,194,158,156,-2,
1272,2025-06-07,78,33,38,5,Casse
1273,2025-06-07,105,196,191,-5,
1274,2025-06-07,55,95,97,2,Perte
1275,2025-06-07,188,156,157,1,Erreur saisie
1276,2025-06-07,177,97,93,-4,Erreur saisie
1277,2025-06-07,120,17,12,-5,Casse
1278,2025-06-07,21,41,38,-3,Perte
1279,2025-06-07,176,7,4,-3,Retour non enregistré
1280,2025-06-07,70,195,195,0,Perte
1281,2025-06-07,87,74,72,-2,Perte
1282,2025-06-07,167,142,142,0,Perte
1283,2025-06-07,127,195,198,3,Casse
1284,2025-06-07,131,28,29,1,Retour non enregistré
1285,2025-06-07,162,43,44,1,Erreur saisie
1286,2025-06-07,149,31,31,0,
1287,2025-06-07,102,49,46,-3,
1288,2025-06-07,59,9,12,3,
1289,2025-06-07,41,91,88,-3,Casse
1290,2025-06-07,13,111,106,-5,Casse
1291,2025-03-29,176,7,4,-3,Erreur saisie
1292,2025-03-29,20,242,238,-4,Casse
1293,2025-03-29,109,120,124,4,Retour non enregistré
1294,2025-03-29,41,91,91,0,
1295,2025-03-29,175,78,80,2,Perte
1296,2025-03-29,73,137,137,0,Perte
1297,2025-03-29,62,5,5,0,Perte
1298,2025-03-29,38,165,160,-5,Erreur saisie
1299,2025-03-29,119,37,35,-2,
1300,2025-03-29,26,64,65,1,Erreur saisie
1301,2025-03-29,153,3,6,3,Erreur saisie
1302,2025-03-29,95,25,30,5,Erreur saisie
1303,2025-03-29,156,146,150,4,Retour non enregistré
1304,2025-03-29,51,58,63,5,Erreur saisie
1305,2025-03-29,33,118,114,-4,Erreur saisie
1306,2025-03-29,141,101,99,-2,Casse
1307,2025-03-29,32,44,47,3,Casse
1308,2025-03-29,147,28,25,-3,
1309,2025-03-29,7,36,39,3,
1310,2025-03-29,70,195,191,-4,Retour non enregistré
1311,2025-03-29,101,78,80,2,Retour non enregistré
1312,2025-03-29,106,83,85,2,Casse
1313,2025-03-29,178,23,18,-5,Perte
1314,2025-03-29,14,175,175,0,Retour non enregistré
1315,2025-03-29,40,35,30,-5,Retour non enregistré
1316,2025-03-29,130,11,11,0,Retour non enregistré
1317,2025-03-29,169,63,68,5,Retour non enregistré
1318,2025-03-29,121,6,8,2,Erreur saisie
1319,2025-03-29,149,31,31,0,Retour non enregistré
1320,2025-03-29,6,115,118,3,Erreur saisie
1321,2025-03-04,72,104,106,2,Casse
1322,2025-03-04,164,87,90,3,
1323,2025-03-04,76,41,41,0,Casse
1324,2025-03-04,166,62,59,-3,
1325,2025-03-04,28,9,14,5,Casse
1326,2025-03-04,112,92,88,-4,Retour non enregistré
1327,2025-03-04,123,41,43,2,Retour non enregistré
1328,2025-03-04,191,25,27,2,Casse
1329,2025-03-04,34,27,29,2,Perte
1330,2025-03-04,152,14,9,-5,
1331,2025-03-04,165,42,38,-4,
1332,2025-03-04,129,191,194,3,Casse
1333,2025-03-04,177,97,94,-3,Retour non enregistré
1334,2025-03-04,18,159,155,-4,Retour non enregistré
1335,2025-03-04,59,9,8,-1,Perte
1336,2025-03-04,159,142,147,5,Casse
1337,2025-03-04,69,77,81,4,Casse
1338,2025-03-04,10,255,250,-5,Erreur saisie
1339,2025-03-04,86,40,36,-4,Perte
1340,2025-03-04,186,82,78,-4,Casse
1341,2025-03-04,91,117,122,5,Erreur saisie
1342,2025-03-04,119,37,39,2,
1343,2025-03-04,47,23,27,4,
1344,2025-03-04,33,118,115,-3,Casse
1345,2025-03-04,83,93,94,1,Retour non enregistré
1346,2025-03-04,115,40,45,5,Casse
1347,2025-03-04,74,73,70,-3,Casse
1348,2025-03-04,37,212,216,4,Perte
1349,2025-03-04,52,72,70,-2,
1350,2025-03-04,101,78,80,2,Perte
1351,2025-12-30,102,49,53,4,Casse
1352,2025-12-30,127,195,194,-1,Perte
1353,2025-12-30,80,4,6,2,Retour non enregistré
1354,2025-12-30,23,71,71,0,Retour non enregistré
1355,2025-12-30,192,48,49,1,
1356,2025-12-30,68,65,64,-1,Perte
1357,2025-12-30,133,56,61,5,Perte
1358,2025-12-30,60,70,73,3,
1359,2025-12-30,26,64,69,5,Casse
1360,2025-12-30,86,40,41,1,Retour non enregistré
1361,2025-12-30,118,149,154,5,
1362,2025-12-30,130,11,8,-3,Erreur saisie
1363,2025-12-30,22,143,141,-2,
1364,2025-12-30,184,168,168,0,Erreur saisie
1365,2025-12-30,92,129,125,-4,Perte
1366,2025-12-30,36,45,49,4,Casse
1367,2025-12-30,107,122,127,5,Retour non enregistré
1368,2025-12-30,16,51,49,-2,Erreur saisie
1369,2025-12-30,200,96,93,-3,
1370,2025-12-30,198,216,218,2,Perte
1371,2025-12-30,65,66,68,2,Casse
1372,2025-12-30,156,146,149,3,Erreur saisie
1373,2025-12-30,9,9,5,-4,Erreur saisie
1374,2025-12-30,12,9,9,0,Perte
1375,2025-12-30,58,6,1,-5,Erreur saisie
1376,2025-12-30,141,101,102,1,Casse
1377,2025-12-30,157,46,49,3,
1378,2025-12-30,29,56,61,5,
1379,2025-12-30,11,54,56,2,Casse
1380,2025-12-30,116,119,124,5,Retour non enregistré
1381,2025-08-02,54,62,60,-2,Casse
1382,2025-08-02,133,56,57,1,Erreur saisie
1383,2025-08-02,113,206,201,-5,Retour non enregistré
1384,2025-08-02,135,83,85,2,Casse
1385,2025-08-02,87,74,79,5,Casse
1386,2025-08-02,49,83,87,4,Perte
1387,2025-08-02,154,192,196,4,
1388,2025-08-02,139,16,17,1,Erreur saisie
1389,2025-08-02,161,254,257,3,
1390,2025-08-02,12,9,10,1,
1391,2025-08-02,102,49,51,2,Erreur saisie
1392,2025-08-02,119,37,35,-2,Retour non enregistré
1393,2025-08-02,147,28,24,-4,
1394,2025-08-02,35,79,83,4,Retour non enregistré
1395,2025-08-02,65,66,71,5,Erreur saisie
1396,2025-08-02,193,58,56,-2,Erreur saisie
1397,2025-08-02,30,81,80,-1,Retour non enregistré
1398,2025-08-02,156,146,151,5,Erreur saisie
1399,2025-08-02,108,155,153,-2,Perte
1400,2025-08-02,106,83,86,3,Retour non enregistré
1401,2025-08-02,137,147,145,-2,
1402,2025-08-02,79,118,115,-3,Retour non enregistré
1403,2025-08-02,40,35,38,3,Erreur saisie
1404,2025-08-02,194,158,163,5,Retour non enregistré
1405,2025-08-02,38,165,168,3,Erreur saisie
1406,2025-08-02,62,5,10,5,Erreur saisie
1407,2025-08-02,145,32,27,-5,Casse
1408,2025-08-02,20,242,241,-1,
1409,2025-08-02,45,145,148,3,Erreur saisie
1410,2025-08-02,44,27,26,-1,Casse
1411,2025-06-23,74,73,72,-1,Erreur saisie
1412,2025-06-23,66,16,13,-3,Erreur saisie
1413,2025-06-23,137,147,150,3,Retour non enregistré
1414,2025-06-23,112,92,90,-2,Perte
1415,2025-06-23,138,86,88,2,
1416,2025-06-23,157,46,41,-5,Erreur saisie
1417,2025-06-23,167,142,143,1,Retour non enregistré
1418,2025-06-23,109,120,115,-5,Casse
1419,2025-06-23,142,153,150,-3,Perte
1420,2025-06-23,58,6,1,-5,Casse
1421,2025-06-23,155,97,92,-5,Casse
1422,2025-06-23,44,27,29,2,Erreur saisie
1423,2025-06-23,147,28,28,0,
1424,2025-06-23,37,212,213,1,Retour non enregistré
1425,2025-06-23,100,24,23,-1,Casse
1426,2025-06-23,179,65,67,2,Erreur saisie
1427,2025-06-23,126,4,0,-4,Casse
1428,2025-06-23,31,24,25,1,Retour non enregistré
1429,2025-06-23,182,129,126,-3,Casse
1430,2025-06-23,50,45,47,2,
1431,2025-06-23,67,43,44,1,Casse
1432,2025-06-23,130,11,12,1,Erreur saisie
1433,2025-06-23,192,48,45,-3,
1434,2025-06-23,27,160,155,-5,Erreur saisie
1435,2025-06-23,80,4,6,2,Casse
1436,2025-06-23,134,57,57,0,Erreur saisie
1437,2025-06-23,76,41,36,-5,Retour non enregistré
1438,2025-06-23,71,50,55,5,
1439,2025-06-23,45,145,144,-1,Perte
1440,2025-06-23,55,95,99,4,
1441,2025-05-19,21,41,38,-3,Perte
1442,2025-05-19,89,96,100,4,
1443,2025-05-19,131,28,29,1,
1444,2025-05-19,195,64,59,-5,Casse
1445,2025-05-19,162,43,41,-2,Erreur saisie
1446,2025-05-19,155,97,92,-5,
1447,2025-05-19,56,38,38,0,Casse
1448,2025-05-19,145,32,37,5,Perte
1449,2025-05-19,36,45,43,-2,
1450,2025-05-19,174,36,33,-3,Erreur saisie
1451,2025-05-19,9,9,12,3,Casse
1452,2025-05-19,154,192,197,5,
1453,2025-05-19,44,27,31,4,Retour non enregistré
1454,2025-05-19,42,41,38,-3,Retour non enregistré
1455,2025-05-19,185,103,98,-5,
1456,2025-05-19,118,149,144,-5,Casse
1457,2025-05-19,200,96,100,4,Perte
1458,2025-05-19,113,206,211,5,Perte
1459,2025-05-19,188,156,159,3,Retour non enregistré
1460,2025-05-19,78,33,28,-5,Perte
1461,2025-05-19,66,16,13,-3,Casse
1462,2025-05-19,40,35,32,-3,Retour non enregistré
1463,2025-05-19,35,79,75,-4,Retour non enregistré
1464,2025-05-19,61,9,11,2,Perte
1465,2025-05-19,33,118,116,-2,Casse
1466,2025-05-19,170,183,180,-3,Erreur saisie
1467,2025-05-19,63,124,119,-5,Erreur saisie
1468,2025-05-19,95,25,27,2,Perte
1469,2025-05-19,196,20,15,-5,Erreur saisie
1470,2025-05-19,160,90,87,-3,Retour non enregistré
1471,2025-08-28,23,71,76,5,Retour non enregistré
1472,2025-08-28,122,112,108,-4,Erreur saisie
1473,2025-08-28,3,202,203,1,Perte
1474,2025-08-28,183,27,24,-3,Perte
1475,2025-08-28,199,21,26,5,Retour non enregistré
1476,2025-08-28,171,223,218,-5,Perte
1477,2025-08-28,106,83,80,-3,Perte
1478,2025-08-28,114,137,135,-2,
1479,2025-08-28,182,129,124,-5,Perte
1480,2025-08-28,118,149,152,3,
1481,2025-08-28,90,57,62,5,Casse
1482,2025-08-28,147,28,27,-1,Casse
1483,2025-08-28,95,25,30,5,Casse
1484,2025-08-28,128,44,49,5,Casse
1485,2025-08-28,119,37,36,-1,Casse
1486,2025-08-28,1,77,82,5,Erreur saisie
1487,2025-08-28,80,4,9,5,Erreur saisie
1488,2025-08-28,135,83,85,2,Perte
1489,2025-08-28,195,64,63,-1,Perte
1490,2025-08-28,62,5,8,3,Erreur saisie
1491,2025-08-28,44,27,23,-4,Retour non enregistré
1492,2025-08-28,25,95,99,4,Perte
1493,2025-08-28,94,71,67,-4,Erreur saisie
1494,2025-08-28,162,43,43,0,
1495,2025-08-28,109,120,121,1,Casse
1496,2025-08-28,49,83,84,1,Casse
1497,2025-08-28,36,45,43,-2,Casse
1498,2025-08-28,64,128,127,-1,Casse
1499,2025-08-28,193,58,53,-5,Retour non enregistré
1500,2025-08-28,63,124,121,-3,Erreur saisie
1501,2026-02-22,31,24,23,-1,Casse
1502,2026-02-22,199,21,24,3,Perte
1503,2026-02-22,59,9,9,0,Retour non enregistré
1504,2026-02-22,43,213,218,5,Erreur saisie
1505,2026-02-22,181,255,254,-1,Casse
1506,2026-02-22,171,223,224,1,
1507,2026-02-22,183,27,24,-3,Perte
1508,2026-02-22,126,4,0,-4,Retour non enregistré
1509,2026-02-22,4,25,23,-2,
1510,2026-02-22,129,191,190,-1,Retour non enregistré
1511,2026-02-22,187,195,192,-3,
1512,2026-02-22,149,31,29,-2,Erreur saisie
1513,2026-02-22,185,103,102,-1,Perte
1514,2026-02-22,163,91,86,-5,Retour non enregistré
1515,2026-02-22,56,38,37,-1,Perte
1516,2026-02-22,10,255,254,-1,Retour non enregistré
1517,2026-02-22,12,9,7,-2,Casse
1518,2026-02-22,115,40,44,4,
1519,2026-02-22,21,41,44,3,Retour non enregistré
1520,2026-02-22,74,73,75,2,Casse
1521,2026-02-22,38,165,167,2,Casse
1522,2026-02-22,76,41,43,2,Casse
1523,2026-02-22,79,118,122,4,Erreur saisie
1524,2026-02-22,169,63,64,1,Perte
1525,2026-02-22,117,51,47,-4,Erreur saisie
1526,2026-02-22,101,78,75,-3,Retour non enregistré
1527,2026-02-22,26,64,59,-5,Retour non enregistré
1528,2026-02-22,118,149,153,4,Retour non enregistré
1529,2026-02-22,120,17,16,-1,
1530,2026-02-22,6,115,115,0,Perte
1531,2026-01-20,186,82,85,3,Casse
1532,2026-01-20,132,230,235,5,
1533,2026-01-20,57,72,76,4,Erreur saisie
1534,2026-01-20,79,118,121,3,
1535,2026-01-20,44,27,23,-4,Erreur saisie
1536,2026-01-20,197,137,138,1,Perte
1537,2026-01-20,23,71,66,-5,
1538,2026-01-20,18,159,162,3,Erreur saisie
1539,2026-01-20,12,9,8,-1,Casse
1540,2026-01-20,96,110,105,-5,Retour non enregistré
1541,2026-01-20,141,101,99,-2,Erreur saisie
1542,2026-01-20,136,3,3,0,
1543,2026-01-20,139,16,15,-1,Casse
1544,2026-01-20,138,86,91,5,
1545,2026-01-20,46,101,98,-3,
1546,2026-01-20,131,28,32,4,
1547,2026-01-20,142,153,158,5,Casse
1548,2026-01-20,122,112,111,-1,Erreur saisie
1549,2026-01-20,37,212,211,-1,Erreur saisie
1550,2026-01-20,67,43,39,-4,
1551,2026-01-20,144,12,14,2,
1552,2026-01-20,5,72,68,-4,Casse
1553,2026-01-20,105,196,192,-4,Erreur saisie
1554,2026-01-20,171,223,228,5,Perte
1555,2026-01-20,89,96,99,3,
1556,2026-01-20,101,78,82,4,Perte
1557,2026-01-20,170,183,180,-3,Retour non enregistré
1558,2026-01-20,178,23,19,-4,
1559,2026-01-20,125,25,29,4,
1560,2026-01-20,173,55,56,1,Erreur saisie
1561,2026-02-26,64,128,125,-3,
1562,2026-02-26,41,91,96,5,Casse
1563,2026-02-26,123,41,37,-4,Casse
1564,2026-02-26,55,95,98,3,Casse
1565,2026-02-26,13,111,109,-2,Erreur saisie
1566,2026-02-26,112,92,88,-4,Casse
1567,2026-02-26,62,5,4,-1,
1568,2026-02-26,65,66,70,4,Casse
1569,2026-02-26,71,50,49,-1,Perte
1570,2026-02-26,63,124,127,3,Retour non enregistré
1571,2026-02-26,110,51,47,-4,Erreur saisie
1572,2026-02-26,39,65,60,-5,
1573,2026-02-26,146,123,118,-5,
1574,2026-02-26,150,48,51,3,Erreur saisie
1575,2026-02-26,11,54,49,-5,Retour non enregistré
1576,2026-02-26,49,83,84,1,Retour non enregistré
1577,2026-02-26,187,195,199,4,Retour non enregistré
1578,2026-02-26,76,41,36,-5,Erreur saisie
1579,2026-02-26,139,16,17,1,Erreur saisie
1580,2026-02-26,30,81,86,5,Perte
1581,2026-02-26,25,95,90,-5,Erreur saisie
1582,2026-02-26,169,63,68,5,Perte
1583,2026-02-26,22,143,139,-4,Perte
1584,2026-02-26,199,21,18,-3,Erreur saisie
1585,2026-02-26,148,83,81,-2,Casse
1586,2026-02-26,124,102,106,4,Erreur saisie
1587,2026-02-26,109,120,121,1,Perte
1588,2026-02-26,193,58,55,-3,Retour non enregistré
1589,2026-02-26,2,21,19,-2,Retour non enregistré
1590,2026-02-26,120,17,21,4,Retour non enregistré
1591,2025-06-20,69,77,76,-1,
1592,2025-06-20,3,202,206,4,Retour non enregistré
1593,2025-06-20,163,91,93,2,Casse
1594,2025-06-20,137,147,148,1,Erreur saisie
1595,2025-06-20,6,115,112,-3,Casse
1596,2025-06-20,33,118,119,1,Perte
1597,2025-06-20,182,129,127,-2,Casse
1598,2025-06-20,12,9,6,-3,
1599,2025-06-20,131,28,27,-1,Erreur saisie
1600,2025-06-20,85,9,10,1,Perte
1601,2025-06-20,167,142,144,2,Casse
1602,2025-06-20,46,101,104,3,Perte
1603,2025-06-20,96,110,106,-4,
1604,2025-06-20,76,41,46,5,
1605,2025-06-20,81,136,136,0,Perte
1606,2025-06-20,109,120,122,2,Erreur saisie
1607,2025-06-20,136,3,0,-3,Retour non enregistré
1608,2025-06-20,187,195,200,5,Casse
1609,2025-06-20,118,149,152,3,Erreur saisie
1610,2025-06-20,153,3,2,-1,Erreur saisie
1611,2025-06-20,154,192,187,-5,Casse
1612,2025-06-20,25,95,95,0,Retour non enregistré
1613,2025-06-20,124,102,98,-4,Retour non enregistré
1614,2025-06-20,42,41,42,1,Erreur saisie
1615,2025-06-20,119,37,40,3,Erreur saisie
1616,2025-06-20,133,56,56,0,Casse
1617,2025-06-20,7,36,34,-2,Perte
1618,2025-06-20,189,150,150,0,Retour non enregistré
1619,2025-06-20,117,51,53,2,Casse
1620,2025-06-20,43,213,209,-4,
1621,2025-06-28,95,25,23,-2,Perte
1622,2025-06-28,100,24,29,5,Erreur saisie
1623,2025-06-28,35,79,83,4,Casse
1624,2025-06-28,102,49,47,-2,Casse
1625,2025-06-28,157,46,44,-2,Erreur saisie
1626,2025-06-28,44,27,24,-3,
1627,2025-06-28,34,27,26,-1,Perte
1628,2025-06-28,199,21,22,1,Erreur saisie
1629,2025-06-28,144,12,16,4,Casse
1630,2025-06-28,80,4,3,-1,Casse
1631,2025-06-28,40,35,37,2,Erreur saisie
1632,2025-06-28,7,36,39,3,Erreur saisie
1633,2025-06-28,153,3,4,1,
1634,2025-06-28,37,212,215,3,Perte
1635,2025-06-28,46,101,103,2,Retour non enregistré
1636,2025-06-28,166,62,63,1,Perte
1637,2025-06-28,23,71,75,4,Erreur saisie
1638,2025-06-28,59,9,11,2,Erreur saisie
1639,2025-06-28,110,51,51,0,Retour non enregistré
1640,2025-06-28,15,134,138,4,Retour non enregistré
1641,2025-06-28,87,74,73,-1,Retour non enregistré
1642,2025-06-28,122,112,115,3,Perte
1643,2025-06-28,172,87,82,-5,
1644,2025-06-28,196,20,22,2,Perte
1645,2025-06-28,117,51,51,0,Casse
1646,2025-06-28,177,97,98,1,Erreur saisie
1647,2025-06-28,42,41,38,-3,
1648,2025-06-28,123,41,43,2,
1649,2025-06-28,13,111,110,-1,Perte
1650,2025-06-28,194,158,160,2,Casse
1651,2025-03-31,31,24,27,3,Perte
1652,2025-03-31,139,16,14,-2,Perte
1653,2025-03-31,199,21,25,4,
1654,2025-03-31,6,115,117,2,Perte
1655,2025-03-31,81,136,137,1,Retour non enregistré
1656,2025-03-31,8,51,55,4,Erreur saisie
1657,2025-03-31,88,190,195,5,Perte
1658,2025-03-31,136,3,0,-3,Perte
1659,2025-03-31,51,58,56,-2,Erreur saisie
1660,2025-03-31,198,216,221,5,Perte
1661,2025-03-31,154,192,188,-4,Casse
1662,2025-03-31,200,96,96,0,Retour non enregistré
1663,2025-03-31,71,50,48,-2,Retour non enregistré
1664,2025-03-31,104,108,104,-4,Retour non enregistré
1665,2025-03-31,41,91,96,5,Perte
1666,2025-03-31,25,95,93,-2,Erreur saisie
1667,2025-03-31,168,93,93,0,
1668,2025-03-31,131,28,27,-1,Casse
1669,2025-03-31,159,142,141,-1,Perte
1670,2025-03-31,74,73,68,-5,Perte
1671,2025-03-31,26,64,69,5,
1672,2025-03-31,123,41,43,2,Perte
1673,2025-03-31,146,123,122,-1,Retour non enregistré
1674,2025-03-31,90,57,52,-5,Erreur saisie
1675,2025-03-31,128,44,46,2,Retour non enregistré
1676,2025-03-31,95,25,21,-4,Retour non enregistré
1677,2025-03-31,135,83,87,4,Casse
1678,2025-03-31,23,71,70,-1,Retour non enregistré
1679,2025-03-31,164,87,91,4,Perte
1680,2025-03-31,27,160,155,-5,Perte
1681,2026-02-14,80,4,4,0,Casse
1682,2026-02-14,197,137,137,0,Retour non enregistré
1683,2026-02-14,87,74,71,-3,Erreur saisie
1684,2026-02-14,182,129,125,-4,Casse
1685,2026-02-14,71,50,51,1,Erreur saisie
1686,2026-02-14,144,12,17,5,Erreur saisie
1687,2026-02-14,45,145,148,3,Perte
1688,2026-02-14,32,44,47,3,
1689,2026-02-14,61,9,5,-4,Perte
1690,2026-02-14,84,181,178,-3,Casse
1691,2026-02-14,171,223,228,5,Retour non enregistré
1692,2026-02-14,73,137,140,3,Erreur saisie
1693,2026-02-14,176,7,12,5,Retour non enregistré
1694,2026-02-14,149,31,27,-4,Erreur saisie
1695,2026-02-14,122,112,112,0,
1696,2026-02-14,199,21,24,3,Erreur saisie
1697,2026-02-14,91,117,114,-3,Erreur saisie
1698,2026-02-14,145,32,29,-3,Erreur saisie
1699,2026-02-14,185,103,108,5,Casse
1700,2026-02-14,187,195,199,4,
1701,2026-02-14,49,83,84,1,Perte
1702,2026-02-14,96,110,115,5,
1703,2026-02-14,51,58,53,-5,Perte
1704,2026-02-14,129,191,190,-1,Perte
1705,2026-02-14,79,118,117,-1,Casse
1706,2026-02-14,183,27,25,-2,Retour non enregistré
1707,2026-02-14,108,155,159,4,Erreur saisie
1708,2026-02-14,22,143,138,-5,Perte
1709,2026-02-14,194,158,154,-4,
1710,2026-02-14,164,87,82,-5,Casse
1711,2025-03-25,178,23,21,-2,Erreur saisie
1712,2025-03-25,142,153,151,-2,Casse
1713,2025-03-25,104,108,107,-1,Retour non enregistré
1714,2025-03-25,83,93,95,2,Erreur saisie
1715,2025-03-25,127,195,197,2,Casse
1716,2025-03-25,138,86,91,5,Casse
1717,2025-03-25,46,101,101,0,Perte
1718,2025-03-25,159,142,144,2,
1719,2025-03-25,176,7,9,2,
1720,2025-03-25,81,136,140,4,
1721,2025-03-25,117,51,56,5,Perte
1722,2025-03-25,137,147,143,-4,Perte
1723,2025-03-25,125,25,20,-5,Retour non enregistré
1724,2025-03-25,123,41,40,-1,Perte
1725,2025-03-25,86,40,35,-5,Retour non enregistré
1726,2025-03-25,84,181,180,-1,Casse
1727,2025-03-25,2,21,22,1,Perte
1728,2025-03-25,190,48,48,0,Retour non enregistré
1729,2025-03-25,27,160,155,-5,Retour non enregistré
1730,2025-03-25,132,230,229,-1,Retour non enregistré
1731,2025-03-25,20,242,240,-2,
1732,2025-03-25,174,36,32,-4,Erreur saisie
1733,2025-03-25,4,25,23,-2,Retour non enregistré
1734,2025-03-25,194,158,158,0,Retour non enregistré
1735,2025-03-25,96,110,105,-5,Perte
1736,2025-03-25,88,190,195,5,Casse
1737,2025-03-25,166,62,61,-1,
1738,2025-03-25,11,54,50,-4,Retour non enregistré
1739,2025-03-25,139,16,14,-2,Erreur saisie
1740,2025-03-25,77,130,129,-1,
1741,2026-02-17,182,129,125,-4,Erreur saisie
1742,2026-02-17,34,27,28,1,
1743,2026-02-17,195,64,65,1,Perte
1744,2026-02-17,70,195,192,-3,Perte
1745,2026-02-17,109,120,123,3,Perte
1746,2026-02-17,76,41,43,2,Erreur saisie
1747,2026-02-17,3,202,197,-5,Perte
1748,2026-02-17,97,99,102,3,Erreur saisie
1749,2026-02-17,58,6,11,5,Erreur saisie
1750,2026-02-17,75,105,104,-1,Retour non enregistré
1751,2026-02-17,157,46,44,-2,Casse
1752,2026-02-17,135,83,84,1,
1753,2026-02-17,163,91,87,-4,Perte
1754,2026-02-17,188,156,161,5,
1755,2026-02-17,155,97,99,2,Erreur saisie
1756,2026-02-17,14,175,173,-2,Retour non enregistré
1757,2026-02-17,167,142,144,2,
1758,2026-02-17,65,66,70,4,
1759,2026-02-17,17,115,118,3,Erreur saisie
1760,2026-02-17,156,146,149,3,Perte
1761,2026-02-17,11,54,57,3,Erreur saisie
1762,2026-02-17,36,45,43,-2,Erreur saisie
1763,2026-02-17,93,126,127,1,Retour non enregistré
1764,2026-02-17,24,178,180,2,Perte
1765,2026-02-17,26,64,62,-2,Perte
1766,2026-02-17,146,123,125,2,Erreur saisie
1767,2026-02-17,4,25,20,-5,Perte
1768,2026-02-17,37,212,207,-5,Erreur saisie
1769,2026-02-17,198,216,217,1,
1770,2026-02-17,72,104,106,2,Retour non enregistré
1771,2025-12-22,133,56,60,4,Retour non enregistré
1772,2025-12-22,108,155,160,5,Perte
1773,2025-12-22,3,202,197,-5,Perte
1774,2025-12-22,175,78,82,4,
1775,2025-12-22,79,118,122,4,
1776,2025-12-22,115,40,45,5,Casse
1777,2025-12-22,120,17,20,3,Retour non enregistré
1778,2025-12-22,61,9,7,-2,Casse
1779,2025-12-22,34,27,27,0,Erreur saisie
1780,2025-12-22,125,25,24,-1,Casse
1781,2025-12-22,182,129,128,-1,Perte
1782,2025-12-22,90,57,59,2,Perte
1783,2025-12-22,47,23,23,0,Erreur saisie
1784,2025-12-22,135,83,79,-4,
1785,2025-12-22,162,43,46,3,Erreur saisie
1786,2025-12-22,200,96,92,-4,Retour non enregistré
1787,2025-12-22,40,35,31,-4,Casse
1788,2025-12-22,198,216,214,-2,Retour non enregistré
1789,2025-12-22,152,14,19,5,
1790,2025-12-22,89,96,93,-3,
1791,2025-12-22,14,175,178,3,Retour non enregistré
1792,2025-12-22,159,142,143,1,Perte
1793,2025-12-22,194,158,154,-4,Retour non enregistré
1794,2025-12-22,196,20,16,-4,Retour non enregistré
1795,2025-12-22,190,48,44,-4,Perte
1796,2025-12-22,157,46,41,-5,Retour non enregistré
1797,2025-12-22,2,21,17,-4,Erreur saisie
1798,2025-12-22,85,9,10,1,Retour non enregistré
1799,2025-12-22,130,11,15,4,Perte
1800,2025-12-22,11,54,54,0,Erreur saisie
1801,2025-05-06,188,156,160,4,Retour non enregistré
1802,2025-05-06,173,55,56,1,Casse
1803,2025-05-06,84,181,186,5,Retour non enregistré
1804,2025-05-06,56,38,34,-4,Retour non enregistré
1805,2025-05-06,34,27,23,-4,Casse
1806,2025-05-06,44,27,31,4,Perte
1807,2025-05-06,124,102,104,2,Retour non enregistré
1808,2025-05-06,7,36,32,-4,Casse
1809,2025-05-06,187,195,196,1,Casse
1810,2025-05-06,141,101,104,3,Retour non enregistré
1811,2025-05-06,111,17,19,2,Erreur saisie
1812,2025-05-06,89,96,98,2,Casse
1813,2025-05-06,130,11,6,-5,Perte
1814,2025-05-06,195,64,59,-5,
1815,2025-05-06,120,17,19,2,Retour non enregistré
1816,2025-05-06,21,41,38,-3,Retour non enregistré
1817,2025-05-06,54,62,58,-4,Retour non enregistré
1818,2025-05-06,183,27,29,2,Casse
1819,2025-05-06,61,9,13,4,Retour non enregistré
1820,2025-05-06,106,83,80,-3,Erreur saisie
1821,2025-05-06,194,158,153,-5,Casse
1822,2025-05-06,190,48,49,1,Casse
1823,2025-05-06,150,48,51,3,Retour non enregistré
1824,2025-05-06,94,71,72,1,Erreur saisie
1825,2025-05-06,32,44,48,4,Erreur saisie
1826,2025-05-06,152,14,10,-4,Erreur saisie
1827,2025-05-06,78,33,32,-1,Retour non enregistré
1828,2025-05-06,159,142,144,2,
1829,2025-05-06,176,7,11,4,Perte
1830,2025-05-06,147,28,25,-3,
1831,2025-08-06,135,83,88,5,
1832,2025-08-06,137,147,149,2,Retour non enregistré
1833,2025-08-06,191,25,20,-5,
1834,2025-08-06,17,115,117,2,Perte
1835,2025-08-06,172,87,86,-1,Retour non enregistré
1836,2025-08-06,76,41,41,0,
1837,2025-08-06,119,37,42,5,
1838,2025-08-06,154,192,188,-4,Perte
1839,2025-08-06,130,11,16,5,Casse
1840,2025-08-06,75,105,101,-4,Perte
1841,2025-08-06,49,83,85,2,Perte
1842,2025-08-06,28,9,14,5,Retour non enregistré
1843,2025-08-06,168,93,91,-2,Casse
1844,2025-08-06,46,101,98,-3,Perte
1845,2025-08-06,102,49,53,4,
1846,2025-08-06,198,216,214,-2,Casse
1847,2025-08-06,124,102,106,4,
1848,2025-08-06,64,128,124,-4,
1849,2025-08-06,143,95,91,-4,Casse
1850,2025-08-06,173,55,51,-4,Casse
1851,2025-08-06,112,92,89,-3,
1852,2025-08-06,134,57,55,-2,Retour non enregistré
1853,2025-08-06,132,230,233,3,Erreur saisie
1854,2025-08-06,2,21,25,4,Erreur saisie
1855,2025-08-06,144,12,13,1,Casse
1856,2025-08-06,27,160,162,2,
1857,2025-08-06,33,118,119,1,Erreur saisie
1858,2025-08-06,105,196,192,-4,Erreur saisie
1859,2025-08-06,23,71,66,-5,Casse
1860,2025-08-06,133,56,55,-1,
1861,2025-10-05,132,230,227,-3,
1862,2025-10-05,142,153,153,0,Casse
1863,2025-10-05,164,87,90,3,Erreur saisie
1864,2025-10-05,113,206,208,2,Casse
1865,2025-10-05,75,105,106,1,Retour non enregistré
1866,2025-10-05,101,78,83,5,
1867,2025-10-05,153,3,4,1,Casse
1868,2025-10-05,111,17,19,2,Perte
1869,2025-10-05,26,64,63,-1,
1870,2025-10-05,2,21,21,0,Retour non enregistré
1871,2025-10-05,167,142,137,-5,Casse
1872,2025-10-05,83,93,92,-1,
1873,2025-10-05,152,14,17,3,Erreur saisie
1874,2025-10-05,159,142,140,-2,Perte
1875,2025-10-05,17,115,119,4,Erreur saisie
1876,2025-10-05,45,145,141,-4,Casse
1877,2025-10-05,63,124,129,5,Erreur saisie
1878,2025-10-05,126,4,5,1,
1879,2025-10-05,106,83,88,5,Perte
1880,2025-10-05,121,6,5,-1,Casse
1881,2025-10-05,122,112,117,5,
1882,2025-10-05,35,79,80,1,Erreur saisie
1883,2025-10-05,128,44,41,-3,
1884,2025-10-05,9,9,7,-2,Casse
1885,2025-10-05,84,181,182,1,Retour non enregistré
1886,2025-10-05,117,51,56,5,Casse
1887,2025-10-05,133,56,54,-2,Retour non enregistré
1888,2025-10-05,112,92,97,5,Retour non enregistré
1889,2025-10-05,89,96,96,0,Casse
1890,2025-10-05,88,190,192,2,Perte
1891,2026-01-19,166,62,59,-3,Retour non enregistré
1892,2026-01-19,99,225,220,-5,Retour non enregistré
1893,2026-01-19,9,9,13,4,Erreur saisie
1894,2026-01-19,68,65,69,4,
1895,2026-01-19,135,83,81,-2,
1896,2026-01-19,8,51,54,3,Retour non enregistré
1897,2026-01-19,95,25,21,-4,Erreur saisie
1898,2026-01-19,120,17,17,0,Casse
1899,2026-01-19,61,9,12,3,
1900,2026-01-19,84,181,176,-5,Erreur saisie
1901,2026-01-19,140,182,186,4,
1902,2026-01-19,129,191,195,4,Retour non enregistré
1903,2026-01-19,197,137,140,3,
1904,2026-01-19,188,156,154,-2,Erreur saisie
1905,2026-01-19,89,96,101,5,Casse
1906,2026-01-19,187,195,194,-1,Erreur saisie
1907,2026-01-19,143,95,98,3,Perte
1908,2026-01-19,32,44,43,-1,Casse
1909,2026-01-19,33,118,117,-1,Retour non enregistré
1910,2026-01-19,80,4,3,-1,Perte
1911,2026-01-19,104,108,109,1,Perte
1912,2026-01-19,25,95,100,5,
1913,2026-01-19,172,87,86,-1,Erreur saisie
1914,2026-01-19,191,25,25,0,Retour non enregistré
1915,2026-01-19,118,149,149,0,Perte
1916,2026-01-19,12,9,13,4,Erreur saisie
1917,2026-01-19,150,48,47,-1,Perte
1918,2026-01-19,137,147,142,-5,Retour non enregistré
1919,2026-01-19,34,27,29,2,Casse
1920,2026-01-19,122,112,108,-4,Erreur saisie
1921,2025-10-20,19,45,46,1,Erreur saisie
1922,2025-10-20,166,62,63,1,Perte
1923,2025-10-20,114,137,140,3,Perte
1924,2025-10-20,194,158,153,-5,Retour non enregistré
1925,2025-10-20,156,146,149,3,Retour non enregistré
1926,2025-10-20,80,4,0,-4,Casse
1927,2025-10-20,46,101,101,0,
1928,2025-10-20,74,73,76,3,Erreur saisie
1929,2025-10-20,86,40,44,4,Casse
1930,2025-10-20,11,54,56,2,Erreur saisie
1931,2025-10-20,151,57,52,-5,Perte
1932,2025-10-20,36,45,46,1,Retour non enregistré
1933,2025-10-20,12,9,9,0,Erreur saisie
1934,2025-10-20,62,5,6,1,Retour non enregistré
1935,2025-10-20,16,51,55,4,Erreur saisie
1936,2025-10-20,23,71,68,-3,Erreur saisie
1937,2025-10-20,160,90,93,3,Retour non enregistré
1938,2025-10-20,90,57,62,5,Retour non enregistré
1939,2025-10-20,44,27,29,2,Retour non enregistré
1940,2025-10-20,189,150,148,-2,Erreur saisie
1941,2025-10-20,139,16,17,1,Retour non enregistré
1942,2025-10-20,88,190,192,2,
1943,2025-10-20,1,77,75,-2,Perte
1944,2025-10-20,38,165,167,2,Casse
1945,2025-10-20,77,130,135,5,Retour non enregistré
1946,2025-10-20,118,149,152,3,
1947,2025-10-20,26,64,62,-2,Casse
1948,2025-10-20,93,126,123,-3,Retour non enregistré
1949,2025-10-20,43,213,218,5,Casse
1950,2025-10-20,127,195,199,4,
1951,2025-06-25,107,122,118,-4,Retour non enregistré
1952,2025-06-25,92,129,125,-4,Casse
1953,2025-06-25,153,3,3,0,Retour non enregistré
1954,2025-06-25,195,64,68,4,Erreur saisie
1955,2025-06-25,199,21,25,4,Perte
1956,2025-06-25,82,102,97,-5,Retour non enregistré
1957,2025-06-25,145,32,29,-3,
1958,2025-06-25,15,134,135,1,Retour non enregistré
1959,2025-06-25,193,58,53,-5,Retour non enregistré
1960,2025-06-25,152,14,15,1,Erreur saisie
1961,2025-06-25,91,117,118,1,Perte
1962,2025-06-25,55,95,92,-3,
1963,2025-06-25,149,31,29,-2,
1964,2025-06-25,182,129,127,-2,
1965,2025-06-25,131,28,30,2,
1966,2025-06-25,76,41,42,1,Retour non enregistré
1967,2025-06-25,165,42,42,0,Erreur saisie
1968,2025-06-25,155,97,93,-4,Casse
1969,2025-06-25,123,41,42,1,
1970,2025-06-25,3,202,202,0,Perte
1971,2025-06-25,185,103,107,4,Retour non enregistré
1972,2025-06-25,122,112,114,2,Erreur saisie
1973,2025-06-25,16,51,51,0,Erreur saisie
1974,2025-06-25,57,72,73,1,Retour non enregistré
1975,2025-06-25,73,137,132,-5,Retour non enregistré
1976,2025-06-25,1,77,72,-5,
1977,2025-06-25,86,40,39,-1,Retour non enregistré
1978,2025-06-25,35,79,83,4,Perte
1979,2025-06-25,188,156,156,0,Casse
1980,2025-06-25,69,77,80,3,Casse
1981,2026-01-16,28,9,10,1,Casse
1982,2026-01-16,151,57,57,0,Perte
1983,2026-01-16,147,28,25,-3,Retour non enregistré
1984,2026-01-16,74,73,70,-3,
1985,2026-01-16,196,20,17,-3,Erreur saisie
1986,2026-01-16,126,4,0,-4,
1987,2026-01-16,86,40,41,1,Retour non enregistré
1988,2026-01-16,112,92,91,-1,Erreur saisie
1989,2026-01-16,59,9,11,2,Retour non enregistré
1990,2026-01-16,182,129,130,1,Erreur saisie
1991,2026-01-16,61,9,11,2,
1992,2026-01-16,132,230,229,-1,Perte
1993,2026-01-16,114,137,136,-1,Retour non enregistré
1994,2026-01-16,199,21,23,2,Retour non enregistré
1995,2026-01-16,192,48,45,-3,Perte
1996,2026-01-16,56,38,43,5,Retour non enregistré
1997,2026-01-16,47,23,25,2,Erreur saisie
1998,2026-01-16,58,6,6,0,Retour non enregistré
1999,2026-01-16,89,96,101,5,Perte
2000,2026-01-16,104,108,108,0,Retour non enregistré
2001,2026-01-16,158,174,171,-3,Erreur saisie
2002,2026-01-16,149,31,32,1,Erreur saisie
2003,2026-01-16,25,95,90,-5,Perte
2004,2026-01-16,14,175,172,-3,Perte
2005,2026-01-16,117,51,53,2,Perte
2006,2026-01-16,27,160,165,5,Retour non enregistré
2007,2026-01-16,10,255,259,4,Erreur saisie
2008,2026-01-16,128,44,47,3,Erreur saisie
2009,2026-01-16,39,65,68,3,Retour non enregistré
2010,2026-01-16,161,254,250,-4,Erreur saisie
2011,2025-04-29,138,86,87,1,Retour non enregistré
2012,2025-04-29,81,136,135,-1,Retour non enregistré
2013,2025-04-29,100,24,26,2,
2014,2025-04-29,36,45,41,-4,Erreur saisie
2015,2025-04-29,62,5,5,0,Perte
2016,2025-04-29,26,64,66,2,Erreur saisie
2017,2025-04-29,188,156,161,5,Retour non enregistré
2018,2025-04-29,21,41,42,1,Erreur saisie
2019,2025-04-29,97,99,101,2,Perte
2020,2025-04-29,96,110,109,-1,Erreur saisie
2021,2025-04-29,111,17,17,0,Perte
2022,2025-04-29,153,3,4,1,Casse
2023,2025-04-29,95,25,29,4,Erreur saisie
2024,2025-04-29,15,134,138,4,Perte
2025,2025-04-29,33,118,115,-3,
2026,2025-04-29,34,27,30,3,Erreur saisie
2027,2025-04-29,105,196,196,0,Retour non enregistré
2028,2025-04-29,125,25,22,-3,Casse
2029,2025-04-29,145,32,36,4,
2030,2025-04-29,104,108,109,1,
2031,2025-04-29,161,254,255,1,
2032,2025-04-29,167,142,139,-3,Perte
2033,2025-04-29,151,57,58,1,Retour non enregistré
2034,2025-04-29,146,123,119,-4,Retour non enregistré
2035,2025-04-29,18,159,156,-3,Erreur saisie
2036,2025-04-29,116,119,123,4,Erreur saisie
2037,2025-04-29,177,97,96,-1,Casse
2038,2025-04-29,19,45,47,2,Perte
2039,2025-04-29,99,225,224,-1,Retour non enregistré
2040,2025-04-29,68,65,62,-3,Erreur saisie
2041,2025-04-23,45,145,141,-4,Perte
2042,2025-04-23,11,54,52,-2,Retour non enregistré
2043,2025-04-23,99,225,229,4,Casse
2044,2025-04-23,114,137,142,5,Casse
2045,2025-04-23,160,90,94,4,Casse
2046,2025-04-23,194,158,154,-4,Erreur saisie
2047,2025-04-23,64,128,133,5,
2048,2025-04-23,140,182,179,-3,Casse
2049,2025-04-23,95,25,29,4,Erreur saisie
2050,2025-04-23,128,44,46,2,Erreur saisie
2051,2025-04-23,51,58,59,1,
2052,2025-04-23,93,126,123,-3,Retour non enregistré
2053,2025-04-23,155,97,102,5,Retour non enregistré
2054,2025-04-23,168,93,90,-3,Erreur saisie
2055,2025-04-23,77,130,132,2,Casse
2056,2025-04-23,9,9,7,-2,Erreur saisie
2057,2025-04-23,82,102,107,5,Perte
2058,2025-04-23,57,72,69,-3,Perte
2059,2025-04-23,145,32,28,-4,Erreur saisie
2060,2025-04-23,142,153,148,-5,Casse
2061,2025-04-23,169,63,64,1,Retour non enregistré
2062,2025-04-23,178,23,18,-5,Perte
2063,2025-04-23,110,51,52,1,Casse
2064,2025-04-23,85,9,11,2,Perte
2065,2025-04-23,92,129,134,5,Perte
2066,2025-04-23,87,74,71,-3,Erreur saisie
2067,2025-04-23,31,24,23,-1,Casse
2068,2025-04-23,4,25,24,-1,Retour non enregistré
2069,2025-04-23,101,78,77,-1,Perte
2070,2025-04-23,25,95,96,1,Erreur saisie
2071,2026-02-16,139,16,15,-1,Casse
2072,2026-02-16,79,118,114,-4,Erreur saisie
2073,2026-02-16,129,191,189,-2,Erreur saisie
2074,2026-02-16,58,6,11,5,Erreur saisie
2075,2026-02-16,10,255,254,-1,Casse
2076,2026-02-16,173,55,57,2,Perte
2077,2026-02-16,179,65,68,3,Erreur saisie
2078,2026-02-16,24,178,176,-2,Perte
2079,2026-02-16,51,58,62,4,Erreur saisie
2080,2026-02-16,38,165,167,2,
2081,2026-02-16,21,41,44,3,Perte
2082,2026-02-16,69,77,75,-2,Retour non enregistré
2083,2026-02-16,191,25,22,-3,Retour non enregistré
2084,2026-02-16,172,87,90,3,Retour non enregistré
2085,2026-02-16,49,83,83,0,Erreur saisie
2086,2026-02-16,61,9,8,-1,Retour non enregistré
2087,2026-02-16,68,65,66,1,Perte
2088,2026-02-16,87,74,71,-3,
2089,2026-02-16,187,195,191,-4,
2090,2026-02-16,63,124,122,-2,Erreur saisie
2091,2026-02-16,194,158,153,-5,Retour non enregistré
2092,2026-02-16,125,25,21,-4,Casse
2093,2026-02-16,94,71,70,-1,Erreur saisie
2094,2026-02-16,4,25,26,1,Retour non enregistré
2095,2026-02-16,39,65,65,0,
2096,2026-02-16,26,64,59,-5,
2097,2026-02-16,160,90,94,4,Perte
2098,2026-02-16,1,77,80,3,Casse
2099,2026-02-16,185,103,104,1,Retour non enregistré
2100,2026-02-16,188,156,158,2,Erreur saisie
2101,2025-07-16,193,58,55,-3,Perte
2102,2025-07-16,86,40,38,-2,Casse
2103,2025-07-16,110,51,46,-5,Retour non enregistré
2104,2025-07-16,23,71,68,-3,Perte
2105,2025-07-16,108,155,153,-2,Perte
2106,2025-07-16,143,95,99,4,
2107,2025-07-16,200,96,94,-2,Perte
2108,2025-07-16,32,44,47,3,
2109,2025-07-16,80,4,6,2,Perte
2110,2025-07-16,180,0,1,1,Erreur saisie
2111,2025-07-16,50,45,40,-5,Erreur saisie
2112,2025-07-16,184,168,165,-3,Perte
2113,2025-07-16,163,91,87,-4,Retour non enregistré
2114,2025-07-16,119,37,36,-1,Erreur saisie
2115,2025-07-16,168,93,96,3,Erreur saisie
2116,2025-07-16,90,57,54,-3,Perte
2117,2025-07-16,65,66,66,0,
2118,2025-07-16,187,195,200,5,Perte
2119,2025-07-16,71,50,55,5,
2120,2025-07-16,2,21,24,3,Perte
2121,2025-07-16,194,158,153,-5,Casse
2122,2025-07-16,79,118,117,-1,Erreur saisie
2123,2025-07-16,13,111,115,4,Perte
2124,2025-07-16,96,110,111,1,
2125,2025-07-16,166,62,60,-2,Casse
2126,2025-07-16,175,78,79,1,
2127,2025-07-16,35,79,84,5,
2128,2025-07-16,87,74,76,2,Erreur saisie
2129,2025-07-16,68,65,68,3,Perte
2130,2025-07-16,57,72,70,-2,Casse
2131,2025-09-08,167,142,140,-2,Perte
2132,2025-09-08,108,155,151,-4,
2133,2025-09-08,52,72,77,5,Erreur saisie
2134,2025-09-08,25,95,99,4,
2135,2025-09-08,91,117,118,1,Erreur saisie
2136,2025-09-08,82,102,98,-4,Casse
2137,2025-09-08,162,43,48,5,Perte
2138,2025-09-08,157,46,50,4,
2139,2025-09-08,49,83,82,-1,Erreur saisie
2140,2025-09-08,7,36,40,4,Casse
2141,2025-09-08,77,130,127,-3,Casse
2142,2025-09-08,20,242,244,2,Perte
2143,2025-09-08,134,57,62,5,Casse
2144,2025-09-08,99,225,221,-4,Erreur saisie
2145,2025-09-08,24,178,181,3,Erreur saisie
2146,2025-09-08,8,51,56,5,Casse
2147,2025-09-08,124,102,101,-1,Casse
2148,2025-09-08,168,93,90,-3,Retour non enregistré
2149,2025-09-08,165,42,40,-2,Casse
2150,2025-09-08,98,129,129,0,Casse
2151,2025-09-08,119,37,38,1,Erreur saisie
2152,2025-09-08,46,101,102,1,Perte
2153,2025-09-08,131,28,28,0,Perte
2154,2025-09-08,16,51,51,0,Casse
2155,2025-09-08,193,58,53,-5,
2156,2025-09-08,166,62,64,2,Erreur saisie
2157,2025-09-08,86,40,35,-5,Retour non enregistré
2158,2025-09-08,13,111,110,-1,Casse
2159,2025-09-08,72,104,99,-5,Erreur saisie
2160,2025-09-08,143,95,90,-5,Erreur saisie
2161,2026-02-16,83,93,89,-4,
2162,2026-02-16,91,117,115,-2,Erreur saisie
2163,2026-02-16,155,97,95,-2,
2164,2026-02-16,73,137,136,-1,Erreur saisie
2165,2026-02-16,36,45,44,-1,Casse
2166,2026-02-16,29,56,52,-4,Casse
2167,2026-02-16,80,4,8,4,
2168,2026-02-16,28,9,11,2,
2169,2026-02-16,3,202,204,2,Retour non enregistré
2170,2026-02-16,107,122,119,-3,Erreur saisie
2171,2026-02-16,121,6,4,-2,Retour non enregistré
2172,2026-02-16,176,7,5,-2,Retour non enregistré
2173,2026-02-16,188,156,160,4,Erreur saisie
2174,2026-02-16,149,31,31,0,Erreur saisie
2175,2026-02-16,66,16,16,0,Retour non enregistré
2176,2026-02-16,58,6,2,-4,Perte
2177,2026-02-16,50,45,41,-4,Retour non enregistré
2178,2026-02-16,35,79,76,-3,
2179,2026-02-16,15,134,132,-2,Perte
2180,2026-02-16,57,72,72,0,Retour non enregistré
2181,2026-02-16,32,44,43,-1,
2182,2026-02-16,161,254,249,-5,Perte
2183,2026-02-16,192,48,48,0,Erreur saisie
2184,2026-02-16,5,72,75,3,Retour non enregistré
2185,2026-02-16,101,78,74,-4,
2186,2026-02-16,165,42,47,5,Perte
2187,2026-02-16,84,181,178,-3,Perte
2188,2026-02-16,40,35,31,-4,
2189,2026-02-16,184,168,170,2,
2190,2026-02-16,173,55,60,5,Erreur saisie
2191,2025-12-18,43,213,208,-5,Erreur saisie
2192,2025-12-18,181,255,255,0,
2193,2025-12-18,50,45,40,-5,Retour non enregistré
2194,2025-12-18,52,72,73,1,Retour non enregistré
2195,2025-12-18,184,168,170,2,Casse
2196,2025-12-18,21,41,40,-1,Perte
2197,2025-12-18,110,51,48,-3,Casse
2198,2025-12-18,129,191,192,1,Casse
2199,2025-12-18,140,182,180,-2,Erreur saisie
2200,2025-12-18,134,57,52,-5,Erreur saisie
2201,2025-12-18,94,71,74,3,Casse
2202,2025-12-18,31,24,22,-2,Casse
2203,2025-12-18,174,36,35,-1,
2204,2025-12-18,189,150,154,4,Perte
2205,2025-12-18,103,58,57,-1,Erreur saisie
2206,2025-12-18,197,137,136,-1,Casse
2207,2025-12-18,38,165,161,-4,Perte
2208,2025-12-18,120,17,20,3,Retour non enregistré
2209,2025-12-18,26,64,69,5,
2210,2025-12-18,190,48,43,-5,Perte
2211,2025-12-18,78,33,29,-4,Retour non enregistré
2212,2025-12-18,173,55,52,-3,
2213,2025-12-18,159,142,137,-5,Perte
2214,2025-12-18,35,79,75,-4,Casse
2215,2025-12-18,123,41,45,4,
2216,2025-12-18,105,196,199,3,Erreur saisie
2217,2025-12-18,161,254,252,-2,Retour non enregistré
2218,2025-12-18,81,136,137,1,
2219,2025-12-18,30,81,80,-1,Erreur saisie
2220,2025-12-18,101,78,83,5,
2221,2026-01-23,185,103,105,2,Erreur saisie
2222,2026-01-23,147,28,26,-2,Retour non enregistré
2223,2026-01-23,14,175,175,0,Erreur saisie
2224,2026-01-23,6,115,111,-4,Erreur saisie
2225,2026-01-23,107,122,119,-3,Retour non enregistré
2226,2026-01-23,156,146,142,-4,
2227,2026-01-23,83,93,94,1,Perte
2228,2026-01-23,192,48,52,4,Retour non enregistré
2229,2026-01-23,78,33,32,-1,Perte
2230,2026-01-23,127,195,195,0,Retour non enregistré
2231,2026-01-23,61,9,7,-2,Perte
2232,2026-01-23,153,3,5,2,Perte
2233,2026-01-23,79,118,118,0,Perte
2234,2026-01-23,16,51,49,-2,
2235,2026-01-23,98,129,129,0,Retour non enregistré
2236,2026-01-23,23,71,72,1,Erreur saisie
2237,2026-01-23,112,92,88,-4,
2238,2026-01-23,193,58,57,-1,Perte
2239,2026-01-23,134,57,59,2,
2240,2026-01-23,29,56,57,1,Perte
2241,2026-01-23,132,230,227,-3,Perte
2242,2026-01-23,131,28,26,-2,Erreur saisie
2243,2026-01-23,150,48,45,-3,Casse
2244,2026-01-23,129,191,194,3,Erreur saisie
2245,2026-01-23,118,149,151,2,Erreur saisie
2246,2026-01-23,71,50,46,-4,
2247,2026-01-23,58,6,6,0,Retour non enregistré
2248,2026-01-23,27,160,161,1,Retour non enregistré
2249,2026-01-23,81,136,134,-2,
2250,2026-01-23,121,6,9,3,Erreur saisie
2251,2025-08-09,182,129,128,-1,
2252,2025-08-09,10,255,257,2,Erreur saisie
2253,2025-08-09,26,64,60,-4,Retour non enregistré
2254,2025-08-09,89,96,92,-4,Casse
2255,2025-08-09,90,57,60,3,Perte
2256,2025-08-09,93,126,130,4,Erreur saisie
2257,2025-08-09,9,9,4,-5,
2258,2025-08-09,23,71,74,3,Perte
2259,2025-08-09,195,64,67,3,Perte
2260,2025-08-09,179,65,62,-3,Perte
2261,2025-08-09,83,93,92,-1,
2262,2025-08-09,55,95,99,4,Casse
2263,2025-08-09,131,28,24,-4,Retour non enregistré
2264,2025-08-09,81,136,138,2,Casse
2265,2025-08-09,54,62,60,-2,Perte
2266,2025-08-09,29,56,61,5,Erreur saisie
2267,2025-08-09,161,254,256,2,
2268,2025-08-09,158,174,171,-3,
2269,2025-08-09,50,45,43,-2,Perte
2270,2025-08-09,78,33,29,-4,Casse
2271,2025-08-09,188,156,156,0,Retour non enregistré
2272,2025-08-09,97,99,95,-4,Retour non enregistré
2273,2025-08-09,169,63,61,-2,Erreur saisie
2274,2025-08-09,79,118,115,-3,Perte
2275,2025-08-09,126,4,8,4,Retour non enregistré
2276,2025-08-09,171,223,223,0,Retour non enregistré
2277,2025-08-09,191,25,24,-1,
2278,2025-08-09,159,142,143,1,Perte
2279,2025-08-09,104,108,113,5,
2280,2025-08-09,63,124,121,-3,
2281,2025-03-02,86,40,35,-5,Casse
2282,2025-03-02,171,223,223,0,Perte
2283,2025-03-02,106,83,86,3,
2284,2025-03-02,151,57,57,0,Perte
2285,2025-03-02,193,58,63,5,Casse
2286,2025-03-02,28,9,7,-2,Perte
2287,2025-03-02,12,9,11,2,
2288,2025-03-02,161,254,254,0,Erreur saisie
2289,2025-03-02,143,95,98,3,Erreur saisie
2290,2025-03-02,200,96,101,5,Erreur saisie
2291,2025-03-02,26,64,65,1,Casse
2292,2025-03-02,175,78,75,-3,Perte
2293,2025-03-02,22,143,147,4,Erreur saisie
2294,2025-03-02,159,142,139,-3,Perte
2295,2025-03-02,114,137,138,1,Casse
2296,2025-03-02,109,120,115,-5,
2297,2025-03-02,167,142,146,4,
2298,2025-03-02,198,216,215,-1,
2299,2025-03-02,178,23,25,2,Perte
2300,2025-03-02,72,104,101,-3,Casse
2301,2025-03-02,157,46,47,1,Erreur saisie
2302,2025-03-02,103,58,55,-3,
2303,2025-03-02,123,41,37,-4,Retour non enregistré
2304,2025-03-02,31,24,19,-5,
2305,2025-03-02,188,156,160,4,
2306,2025-03-02,148,83,87,4,Casse
2307,2025-03-02,107,122,122,0,Retour non enregistré
2308,2025-03-02,20,242,243,1,Perte
2309,2025-03-02,76,41,42,1,Casse
2310,2025-03-02,10,255,259,4,Erreur saisie
2311,2025-04-19,102,49,51,2,Retour non enregistré
2312,2025-04-19,104,108,108,0,Erreur saisie
2313,2025-04-19,128,44,44,0,Perte
2314,2025-04-19,28,9,7,-2,Erreur saisie
2315,2025-04-19,70,195,190,-5,Retour non enregistré
2316,2025-04-19,192,48,51,3,
2317,2025-04-19,154,192,187,-5,Erreur saisie
2318,2025-04-19,189,150,151,1,Casse
2319,2025-04-19,101,78,73,-5,
2320,2025-04-19,49,83,86,3,
2321,2025-04-19,156,146,150,4,Retour non enregistré
2322,2025-04-19,113,206,201,-5,Casse
2323,2025-04-19,112,92,97,5,Casse
2324,2025-04-19,132,230,233,3,Retour non enregistré
2325,2025-04-19,79,118,118,0,Retour non enregistré
2326,2025-04-19,85,9,14,5,Perte
2327,2025-04-19,125,25,23,-2,Casse
2328,2025-04-19,73,137,137,0,Erreur saisie
2329,2025-04-19,146,123,126,3,Perte
2330,2025-04-19,67,43,48,5,Erreur saisie
2331,2025-04-19,32,44,40,-4,Casse
2332,2025-04-19,34,27,29,2,Perte
2333,2025-04-19,89,96,91,-5,
2334,2025-04-19,29,56,59,3,Erreur saisie
2335,2025-04-19,172,87,90,3,Perte
2336,2025-04-19,118,149,147,-2,Retour non enregistré
2337,2025-04-19,57,72,67,-5,
2338,2025-04-19,3,202,197,-5,Erreur saisie
2339,2025-04-19,124,102,103,1,Perte
2340,2025-04-19,21,41,40,-1,Perte
2341,2025-10-13,111,17,17,0,Erreur saisie
2342,2025-10-13,131,28,26,-2,Erreur saisie
2343,2025-10-13,44,27,22,-5,Retour non enregistré
2344,2025-10-13,20,242,237,-5,Erreur saisie
2345,2025-10-13,36,45,50,5,Casse
2346,2025-10-13,38,165,166,1,
2347,2025-10-13,126,4,2,-2,Erreur saisie
2348,2025-10-13,167,142,140,-2,Erreur saisie
2349,2025-10-13,151,57,58,1,Casse
2350,2025-10-13,179,65,67,2,Perte
2351,2025-10-13,119,37,33,-4,
2352,2025-10-13,109,120,119,-1,
2353,2025-10-13,81,136,141,5,Casse
2354,2025-10-13,181,255,258,3,Perte
2355,2025-10-13,54,62,58,-4,Casse
2356,2025-10-13,11,54,59,5,
2357,2025-10-13,30,81,79,-2,Retour non enregistré
2358,2025-10-13,125,25,22,-3,Erreur saisie
2359,2025-10-13,122,112,111,-1,
2360,2025-10-13,185,103,106,3,Perte
2361,2025-10-13,15,134,137,3,Perte
2362,2025-10-13,175,78,80,2,Casse
2363,2025-10-13,153,3,0,-3,Casse
2364,2025-10-13,166,62,62,0,Retour non enregistré
2365,2025-10-13,60,70,65,-5,Casse
2366,2025-10-13,69,77,78,1,Casse
2367,2025-10-13,93,126,122,-4,Perte
2368,2025-10-13,121,6,11,5,Casse
2369,2025-10-13,71,50,45,-5,Casse
2370,2025-10-13,112,92,94,2,
2371,2025-04-01,77,130,132,2,
2372,2025-04-01,58,6,9,3,Retour non enregistré
2373,2025-04-01,122,112,113,1,Perte
2374,2025-04-01,67,43,46,3,Retour non enregistré
2375,2025-04-01,132,230,227,-3,Perte
2376,2025-04-01,193,58,58,0,Retour non enregistré
2377,2025-04-01,49,83,87,4,Casse
2378,2025-04-01,46,101,97,-4,Perte
2379,2025-04-01,40,35,32,-3,Casse
2380,2025-04-01,162,43,40,-3,
2381,2025-04-01,85,9,6,-3,Erreur saisie
2382,2025-04-01,71,50,51,1,Perte
2383,2025-04-01,88,190,186,-4,Retour non enregistré
2384,2025-04-01,59,9,5,-4,Erreur saisie
2385,2025-04-01,131,28,25,-3,Retour non enregistré
2386,2025-04-01,166,62,67,5,Perte
2387,2025-04-01,1,77,78,1,Retour non enregistré
2388,2025-04-01,2,21,24,3,Retour non enregistré
2389,2025-04-01,98,129,126,-3,Perte
2390,2025-04-01,159,142,141,-1,Erreur saisie
2391,2025-04-01,78,33,38,5,
2392,2025-04-01,106,83,88,5,Erreur saisie
2393,2025-04-01,182,129,127,-2,Perte
2394,2025-04-01,104,108,105,-3,
2395,2025-04-01,125,25,27,2,
2396,2025-04-01,172,87,84,-3,Perte
2397,2025-04-01,4,25,23,-2,Erreur saisie
2398,2025-04-01,200,96,97,1,Casse
2399,2025-04-01,174,36,38,2,Erreur saisie
2400,2025-04-01,188,156,153,-3,Erreur saisie
2401,2025-09-11,51,58,62,4,
2402,2025-09-11,58,6,3,-3,Casse
2403,2025-09-11,192,48,45,-3,Erreur saisie
2404,2025-09-11,188,156,160,4,Casse
2405,2025-09-11,155,97,94,-3,Retour non enregistré
2406,2025-09-11,41,91,95,4,Perte
2407,2025-09-11,166,62,63,1,Retour non enregistré
2408,2025-09-11,174,36,40,4,Retour non enregistré
2409,2025-09-11,139,16,16,0,Casse
2410,2025-09-11,34,27,30,3,
2411,2025-09-11,135,83,81,-2,Erreur saisie
2412,2025-09-11,170,183,182,-1,Erreur saisie
2413,2025-09-11,137,147,145,-2,Perte
2414,2025-09-11,53,206,206,0,Perte
2415,2025-09-11,74,73,69,-4,Perte
2416,2025-09-11,147,28,30,2,Erreur saisie
2417,2025-09-11,83,93,88,-5,Erreur saisie
2418,2025-09-11,182,129,126,-3,Perte
2419,2025-09-11,49,83,81,-2,Erreur saisie
2420,2025-09-11,140,182,178,-4,Perte
2421,2025-09-11,122,112,115,3,Casse
2422,2025-09-11,104,108,113,5,
2423,2025-09-11,15,134,137,3,Erreur saisie
2424,2025-09-11,61,9,10,1,
2425,2025-09-11,36,45,44,-1,Retour non enregistré
2426,2025-09-11,160,90,90,0,Retour non enregistré
2427,2025-09-11,150,48,44,-4,Erreur saisie
2428,2025-09-11,28,9,5,-4,Erreur saisie
2429,2025-09-11,66,16,11,-5,Erreur saisie
2430,2025-09-11,130,11,14,3,Retour non enregistré
2431,2025-04-27,154,192,191,-1,Retour non enregistré
2432,2025-04-27,105,196,195,-1,Retour non enregistré
2433,2025-04-27,85,9,11,2,Retour non enregistré
2434,2025-04-27,89,96,100,4,Retour non enregistré
2435,2025-04-27,200,96,100,4,Casse
2436,2025-04-27,151,57,60,3,Retour non enregistré
2437,2025-04-27,116,119,120,1,
2438,2025-04-27,106,83,81,-2,Retour non enregistré
2439,2025-04-27,114,137,142,5,Perte
2440,2025-04-27,196,20,24,4,
2441,2025-04-27,32,44,45,1,Casse
2442,2025-04-27,11,54,59,5,Casse
2443,2025-04-27,99,225,230,5,Casse
2444,2025-04-27,46,101,102,1,Perte
2445,2025-04-27,8,51,46,-5,Retour non enregistré
2446,2025-04-27,63,124,125,1,Casse
2447,2025-04-27,107,122,125,3,Casse
2448,2025-04-27,74,73,75,2,Casse
2449,2025-04-27,103,58,58,0,
2450,2025-04-27,9,9,9,0,Perte
2451,2025-04-27,10,255,256,1,
2452,2025-04-27,148,83,78,-5,Retour non enregistré
2453,2025-04-27,140,182,184,2,Perte
2454,2025-04-27,119,37,37,0,Erreur saisie
2455,2025-04-27,123,41,43,2,Erreur saisie
2456,2025-04-27,118,149,152,3,Retour non enregistré
2457,2025-04-27,61,9,7,-2,Casse
2458,2025-04-27,92,129,134,5,
2459,2025-04-27,199,21,21,0,Perte
2460,2025-04-27,70,195,198,3,Perte
2461,2025-03-28,68,65,63,-2,Erreur saisie
2462,2025-03-28,138,86,88,2,Perte
2463,2025-03-28,32,44,45,1,Perte
2464,2025-03-28,7,36,40,4,Retour non enregistré
2465,2025-03-28,124,102,98,-4,Perte
2466,2025-03-28,54,62,64,2,Erreur saisie
2467,2025-03-28,128,44,41,-3,Casse
2468,2025-03-28,171,223,221,-2,Retour non enregistré
2469,2025-03-28,139,16,18,2,Perte
2470,2025-03-28,105,196,193,-3,Erreur saisie
2471,2025-03-28,60,70,74,4,Perte
2472,2025-03-28,187,195,198,3,Erreur saisie
2473,2025-03-28,142,153,149,-4,
2474,2025-03-28,98,129,125,-4,Casse
2475,2025-03-28,151,57,52,-5,Erreur saisie
2476,2025-03-28,18,159,157,-2,Retour non enregistré
2477,2025-03-28,5,72,68,-4,Retour non enregistré
2478,2025-03-28,10,255,254,-1,Casse
2479,2025-03-28,88,190,191,1,Perte
2480,2025-03-28,117,51,51,0,Erreur saisie
2481,2025-03-28,156,146,144,-2,Casse
2482,2025-03-28,112,92,87,-5,Casse
2483,2025-03-28,76,41,40,-1,
2484,2025-03-28,140,182,178,-4,
2485,2025-03-28,59,9,6,-3,Retour non enregistré
2486,2025-03-28,67,43,43,0,
2487,2025-03-28,80,4,6,2,Retour non enregistré
2488,2025-03-28,19,45,50,5,Perte
2489,2025-03-28,30,81,85,4,
2490,2025-03-28,71,50,49,-1,Perte
2491,2025-07-30,7,36,31,-5,Retour non enregistré
2492,2025-07-30,166,62,67,5,Casse
2493,2025-07-30,74,73,72,-1,Casse
2494,2025-07-30,170,183,183,0,Casse
2495,2025-07-30,145,32,36,4,Retour non enregistré
2496,2025-07-30,47,23,23,0,Erreur saisie
2497,2025-07-30,197,137,142,5,Casse
2498,2025-07-30,140,182,186,4,Retour non enregistré
2499,2025-07-30,176,7,8,1,Casse
2500,2025-07-30,75,105,109,4,Erreur saisie
2501,2025-07-30,97,99,98,-1,Casse
2502,2025-07-30,18,159,163,4,Retour non enregistré
2503,2025-07-30,125,25,23,-2,Retour non enregistré
2504,2025-07-30,138,86,83,-3,Erreur saisie
2505,2025-07-30,182,129,133,4,Erreur saisie
2506,2025-07-30,143,95,97,2,Casse
2507,2025-07-30,8,51,52,1,Perte
2508,2025-07-30,80,4,3,-1,Retour non enregistré
2509,2025-07-30,28,9,11,2,Casse
2510,2025-07-30,61,9,4,-5,Erreur saisie
2511,2025-07-30,53,206,203,-3,Casse
2512,2025-07-30,122,112,116,4,Casse
2513,2025-07-30,142,153,149,-4,Casse
2514,2025-07-30,13,111,106,-5,Casse
2515,2025-07-30,29,56,58,2,Casse
2516,2025-07-30,67,43,47,4,Retour non enregistré
2517,2025-07-30,49,83,83,0,Casse
2518,2025-07-30,93,126,130,4,Perte
2519,2025-07-30,85,9,9,0,
2520,2025-07-30,86,40,38,-2,
2521,2025-12-01,136,3,3,0,Retour non enregistré
2522,2025-12-01,9,9,8,-1,
2523,2025-12-01,25,95,95,0,
2524,2025-12-01,184,168,171,3,
2525,2025-12-01,90,57,54,-3,Erreur saisie
2526,2025-12-01,186,82,79,-3,Erreur saisie
2527,2025-12-01,29,56,60,4,
2528,2025-12-01,198,216,220,4,Casse
2529,2025-12-01,81,136,138,2,Casse
2530,2025-12-01,54,62,57,-5,Erreur saisie
2531,2025-12-01,200,96,93,-3,Perte
2532,2025-12-01,94,71,67,-4,Retour non enregistré
2533,2025-12-01,49,83,85,2,Casse
2534,2025-12-01,101,78,79,1,
2535,2025-12-01,11,54,58,4,Erreur saisie
2536,2025-12-01,51,58,56,-2,Perte
2537,2025-12-01,139,16,18,2,Erreur saisie
2538,2025-12-01,76,41,38,-3,Retour non enregistré
2539,2025-12-01,107,122,123,1,Casse
2540,2025-12-01,122,112,114,2,Retour non enregistré
2541,2025-12-01,95,25,30,5,Perte
2542,2025-12-01,168,93,90,-3,Retour non enregistré
2543,2025-12-01,116,119,124,5,Perte
2544,2025-12-01,71,50,46,-4,Erreur saisie
2545,2025-12-01,163,91,94,3,Casse
2546,2025-12-01,32,44,39,-5,Casse
2547,2025-12-01,149,31,31,0,Casse
2548,2025-12-01,46,101,100,-1,Erreur saisie
2549,2025-12-01,68,65,63,-2,Erreur saisie
2550,2025-12-01,98,129,131,2,Erreur saisie
2551,2025-04-25,121,6,3,-3,Casse
2552,2025-04-25,3,202,201,-1,
2553,2025-04-25,48,178,175,-3,Perte
2554,2025-04-25,200,96,95,-1,Erreur saisie
2555,2025-04-25,137,147,149,2,
2556,2025-04-25,103,58,61,3,Perte
2557,2025-04-25,70,195,194,-1,
2558,2025-04-25,149,31,30,-1,Casse
2559,2025-04-25,29,56,54,-2,Perte
2560,2025-04-25,59,9,7,-2,Erreur saisie
2561,2025-04-25,169,63,64,1,Retour non enregistré
2562,2025-04-25,191,25,26,1,
2563,2025-04-25,30,81,78,-3,
2564,2025-04-25,186,82,81,-1,
2565,2025-04-25,102,49,46,-3,Casse
2566,2025-04-25,19,45,41,-4,Erreur saisie
2567,2025-04-25,74,73,72,-1,Casse
2568,2025-04-25,92,129,131,2,Retour non enregistré
2569,2025-04-25,52,72,73,1,Casse
2570,2025-04-25,138,86,89,3,Retour non enregistré
2571,2025-04-25,167,142,145,3,Perte
2572,2025-04-25,113,206,202,-4,Retour non enregistré
2573,2025-04-25,67,43,47,4,
2574,2025-04-25,125,25,29,4,Casse
2575,2025-04-25,192,48,44,-4,
2576,2025-04-25,82,102,97,-5,
2577,2025-04-25,85,9,8,-1,Casse
2578,2025-04-25,129,191,186,-5,Perte
2579,2025-04-25,158,174,170,-4,Perte
2580,2025-04-25,193,58,63,5,
2581,2025-09-11,12,9,13,4,Erreur saisie
2582,2025-09-11,128,44,44,0,Retour non enregistré
2583,2025-09-11,48,178,178,0,Erreur saisie
2584,2025-09-11,182,129,126,-3,Perte
2585,2025-09-11,146,123,122,-1,
2586,2025-09-11,27,160,161,1,Casse
2587,2025-09-11,156,146,148,2,
2588,2025-09-11,108,155,159,4,Retour non enregistré
2589,2025-09-11,16,51,48,-3,
2590,2025-09-11,165,42,39,-3,Retour non enregistré
2591,2025-09-11,107,122,118,-4,Retour non enregistré
2592,2025-09-11,28,9,14,5,Casse
2593,2025-09-11,70,195,197,2,
2594,2025-09-11,75,105,106,1,Erreur saisie
2595,2025-09-11,194,158,154,-4,
2596,2025-09-11,187,195,193,-2,
2597,2025-09-11,180,0,0,0,
2598,2025-09-11,132,230,228,-2,Erreur saisie
2599,2025-09-11,35,79,84,5,Retour non enregistré
2600,2025-09-11,38,165,170,5,Retour non enregistré
2601,2025-09-11,4,25,27,2,
2602,2025-09-11,40,35,33,-2,Casse
2603,2025-09-11,121,6,2,-4,Casse
2604,2025-09-11,118,149,149,0,Perte
2605,2025-09-11,94,71,75,4,Casse
2606,2025-09-11,65,66,64,-2,Perte
2607,2025-09-11,69,77,76,-1,Erreur saisie
2608,2025-09-11,195,64,60,-4,Erreur saisie
2609,2025-09-11,9,9,14,5,Perte
2610,2025-09-11,149,31,35,4,
2611,2026-01-02,187,195,190,-5,Erreur saisie
2612,2026-01-02,81,136,137,1,Perte
2613,2026-01-02,100,24,29,5,Erreur saisie
2614,2026-01-02,149,31,29,-2,
2615,2026-01-02,155,97,92,-5,Perte
2616,2026-01-02,116,119,123,4,
2617,2026-01-02,22,143,143,0,Casse
2618,2026-01-02,93,126,127,1,
2619,2026-01-02,9,9,10,1,
2620,2026-01-02,144,12,8,-4,Casse
2621,2026-01-02,67,43,42,-1,Retour non enregistré
2622,2026-01-02,192,48,45,-3,Perte
2623,2026-01-02,115,40,37,-3,Erreur saisie
2624,2026-01-02,105,196,191,-5,
2625,2026-01-02,108,155,156,1,Retour non enregistré
2626,2026-01-02,159,142,144,2,Retour non enregistré
2627,2026-01-02,120,17,19,2,Retour non enregistré
2628,2026-01-02,156,146,145,-1,Retour non enregistré
2629,2026-01-02,28,9,13,4,Retour non enregistré
2630,2026-01-02,123,41,36,-5,
2631,2026-01-02,136,3,8,5,Retour non enregistré
2632,2026-01-02,58,6,7,1,Casse
2633,2026-01-02,113,206,207,1,Perte
2634,2026-01-02,79,118,118,0,Erreur saisie
2635,2026-01-02,102,49,52,3,
2636,2026-01-02,172,87,89,2,Casse
2637,2026-01-02,80,4,3,-1,Erreur saisie
2638,2026-01-02,63,124,119,-5,
2639,2026-01-02,129,191,190,-1,Erreur saisie
2640,2026-01-02,171,223,227,4,Perte
2641,2025-05-12,150,48,52,4,Casse
2642,2025-05-12,136,3,0,-3,
2643,2025-05-12,140,182,185,3,Retour non enregistré
2644,2025-05-12,88,190,195,5,Retour non enregistré
2645,2025-05-12,119,37,32,-5,Casse
2646,2025-05-12,163,91,89,-2,Retour non enregistré
2647,2025-05-12,151,57,62,5,Retour non enregistré
2648,2025-05-12,180,0,0,0,Retour non enregistré
2649,2025-05-12,56,38,40,2,Erreur saisie
2650,2025-05-12,139,16,14,-2,Perte
2651,2025-05-12,175,78,74,-4,
2652,2025-05-12,58,6,9,3,Casse
2653,2025-05-12,70,195,197,2,Perte
2654,2025-05-12,32,44,46,2,Retour non enregistré
2655,2025-05-12,59,9,9,0,
2656,2025-05-12,143,95,92,-3,Casse
2657,2025-05-12,31,24,20,-4,Perte
2658,2025-05-12,57,72,77,5,Retour non enregistré
2659,2025-05-12,158,174,179,5,Retour non enregistré
2660,2025-05-12,29,56,55,-1,Erreur saisie
2661,2025-05-12,74,73,71,-2,Retour non enregistré
2662,2025-05-12,7,36,39,3,Erreur saisie
2663,2025-05-12,94,71,67,-4,
2664,2025-05-12,71,50,49,-1,
2665,2025-05-12,91,117,121,4,Erreur saisie
2666,2025-05-12,111,17,14,-3,Casse
2667,2025-05-12,198,216,216,0,
2668,2025-05-12,25,95,100,5,Perte
2669,2025-05-12,41,91,90,-1,Casse
2670,2025-05-12,84,181,178,-3,Erreur saisie
2671,2025-04-08,80,4,2,-2,Erreur saisie
2672,2025-04-08,32,44,46,2,Casse
2673,2025-04-08,108,155,159,4,Erreur saisie
2674,2025-04-08,142,153,153,0,Perte
2675,2025-04-08,116,119,115,-4,Erreur saisie
2676,2025-04-08,9,9,12,3,Casse
2677,2025-04-08,44,27,25,-2,Retour non enregistré
2678,2025-04-08,129,191,189,-2,Erreur saisie
2679,2025-04-08,26,64,60,-4,
2680,2025-04-08,19,45,43,-2,Erreur saisie
2681,2025-04-08,101,78,73,-5,
2682,2025-04-08,125,25,28,3,Erreur saisie
2683,2025-04-08,86,40,35,-5,Casse
2684,2025-04-08,162,43,46,3,
2685,2025-04-08,173,55,50,-5,Perte
2686,2025-04-08,10,255,256,1,Retour non enregistré
2687,2025-04-08,33,118,116,-2,Retour non enregistré
2688,2025-04-08,38,165,161,-4,Erreur saisie
2689,2025-04-08,4,25,26,1,
2690,2025-04-08,153,3,8,5,Erreur saisie
2691,2025-04-08,178,23,27,4,
2692,2025-04-08,159,142,146,4,Perte
2693,2025-04-08,46,101,97,-4,Perte
2694,2025-04-08,66,16,12,-4,Retour non enregistré
2695,2025-04-08,190,48,48,0,Perte
2696,2025-04-08,14,175,176,1,Erreur saisie
2697,2025-04-08,119,37,36,-1,Perte
2698,2025-04-08,107,122,119,-3,Perte
2699,2025-04-08,47,23,23,0,Retour non enregistré
2700,2025-04-08,110,51,47,-4,Retour non enregistré
2701,2026-02-08,133,56,51,-5,
2702,2026-02-08,178,23,21,-2,Casse
2703,2026-02-08,23,71,66,-5,Retour non enregistré
2704,2026-02-08,85,9,8,-1,Retour non enregistré
2705,2026-02-08,76,41,44,3,Casse
2706,2026-02-08,200,96,95,-1,Retour non enregistré
2707,2026-02-08,88,190,194,4,Casse
2708,2026-02-08,13,111,116,5,Perte
2709,2026-02-08,166,62,60,-2,
2710,2026-02-08,8,51,55,4,Perte
2711,2026-02-08,54,62,65,3,Retour non enregistré
2712,2026-02-08,20,242,244,2,Retour non enregistré
2713,2026-02-08,193,58,58,0,Erreur saisie
2714,2026-02-08,143,95,93,-2,Retour non enregistré
2715,2026-02-08,41,91,91,0,Perte
2716,2026-02-08,113,206,209,3,Erreur saisie
2717,2026-02-08,115,40,38,-2,Perte
2718,2026-02-08,63,124,120,-4,
2719,2026-02-08,29,56,61,5,Perte
2720,2026-02-08,100,24,24,0,Perte
2721,2026-02-08,74,73,74,1,Erreur saisie
2722,2026-02-08,5,72,77,5,Retour non enregistré
2723,2026-02-08,150,48,48,0,Erreur saisie
2724,2026-02-08,128,44,49,5,Erreur saisie
2725,2026-02-08,84,181,177,-4,
2726,2026-02-08,95,25,25,0,
2727,2026-02-08,97,99,97,-2,
2728,2026-02-08,55,95,92,-3,Perte
2729,2026-02-08,77,130,129,-1,Perte
2730,2026-02-08,6,115,116,1,Casse
2731,2025-04-24,147,28,25,-3,Erreur saisie
2732,2025-04-24,142,153,157,4,Erreur saisie
2733,2025-04-24,148,83,83,0,Casse
2734,2025-04-24,84,181,179,-2,Erreur saisie
2735,2025-04-24,158,174,175,1,
2736,2025-04-24,174,36,41,5,Casse
2737,2025-04-24,82,102,100,-2,Perte
2738,2025-04-24,108,155,160,5,Retour non enregistré
2739,2025-04-24,39,65,68,3,Casse
2740,2025-04-24,132,230,232,2,
2741,2025-04-24,117,51,50,-1,Erreur saisie
2742,2025-04-24,96,110,105,-5,Erreur saisie
2743,2025-04-24,17,115,120,5,Erreur saisie
2744,2025-04-24,68,65,68,3,Casse
2745,2025-04-24,60,70,69,-1,Casse
2746,2025-04-24,72,104,100,-4,Casse
2747,2025-04-24,192,48,51,3,
2748,2025-04-24,191,25,28,3,
2749,2025-04-24,111,17,16,-1,Perte
2750,2025-04-24,107,122,126,4,Erreur saisie
2751,2025-04-24,188,156,161,5,Erreur saisie
2752,2025-04-24,157,46,42,-4,Perte
2753,2025-04-24,40,35,30,-5,
2754,2025-04-24,29,56,60,4,
2755,2025-04-24,3,202,197,-5,
2756,2025-04-24,45,145,143,-2,Perte
2757,2025-04-24,159,142,144,2,Erreur saisie
2758,2025-04-24,150,48,43,-5,Retour non enregistré
2759,2025-04-24,81,136,138,2,
2760,2025-04-24,126,4,0,-4,Casse
2761,2026-01-24,47,23,24,1,Casse
2762,2026-01-24,93,126,129,3,Erreur saisie
2763,2026-01-24,168,93,88,-5,Erreur saisie
2764,2026-01-24,61,9,8,-1,Erreur saisie
2765,2026-01-24,193,58,62,4,
2766,2026-01-24,138,86,90,4,Erreur saisie
2767,2026-01-24,54,62,57,-5,Casse
2768,2026-01-24,149,31,36,5,Erreur saisie
2769,2026-01-24,173,55,57,2,Erreur saisie
2770,2026-01-24,127,195,194,-1,Perte
2771,2026-01-24,72,104,108,4,
2772,2026-01-24,110,51,54,3,Retour non enregistré
2773,2026-01-24,187,195,190,-5,Erreur saisie
2774,2026-01-24,148,83,80,-3,Casse
2775,2026-01-24,94,71,74,3,Casse
2776,2026-01-24,153,3,7,4,Erreur saisie
2777,2026-01-24,111,17,19,2,
2778,2026-01-24,33,118,120,2,Perte
2779,2026-01-24,64,128,127,-1,Casse
2780,2026-01-24,191,25,22,-3,
2781,2026-01-24,83,93,96,3,Casse
2782,2026-01-24,199,21,20,-1,Casse
2783,2026-01-24,136,3,2,-1,
2784,2026-01-24,36,45,50,5,Erreur saisie
2785,2026-01-24,43,213,215,2,
2786,2026-01-24,10,255,250,-5,Erreur saisie
2787,2026-01-24,71,50,52,2,Retour non enregistré
2788,2026-01-24,49,83,88,5,Casse
2789,2026-01-24,79,118,123,5,Perte
2790,2026-01-24,62,5,1,-4,Erreur saisie
2791,2025-05-27,40,35,35,0,
2792,2025-05-27,18,159,156,-3,Erreur saisie
2793,2025-05-27,121,6,7,1,Perte
2794,2025-05-27,53,206,203,-3,Erreur saisie
2795,2025-05-27,195,64,66,2,Casse
2796,2025-05-27,93,126,121,-5,Casse
2797,2025-05-27,49,83,78,-5,Perte
2798,2025-05-27,68,65,69,4,Casse
2799,2025-05-27,192,48,48,0,Perte
2800,2025-05-27,94,71,71,0,Perte
2801,2025-05-27,136,3,0,-3,Casse
2802,2025-05-27,21,41,46,5,Retour non enregistré
2803,2025-05-27,199,21,26,5,Perte
2804,2025-05-27,99,225,227,2,
2805,2025-05-27,107,122,127,5,
2806,2025-05-27,86,40,41,1,Retour non enregistré
2807,2025-05-27,117,51,49,-2,Casse
2808,2025-05-27,159,142,138,-4,Perte
2809,2025-05-27,45,145,144,-1,
2810,2025-05-27,125,25,22,-3,Perte
2811,2025-05-27,13,111,114,3,Erreur saisie
2812,2025-05-27,137,147,143,-4,Retour non enregistré
2813,2025-05-27,31,24,29,5,Erreur saisie
2814,2025-05-27,8,51,48,-3,Erreur saisie
2815,2025-05-27,98,129,134,5,Retour non enregistré
2816,2025-05-27,78,33,37,4,Casse
2817,2025-05-27,60,70,66,-4,Erreur saisie
2818,2025-05-27,146,123,126,3,Erreur saisie
2819,2025-05-27,81,136,136,0,Erreur saisie
2820,2025-05-27,158,174,170,-4,Retour non enregistré
2821,2025-09-20,88,190,185,-5,Casse
2822,2025-09-20,128,44,39,-5,
2823,2025-09-20,113,206,211,5,Erreur saisie
2824,2025-09-20,94,71,74,3,
2825,2025-09-20,19,45,49,4,Casse
2826,2025-09-20,195,64,66,2,Retour non enregistré
2827,2025-09-20,189,150,148,-2,Casse
2828,2025-09-20,85,9,6,-3,
2829,2025-09-20,75,105,105,0,
2830,2025-09-20,115,40,45,5,Perte
2831,2025-09-20,53,206,208,2,Retour non enregistré
2832,2025-09-20,129,191,191,0,Erreur saisie
2833,2025-09-20,168,93,94,1,Erreur saisie
2834,2025-09-20,170,183,185,2,Erreur saisie
2835,2025-09-20,33,118,113,-5,Erreur saisie
2836,2025-09-20,66,16,14,-2,Casse
2837,2025-09-20,144,12,12,0,Erreur saisie
2838,2025-09-20,70,195,193,-2,Perte
2839,2025-09-20,54,62,59,-3,Erreur saisie
2840,2025-09-20,92,129,125,-4,Casse
2841,2025-09-20,135,83,85,2,
2842,2025-09-20,171,223,220,-3,Retour non enregistré
2843,2025-09-20,9,9,12,3,Casse
2844,2025-09-20,199,21,17,-4,Casse
2845,2025-09-20,37,212,207,-5,Retour non enregistré
2846,2025-09-20,59,9,5,-4,Erreur saisie
2847,2025-09-20,21,41,42,1,
2848,2025-09-20,167,142,138,-4,Erreur saisie
2849,2025-09-20,127,195,193,-2,Perte
2850,2025-09-20,89,96,94,-2,Retour non enregistré
2851,2025-04-20,37,212,208,-4,
2852,2025-04-20,1,77,80,3,
2853,2025-04-20,27,160,164,4,Casse
2854,2025-04-20,112,92,92,0,
2855,2025-04-20,5,72,69,-3,Casse
2856,2025-04-20,198,216,215,-1,Retour non enregistré
2857,2025-04-20,66,16,13,-3,Retour non enregistré
2858,2025-04-20,6,115,120,5,Perte
2859,2025-04-20,77,130,135,5,Casse
2860,2025-04-20,58,6,7,1,
2861,2025-04-20,14,175,175,0,Casse
2862,2025-04-20,67,43,48,5,Erreur saisie
2863,2025-04-20,194,158,160,2,Casse
2864,2025-04-20,90,57,53,-4,
2865,2025-04-20,176,7,5,-2,
2866,2025-04-20,115,40,36,-4,
2867,2025-04-20,97,99,104,5,Erreur saisie
2868,2025-04-20,172,87,87,0,Retour non enregistré
2869,2025-04-20,35,79,83,4,Erreur saisie
2870,2025-04-20,53,206,203,-3,Perte
2871,2025-04-20,179,65,70,5,
2872,2025-04-20,34,27,27,0,Retour non enregistré
2873,2025-04-20,181,255,255,0,Perte
2874,2025-04-20,41,91,92,1,Retour non enregistré
2875,2025-04-20,100,24,25,1,Erreur saisie
2876,2025-04-20,8,51,51,0,Casse
2877,2025-04-20,155,97,102,5,
2878,2025-04-20,17,115,113,-2,Perte
2879,2025-04-20,114,137,134,-3,Casse
2880,2025-04-20,62,5,0,-5,Retour non enregistré
2881,2025-04-22,109,120,123,3,Casse
2882,2025-04-22,182,129,128,-1,Casse
2883,2025-04-22,198,216,212,-4,Casse
2884,2025-04-22,41,91,95,4,Erreur saisie
2885,2025-04-22,59,9,5,-4,Retour non enregistré
2886,2025-04-22,6,115,118,3,Casse
2887,2025-04-22,48,178,179,1,
2888,2025-04-22,118,149,150,1,Retour non enregistré
2889,2025-04-22,23,71,76,5,Perte
2890,2025-04-22,181,255,251,-4,Erreur saisie
2891,2025-04-22,71,50,49,-1,Casse
2892,2025-04-22,63,124,123,-1,Erreur saisie
2893,2025-04-22,28,9,7,-2,Retour non enregistré
2894,2025-04-22,9,9,6,-3,Retour non enregistré
2895,2025-04-22,10,255,255,0,Casse
2896,2025-04-22,131,28,28,0,Retour non enregistré
2897,2025-04-22,35,79,76,-3,Perte
2898,2025-04-22,39,65,62,-3,Perte
2899,2025-04-22,190,48,44,-4,Casse
2900,2025-04-22,91,117,120,3,Retour non enregistré
2901,2025-04-22,7,36,33,-3,Retour non enregistré
2902,2025-04-22,45,145,150,5,Perte
2903,2025-04-22,87,74,70,-4,
2904,2025-04-22,156,146,149,3,Casse
2905,2025-04-22,24,178,173,-5,Erreur saisie
2906,2025-04-22,47,23,19,-4,Perte
2907,2025-04-22,149,31,33,2,
2908,2025-04-22,133,56,54,-2,
2909,2025-04-22,122,112,112,0,Casse
2910,2025-04-22,56,38,37,-1,Casse
2911,2025-03-30,145,32,36,4,Perte
2912,2025-03-30,74,73,74,1,Erreur saisie
2913,2025-03-30,5,72,69,-3,Casse
2914,2025-03-30,103,58,58,0,Perte
2915,2025-03-30,199,21,24,3,Perte
2916,2025-03-30,96,110,113,3,
2917,2025-03-30,32,44,49,5,
2918,2025-03-30,36,45,45,0,Casse
2919,2025-03-30,84,181,176,-5,Casse
2920,2025-03-30,142,153,155,2,Retour non enregistré
2921,2025-03-30,27,160,164,4,Casse
2922,2025-03-30,161,254,259,5,Erreur saisie
2923,2025-03-30,77,130,134,4,Erreur saisie
2924,2025-03-30,73,137,140,3,Erreur saisie
2925,2025-03-30,87,74,78,4,Erreur saisie
2926,2025-03-30,67,43,46,3,Casse
2927,2025-03-30,38,165,170,5,Erreur saisie
2928,2025-03-30,46,101,104,3,Perte
2929,2025-03-30,13,111,106,-5,Erreur saisie
2930,2025-03-30,64,128,130,2,Casse
2931,2025-03-30,187,195,190,-5,Perte
2932,2025-03-30,6,115,117,2,Erreur saisie
2933,2025-03-30,78,33,35,2,Retour non enregistré
2934,2025-03-30,1,77,81,4,
2935,2025-03-30,194,158,161,3,Retour non enregistré
2936,2025-03-30,17,115,120,5,
2937,2025-03-30,189,150,145,-5,Retour non enregistré
2938,2025-03-30,56,38,34,-4,
2939,2025-03-30,80,4,6,2,Perte
2940,2025-03-30,155,97,94,-3,Perte
2941,2025-04-05,62,5,4,-1,Retour non enregistré
2942,2025-04-05,185,103,100,-3,Retour non enregistré
2943,2025-04-05,122,112,117,5,Casse
2944,2025-04-05,131,28,27,-1,Perte
2945,2025-04-05,159,142,147,5,Casse
2946,2025-04-05,47,23,28,5,Erreur saisie
2947,2025-04-05,164,87,91,4,Retour non enregistré
2948,2025-04-05,3,202,201,-1,Casse
2949,2025-04-05,11,54,58,4,Retour non enregistré
2950,2025-04-05,25,95,100,5,Perte
2951,2025-04-05,173,55,58,3,
2952,2025-04-05,4,25,24,-1,Retour non enregistré
2953,2025-04-05,155,97,93,-4,
2954,2025-04-05,24,178,182,4,
2955,2025-04-05,149,31,31,0,Perte
2956,2025-04-05,79,118,118,0,Casse
2957,2025-04-05,5,72,73,1,Erreur saisie
2958,2025-04-05,186,82,83,1,Casse
2959,2025-04-05,49,83,79,-4,Retour non enregistré
2960,2025-04-05,106,83,87,4,Perte
2961,2025-04-05,129,191,192,1,Casse
2962,2025-04-05,84,181,181,0,Casse
2963,2025-04-05,29,56,61,5,Casse
2964,2025-04-05,200,96,94,-2,Perte
2965,2025-04-05,72,104,109,5,Perte
2966,2025-04-05,188,156,152,-4,
2967,2025-04-05,138,86,88,2,Perte
2968,2025-04-05,42,41,36,-5,
2969,2025-04-05,127,195,197,2,Perte
2970,2025-04-05,52,72,67,-5,
2971,2025-06-11,26,64,63,-1,
2972,2025-06-11,187,195,200,5,Erreur saisie
2973,2025-06-11,47,23,21,-2,
2974,2025-06-11,58,6,6,0,Perte
2975,2025-06-11,69,77,73,-4,
2976,2025-06-11,176,7,11,4,Erreur saisie
2977,2025-06-11,78,33,31,-2,Casse
2978,2025-06-11,173,55,58,3,Casse
2979,2025-06-11,107,122,123,1,Erreur saisie
2980,2025-06-11,98,129,131,2,
2981,2025-06-11,86,40,45,5,
2982,2025-06-11,144,12,11,-1,Casse
2983,2025-06-11,148,83,84,1,Casse
2984,2025-06-11,18,159,155,-4,Retour non enregistré
2985,2025-06-11,46,101,104,3,
2986,2025-06-11,52,72,75,3,
2987,2025-06-11,166,62,62,0,Perte
2988,2025-06-11,140,182,181,-1,Erreur saisie
2989,2025-06-11,122,112,116,4,Erreur saisie
2990,2025-06-11,22,143,139,-4,
2991,2025-06-11,152,14,18,4,Erreur saisie
2992,2025-06-11,117,51,47,-4,Erreur saisie
2993,2025-06-11,48,178,176,-2,
2994,2025-06-11,179,65,69,4,
2995,2025-06-11,102,49,53,4,
2996,2025-06-11,156,146,147,1,Perte
2997,2025-06-11,119,37,39,2,Casse
2998,2025-06-11,103,58,59,1,Retour non enregistré
2999,2025-06-11,121,6,1,-5,Erreur saisie
3000,2025-06-11,134,57,61,4,
3001,2025-06-29,164,87,83,-4,Casse
3002,2025-06-29,90,57,61,4,Casse
3003,2025-06-29,105,196,198,2,Perte
3004,2025-06-29,32,44,48,4,Perte
3005,2025-06-29,24,178,175,-3,Casse
3006,2025-06-29,57,72,75,3,Perte
3007,2025-06-29,132,230,231,1,Perte
3008,2025-06-29,169,63,61,-2,
3009,2025-06-29,180,0,0,0,Retour non enregistré
3010,2025-06-29,161,254,255,1,Perte
3011,2025-06-29,148,83,79,-4,Retour non enregistré
3012,2025-06-29,11,54,59,5,
3013,2025-06-29,171,223,221,-2,Erreur saisie
3014,2025-06-29,188,156,151,-5,Casse
3015,2025-06-29,79,118,116,-2,
3016,2025-06-29,16,51,52,1,Casse
3017,2025-06-29,198,216,220,4,
3018,2025-06-29,38,165,168,3,Casse
3019,2025-06-29,107,122,125,3,Perte
3020,2025-06-29,125,25,29,4,Casse
3021,2025-06-29,78,33,29,-4,Casse
3022,2025-06-29,151,57,60,3,
3023,2025-06-29,21,41,36,-5,Retour non enregistré
3024,2025-06-29,114,137,135,-2,
3025,2025-06-29,72,104,101,-3,Casse
3026,2025-06-29,93,126,129,3,Retour non enregistré
3027,2025-06-29,83,93,95,2,Perte
3028,2025-06-29,74,73,72,-1,Perte
3029,2025-06-29,106,83,79,-4,
3030,2025-06-29,194,158,156,-2,Erreur saisie
3031,2025-05-11,133,56,60,4,
3032,2025-05-11,142,153,151,-2,Retour non enregistré
3033,2025-05-11,55,95,90,-5,Perte
3034,2025-05-11,53,206,210,4,Casse
3035,2025-05-11,57,72,68,-4,Erreur saisie
3036,2025-05-11,110,51,47,-4,Retour non enregistré
3037,2025-05-11,32,44,40,-4,
3038,2025-05-11,105,196,198,2,Perte
3039,2025-05-11,114,137,141,4,Erreur saisie
3040,2025-05-11,151,57,53,-4,
3041,2025-05-11,16,51,46,-5,Erreur saisie
3042,2025-05-11,6,115,111,-4,
3043,2025-05-11,122,112,107,-5,Erreur saisie
3044,2025-05-11,161,254,255,1,Perte
3045,2025-05-11,17,115,119,4,Retour non enregistré
3046,2025-05-11,21,41,39,-2,Casse
3047,2025-05-11,123,41,43,2,
3048,2025-05-11,192,48,44,-4,Perte
3049,2025-05-11,182,129,130,1,Erreur saisie
3050,2025-05-11,87,74,70,-4,Retour non enregistré
3051,2025-05-11,131,28,30,2,Perte
3052,2025-05-11,7,36,32,-4,Erreur saisie
3053,2025-05-11,41,91,94,3,Perte
3054,2025-05-11,27,160,165,5,Retour non enregistré
3055,2025-05-11,138,86,81,-5,Perte
3056,2025-05-11,135,83,78,-5,
3057,2025-05-11,52,72,74,2,Casse
3058,2025-05-11,70,195,192,-3,Retour non enregistré
3059,2025-05-11,46,101,96,-5,Perte
3060,2025-05-11,170,183,180,-3,Retour non enregistré
3061,2025-05-30,24,178,181,3,
3062,2025-05-30,66,16,20,4,Retour non enregistré
3063,2025-05-30,83,93,89,-4,Erreur saisie
3064,2025-05-30,200,96,101,5,Casse
3065,2025-05-30,11,54,49,-5,Erreur saisie
3066,2025-05-30,82,102,104,2,Casse
3067,2025-05-30,150,48,47,-1,Casse
3068,2025-05-30,97,99,94,-5,Casse
3069,2025-05-30,33,118,121,3,
3070,2025-05-30,89,96,101,5,Retour non enregistré
3071,2025-05-30,69,77,72,-5,
3072,2025-05-30,170,183,183,0,Casse
3073,2025-05-30,78,33,38,5,Casse
3074,2025-05-30,149,31,31,0,
3075,2025-05-30,8,51,50,-1,Retour non enregistré
3076,2025-05-30,141,101,96,-5,Erreur saisie
3077,2025-05-30,164,87,86,-1,Perte
3078,2025-05-30,124,102,106,4,Casse
3079,2025-05-30,143,95,97,2,Perte
3080,2025-05-30,12,9,10,1,Casse
3081,2025-05-30,19,45,46,1,Erreur saisie
3082,2025-05-30,195,64,66,2,Perte
3083,2025-05-30,129,191,188,-3,Erreur saisie
3084,2025-05-30,131,28,30,2,Casse
3085,2025-05-30,68,65,65,0,
3086,2025-05-30,185,103,108,5,Perte
3087,2025-05-30,6,115,117,2,Perte
3088,2025-05-30,27,160,158,-2,
3089,2025-05-30,65,66,65,-1,Retour non enregistré
3090,2025-05-30,14,175,173,-2,
3091,2025-09-08,50,45,43,-2,Erreur saisie
3092,2025-09-08,30,81,83,2,Perte
3093,2025-09-08,22,143,141,-2,
3094,2025-09-08,65,66,69,3,
3095,2025-09-08,27,160,164,4,Erreur saisie
3096,2025-09-08,35,79,84,5,Erreur saisie
3097,2025-09-08,166,62,59,-3,Retour non enregistré
3098,2025-09-08,63,124,120,-4,Erreur saisie
3099,2025-09-08,61,9,12,3,Casse
3100,2025-09-08,29,56,51,-5,Erreur saisie
3101,2025-09-08,121,6,9,3,Erreur saisie
3102,2025-09-08,175,78,79,1,Casse
3103,2025-09-08,55,95,92,-3,Casse
3104,2025-09-08,137,147,152,5,
3105,2025-09-08,163,91,87,-4,Perte
3106,2025-09-08,56,38,43,5,Retour non enregistré
3107,2025-09-08,102,49,44,-5,Retour non enregistré
3108,2025-09-08,161,254,259,5,Perte
3109,2025-09-08,76,41,41,0,Perte
3110,2025-09-08,33,118,120,2,Perte
3111,2025-09-08,183,27,32,5,Perte
3112,2025-09-08,131,28,27,-1,Casse
3113,2025-09-08,84,181,182,1,Erreur saisie
3114,2025-09-08,83,93,98,5,
3115,2025-09-08,21,41,42,1,
3116,2025-09-08,82,102,107,5,Retour non enregistré
3117,2025-09-08,58,6,1,-5,
3118,2025-09-08,168,93,88,-5,
3119,2025-09-08,15,134,138,4,Retour non enregistré
3120,2025-09-08,109,120,120,0,Retour non enregistré
3121,2025-08-22,2,21,21,0,Perte
3122,2025-08-22,148,83,79,-4,Erreur saisie
3123,2025-08-22,23,71,76,5,Perte
3124,2025-08-22,182,129,131,2,Perte
3125,2025-08-22,28,9,6,-3,Retour non enregistré
3126,2025-08-22,84,181,176,-5,Perte
3127,2025-08-22,171,223,220,-3,
3128,2025-08-22,52,72,67,-5,Retour non enregistré
3129,2025-08-22,39,65,60,-5,
3130,2025-08-22,181,255,255,0,Casse
3131,2025-08-22,37,212,213,1,Perte
3132,2025-08-22,123,41,44,3,
3133,2025-08-22,99,225,227,2,Retour non enregistré
3134,2025-08-22,166,62,64,2,Retour non enregistré
3135,2025-08-22,170,183,182,-1,Erreur saisie
3136,2025-08-22,168,93,98,5,Casse
3137,2025-08-22,11,54,54,0,Erreur saisie
3138,2025-08-22,54,62,66,4,Perte
3139,2025-08-22,79,118,114,-4,
3140,2025-08-22,141,101,102,1,Retour non enregistré
3141,2025-08-22,70,195,194,-1,Perte
3142,2025-08-22,116,119,122,3,
3143,2025-08-22,136,3,2,-1,
3144,2025-08-22,130,11,11,0,Perte
3145,2025-08-22,13,111,108,-3,Casse
3146,2025-08-22,4,25,30,5,Casse
3147,2025-08-22,68,65,68,3,Retour non enregistré
3148,2025-08-22,118,149,151,2,Casse
3149,2025-08-22,45,145,141,-4,Retour non enregistré
3150,2025-08-22,66,16,17,1,Casse
3151,2025-09-10,51,58,54,-4,Perte
3152,2025-09-10,121,6,6,0,Retour non enregistré
3153,2025-09-10,82,102,106,4,Erreur saisie
3154,2025-09-10,125,25,30,5,Perte
3155,2025-09-10,52,72,68,-4,
3156,2025-09-10,155,97,96,-1,Perte
3157,2025-09-10,66,16,20,4,Erreur saisie
3158,2025-09-10,35,79,78,-1,Casse
3159,2025-09-10,97,99,96,-3,Erreur saisie
3160,2025-09-10,98,129,130,1,Perte
3161,2025-09-10,18,159,159,0,Retour non enregistré
3162,2025-09-10,11,54,53,-1,Erreur saisie
3163,2025-09-10,154,192,190,-2,Erreur saisie
3164,2025-09-10,156,146,144,-2,Perte
3165,2025-09-10,93,126,122,-4,Perte
3166,2025-09-10,138,86,89,3,Retour non enregistré
3167,2025-09-10,57,72,73,1,
3168,2025-09-10,175,78,77,-1,
3169,2025-09-10,62,5,9,4,Casse
3170,2025-09-10,2,21,20,-1,Perte
3171,2025-09-10,94,71,72,1,Casse
3172,2025-09-10,174,36,35,-1,Casse
3173,2025-09-10,61,9,7,-2,Perte
3174,2025-09-10,151,57,52,-5,Perte
3175,2025-09-10,141,101,101,0,Erreur saisie
3176,2025-09-10,23,71,68,-3,
3177,2025-09-10,169,63,66,3,Casse
3178,2025-09-10,149,31,26,-5,Retour non enregistré
3179,2025-09-10,200,96,94,-2,Erreur saisie
3180,2025-09-10,116,119,114,-5,Perte
3181,2025-09-10,99,225,230,5,Retour non enregistré
3182,2025-09-10,117,51,46,-5,Perte
3183,2025-09-10,7,36,38,2,Perte
3184,2025-09-10,165,42,44,2,Erreur saisie
3185,2025-09-10,42,41,43,2,
3186,2025-09-10,128,44,45,1,Erreur saisie
3187,2025-09-10,63,124,120,-4,Retour non enregistré
3188,2025-09-10,195,64,67,3,Perte
3189,2025-09-10,103,58,63,5,
3190,2025-09-10,21,41,42,1,
3191,2025-09-10,67,43,38,-5,Erreur saisie
3192,2025-09-10,155,97,92,-5,
3193,2025-09-10,156,146,145,-1,Casse
3194,2025-09-10,134,57,62,5,
3195,2025-09-10,166,62,62,0,
3196,2025-09-10,24,178,177,-1,Retour non enregistré
3197,2025-09-10,196,20,24,4,Erreur saisie
3198,2025-09-10,145,32,29,-3,Retour non enregistré
3199,2025-09-10,23,71,75,4,Erreur saisie
3200,2025-09-10,124,102,98,-4,Casse
3201,2025-09-10,189,150,146,-4,Casse
3202,2025-09-10,152,14,14,0,Retour non enregistré
3203,2025-09-10,149,31,30,-1,
3204,2025-09-10,141,101,101,0,Erreur saisie
3205,2025-09-10,151,57,53,-4,Perte
3206,2025-09-10,12,9,8,-1,Perte
3207,2025-09-10,174,36,31,-5,Casse
3208,2025-09-10,130,11,15,4,
3209,2025-09-10,131,28,31,3,Casse
3210,2025-09-10,62,5,6,1,Casse
3211,2026-01-20,113,206,206,0,Perte
3212,2026-01-20,89,96,98,2,
3213,2026-01-20,6,115,112,-3,Erreur saisie
3214,2026-01-20,74,73,77,4,
3215,2026-01-20,111,17,19,2,
3216,2026-01-20,94,71,66,-5,Erreur saisie
3217,2026-01-20,138,86,89,3,Casse
3218,2026-01-20,71,50,50,0,Retour non enregistré
3219,2026-01-20,118,149,146,-3,Erreur saisie
3220,2026-01-20,83,93,90,-3,Erreur saisie
3221,2026-01-20,24,178,181,3,Casse
3222,2026-01-20,79,118,114,-4,Perte
3223,2026-01-20,34,27,22,-5,
3224,2026-01-20,188,156,160,4,
3225,2026-01-20,3,202,200,-2,Erreur saisie
3226,2026-01-20,36,45,42,-3,Perte
3227,2026-01-20,26,64,60,-4,Perte
3228,2026-01-20,46,101,102,1,Perte
3229,2026-01-20,169,63,64,1,Casse
3230,2026-01-20,147,28,24,-4,Perte
3231,2026-01-20,181,255,253,-2,Casse
3232,2026-01-20,174,36,33,-3,Erreur saisie
3233,2026-01-20,15,134,129,-5,Retour non enregistré
3234,2026-01-20,123,41,43,2,Retour non enregistré
3235,2026-01-20,82,102,98,-4,
3236,2026-01-20,108,155,159,4,Casse
3237,2026-01-20,184,168,168,0,Casse
3238,2026-01-20,105,196,195,-1,Retour non enregistré
3239,2026-01-20,44,27,30,3,
3240,2026-01-20,106,83,86,3,Perte
3241,2025-11-02,192,48,45,-3,Perte
3242,2025-11-02,100,24,21,-3,Perte
3243,2025-11-02,17,115,110,-5,Casse
3244,2025-11-02,47,23,24,1,
3245,2025-11-02,162,43,42,-1,
3246,2025-11-02,108,155,158,3,Retour non enregistré
3247,2025-11-02,27,160,157,-3,Erreur saisie
3248,2025-11-02,46,101,100,-1,
3249,2025-11-02,185,103,108,5,
3250,2025-11-02,104,108,104,-4,Retour non enregistré
3251,2025-11-02,50,45,50,5,Perte
3252,2025-11-02,148,83,80,-3,Retour non enregistré
3253,2025-11-02,136,3,7,4,Erreur saisie
3254,2025-11-02,190,48,51,3,Casse
3255,2025-11-02,51,58,55,-3,Casse
3256,2025-11-02,96,110,105,-5,Retour non enregistré
3257,2025-11-02,16,51,53,2,Perte
3258,2025-11-02,67,43,41,-2,Retour non enregistré
3259,2025-11-02,155,97,99,2,
3260,2025-11-02,57,72,76,4,
3261,2025-11-02,199,21,16,-5,Erreur saisie
3262,2025-11-02,122,112,110,-2,Retour non enregistré
3263,2025-11-02,115,40,44,4,Erreur saisie
3264,2025-11-02,119,37,40,3,
3265,2025-11-02,110,51,53,2,Retour non enregistré
3266,2025-11-02,55,95,98,3,Casse
3267,2025-11-02,156,146,142,-4,Retour non enregistré
3268,2025-11-02,138,86,88,2,
3269,2025-11-02,86,40,35,-5,Erreur saisie
3270,2025-11-02,121,6,11,5,Casse
3271,2025-03-11,86,40,43,3,Erreur saisie
3272,2025-03-11,19,45,44,-1,Retour non enregistré
3273,2025-03-11,149,31,36,5,
3274,2025-03-11,198,216,217,1,Perte
3275,2025-03-11,29,56,57,1,Casse
3276,2025-03-11,123,41,39,-2,Erreur saisie
3277,2025-03-11,60,70,71,1,Erreur saisie
3278,2025-03-11,153,3,1,-2,
3279,2025-03-11,62,5,1,-4,Retour non enregistré
3280,2025-03-11,18,159,164,5,Retour non enregistré
3281,2025-03-11,107,122,123,1,Casse
3282,2025-03-11,148,83,85,2,Erreur saisie
3283,2025-03-11,118,149,148,-1,Perte
3284,2025-03-11,180,0,2,2,Casse
3285,2025-03-11,183,27,32,5,Perte
3286,2025-03-11,68,65,68,3,Retour non enregistré
3287,2025-03-11,169,63,63,0,
3288,2025-03-11,190,48,44,-4,Perte
3289,2025-03-11,44,27,24,-3,Perte
3290,2025-03-11,119,37,33,-4,Casse
3291,2025-03-11,147,28,31,3,
3292,2025-03-11,142,153,153,0,Erreur saisie
3293,2025-03-11,140,182,178,-4,Erreur saisie
3294,2025-03-11,115,40,43,3,
3295,2025-03-11,181,255,252,-3,Erreur saisie
3296,2025-03-11,172,87,87,0,
3297,2025-03-11,157,46,48,2,Casse
3298,2025-03-11,10,255,250,-5,Retour non enregistré
3299,2025-03-11,187,195,194,-1,Erreur saisie
3300,2025-03-11,23,71,68,-3,
3301,2025-09-09,1,77,72,-5,Casse
3302,2025-09-09,87,74,74,0,Casse
3303,2025-09-09,187,195,199,4,Perte
3304,2025-09-09,128,44,39,-5,
3305,2025-09-09,65,66,66,0,Casse
3306,2025-09-09,69,77,81,4,Retour non enregistré
3307,2025-09-09,86,40,44,4,Erreur saisie
3308,2025-09-09,85,9,11,2,
3309,2025-09-09,5,72,72,0,Retour non enregistré
3310,2025-09-09,175,78,81,3,Perte
3311,2025-09-09,14,175,174,-1,Erreur saisie
3312,2025-09-09,159,142,140,-2,Erreur saisie
3313,2025-09-09,140,182,182,0,Perte
3314,2025-09-09,97,99,99,0,Casse
3315,2025-09-09,26,64,68,4,Casse
3316,2025-09-09,153,3,8,5,Retour non enregistré
3317,2025-09-09,17,115,118,3,Casse
3318,2025-09-09,141,101,103,2,Casse
3319,2025-09-09,142,153,153,0,Casse
3320,2025-09-09,10,255,254,-1,
3321,2025-09-09,36,45,43,-2,Erreur saisie
3322,2025-09-09,81,136,137,1,
3323,2025-09-09,71,50,49,-1,Retour non enregistré
3324,2025-09-09,6,115,114,-1,Erreur saisie
3325,2025-09-09,194,158,158,0,Erreur saisie
3326,2025-09-09,118,149,153,4,Erreur saisie
3327,2025-09-09,191,25,23,-2,
3328,2025-09-09,124,102,107,5,Casse
3329,2025-09-09,171,223,224,1,
3330,2025-09-09,189,150,155,5,
3331,2025-08-31,46,101,96,-5,
3332,2025-08-31,125,25,22,-3,Erreur saisie
3333,2025-08-31,37,212,211,-1,
3334,2025-08-31,199,21,20,-1,Erreur saisie
3335,2025-08-31,116,119,116,-3,Erreur saisie
3336,2025-08-31,54,62,62,0,Erreur saisie
3337,2025-08-31,133,56,56,0,Casse
3338,2025-08-31,45,145,150,5,Perte
3339,2025-08-31,1,77,77,0,Casse
3340,2025-08-31,38,165,161,-4,Casse
3341,2025-08-31,181,255,252,-3,
3342,2025-08-31,103,58,56,-2,Erreur saisie
3343,2025-08-31,66,16,19,3,Erreur saisie
3344,2025-08-31,7,36,34,-2,Perte
3345,2025-08-31,120,17,21,4,
3346,2025-08-31,106,83,86,3,Casse
3347,2025-08-31,91,117,118,1,
3348,2025-08-31,89,96,100,4,Erreur saisie
3349,2025-08-31,140,182,183,1,Perte
3350,2025-08-31,10,255,255,0,Retour non enregistré
3351,2025-08-31,60,70,75,5,Casse
3352,2025-08-31,160,90,90,0,Perte
3353,2025-08-31,136,3,4,1,Retour non enregistré
3354,2025-08-31,85,9,8,-1,
3355,2025-08-31,130,11,11,0,Retour non enregistré
3356,2025-08-31,113,206,207,1,Perte
3357,2025-08-31,43,213,218,5,Perte
3358,2025-08-31,165,42,42,0,
3359,2025-08-31,3,202,198,-4,
3360,2025-08-31,16,51,56,5,Perte
3361,2026-01-19,28,9,12,3,Perte
3362,2026-01-19,141,101,103,2,Casse
3363,2026-01-19,21,41,40,-1,Perte
3364,2026-01-19,45,145,150,5,Erreur saisie
3365,2026-01-19,154,192,196,4,Perte
3366,2026-01-19,130,11,15,4,Erreur saisie
3367,2026-01-19,128,44,43,-1,Perte
3368,2026-01-19,18,159,156,-3,
3369,2026-01-19,98,129,129,0,
3370,2026-01-19,155,97,100,3,Casse
3371,2026-01-19,72,104,101,-3,
3372,2026-01-19,93,126,125,-1,Casse
3373,2026-01-19,88,190,186,-4,
3374,2026-01-19,189,150,145,-5,Retour non enregistré
3375,2026-01-19,169,63,65,2,Erreur saisie
3376,2026-01-19,190,48,48,0,Erreur saisie
3377,2026-01-19,137,147,142,-5,
3378,2026-01-19,25,95,90,-5,Perte
3379,2026-01-19,35,79,77,-2,Erreur saisie
3380,2026-01-19,179,65,63,-2,Retour non enregistré
3381,2026-01-19,74,73,78,5,Retour non enregistré
3382,2026-01-19,73,137,139,2,
3383,2026-01-19,63,124,119,-5,
3384,2026-01-19,36,45,47,2,Retour non enregistré
3385,2026-01-19,42,41,36,-5,
3386,2026-01-19,43,213,211,-2,
3387,2026-01-19,171,223,227,4,Retour non enregistré
3388,2026-01-19,6,115,115,0,
3389,2026-01-19,161,254,253,-1,Casse
3390,2026-01-19,167,142,139,-3,
3391,2025-09-03,177,97,99,2,
3392,2025-09-03,171,223,218,-5,Casse
3393,2025-09-03,106,83,80,-3,Retour non enregistré
3394,2025-09-03,26,64,69,5,Retour non enregistré
3395,2025-09-03,140,182,180,-2,Erreur saisie
3396,2025-09-03,119,37,34,-3,Erreur saisie
3397,2025-09-03,162,43,45,2,Casse
3398,2025-09-03,173,55,57,2,Perte
3399,2025-09-03,74,73,70,-3,
3400,2025-09-03,24,178,176,-2,Erreur saisie
3401,2025-09-03,196,20,19,-1,Retour non enregistré
3402,2025-09-03,91,117,114,-3,Retour non enregistré
3403,2025-09-03,32,44,48,4,Retour non enregistré
3404,2025-09-03,159,142,138,-4,
3405,2025-09-03,183,27,32,5,Retour non enregistré
3406,2025-09-03,189,150,147,-3,Perte
3407,2025-09-03,76,41,42,1,Retour non enregistré
3408,2025-09-03,128,44,46,2,Erreur saisie
3409,2025-09-03,79,118,115,-3,Casse
3410,2025-09-03,99,225,226,1,
3411,2025-09-03,135,83,79,-4,Retour non enregistré
3412,2025-09-03,68,65,63,-2,
3413,2025-09-03,125,25,28,3,Casse
3414,2025-09-03,64,128,127,-1,Perte
3415,2025-09-03,200,96,91,-5,Retour non enregistré
3416,2025-09-03,186,82,81,-1,Casse
3417,2025-09-03,90,57,54,-3,Erreur saisie
3418,2025-09-03,8,51,51,0,Erreur saisie
3419,2025-09-03,160,90,91,1,
3420,2025-09-03,133,56,61,5,Casse
3421,2025-06-19,106,83,85,2,Retour non enregistré
3422,2025-06-19,140,182,183,1,Erreur saisie
3423,2025-06-19,74,73,70,-3,
3424,2025-06-19,43,213,209,-4,Retour non enregistré
3425,2025-06-19,137,147,147,0,
3426,2025-06-19,55,95,100,5,Erreur saisie
3427,2025-06-19,186,82,87,5,Erreur saisie
3428,2025-06-19,138,86,91,5,Retour non enregistré
3429,2025-06-19,142,153,151,-2,Retour non enregistré
3430,2025-06-19,141,101,104,3,Erreur saisie
3431,2025-06-19,50,45,44,-1,Erreur saisie
3432,2025-06-19,6,115,120,5,Perte
3433,2025-06-19,20,242,245,3,Casse
3434,2025-06-19,96,110,110,0,Erreur saisie
3435,2025-06-19,76,41,43,2,Casse
3436,2025-06-19,62,5,8,3,Erreur saisie
3437,2025-06-19,57,72,71,-1,Casse
3438,2025-06-19,73,137,140,3,Erreur saisie
3439,2025-06-19,119,37,36,-1,Casse
3440,2025-06-19,2,21,25,4,Retour non enregistré
3441,2025-06-19,81,136,141,5,Perte
3442,2025-06-19,35,79,75,-4,Retour non enregistré
3443,2025-06-19,78,33,32,-1,
3444,2025-06-19,184,168,166,-2,Retour non enregistré
3445,2025-06-19,65,66,68,2,Erreur saisie
3446,2025-06-19,85,9,4,-5,Perte
3447,2025-06-19,172,87,84,-3,
3448,2025-06-19,197,137,132,-5,Erreur saisie
3449,2025-06-19,150,48,49,1,Retour non enregistré
3450,2025-06-19,173,55,58,3,Retour non enregistré
3451,2025-10-22,95,25,26,1,Erreur saisie
3452,2025-10-22,2,21,21,0,Perte
3453,2025-10-22,98,129,125,-4,Casse
3454,2025-10-22,122,112,114,2,Perte
3455,2025-10-22,96,110,113,3,Perte
3456,2025-10-22,82,102,107,5,Erreur saisie
3457,2025-10-22,180,0,0,0,Retour non enregistré
3458,2025-10-22,8,51,54,3,Erreur saisie
3459,2025-10-22,85,9,10,1,Perte
3460,2025-10-22,117,51,53,2,Casse
3461,2025-10-22,110,51,49,-2,Retour non enregistré
3462,2025-10-22,139,16,14,-2,Retour non enregistré
3463,2025-10-22,84,181,179,-2,
3464,2025-10-22,63,124,119,-5,Erreur saisie
3465,2025-10-22,69,77,82,5,Casse
3466,2025-10-22,76,41,40,-1,Perte
3467,2025-10-22,53,206,205,-1,Perte
3468,2025-10-22,77,130,134,4,
3469,2025-10-22,100,24,29,5,
3470,2025-10-22,121,6,11,5,Casse
3471,2025-10-22,65,66,63,-3,Casse
3472,2025-10-22,142,153,158,5,Perte
3473,2025-10-22,136,3,2,-1,Perte
3474,2025-10-22,165,42,47,5,Casse
3475,2025-10-22,12,9,4,-5,
3476,2025-10-22,40,35,30,-5,Casse
3477,2025-10-22,48,178,179,1,
3478,2025-10-22,175,78,79,1,
3479,2025-10-22,89,96,99,3,Casse
3480,2025-10-22,154,192,193,1,Casse
3481,2025-06-03,113,206,205,-1,Perte
3482,2025-06-03,3,202,199,-3,Erreur saisie
3483,2025-06-03,172,87,90,3,Retour non enregistré
3484,2025-06-03,200,96,96,0,
3485,2025-06-03,161,254,255,1,Casse
3486,2025-06-03,14,175,170,-5,Retour non enregistré
3487,2025-06-03,119,37,36,-1,Erreur saisie
3488,2025-06-03,141,101,97,-4,
3489,2025-06-03,132,230,231,1,
3490,2025-06-03,147,28,27,-1,Retour non enregistré
3491,2025-06-03,105,196,197,1,Retour non enregistré
3492,2025-06-03,12,9,7,-2,Casse
3493,2025-06-03,136,3,5,2,Erreur saisie
3494,2025-06-03,96,110,108,-2,Casse
3495,2025-06-03,41,91,93,2,Retour non enregistré
3496,2025-06-03,40,35,40,5,Perte
3497,2025-06-03,58,6,5,-1,Perte
3498,2025-06-03,33,118,122,4,
3499,2025-06-03,157,46,41,-5,Retour non enregistré
3500,2025-06-03,110,51,50,-1,Perte
3501,2025-06-03,167,142,145,3,Casse
3502,2025-06-03,47,23,27,4,Retour non enregistré
3503,2025-06-03,163,91,87,-4,
3504,2025-06-03,57,72,70,-2,Perte
3505,2025-06-03,68,65,69,4,Perte
3506,2025-06-03,164,87,88,1,Erreur saisie
3507,2025-06-03,15,134,135,1,
3508,2025-06-03,160,90,94,4,Erreur saisie
3509,2025-06-03,29,56,61,5,Erreur saisie
3510,2025-06-03,4,25,23,-2,
3511,2025-07-17,49,83,86,3,Erreur saisie
3512,2025-07-17,104,108,106,-2,Perte
3513,2025-07-17,32,44,44,0,Perte
3514,2025-07-17,195,64,66,2,Casse
3515,2025-07-17,48,178,177,-1,Erreur saisie
3516,2025-07-17,55,95,90,-5,
3517,2025-07-17,125,25,25,0,Erreur saisie
3518,2025-07-17,115,40,41,1,Retour non enregistré
3519,2025-07-17,131,28,28,0,Casse
3520,2025-07-17,127,195,195,0,
3521,2025-07-17,68,65,62,-3,Retour non enregistré
3522,2025-07-17,108,155,157,2,Perte
3523,2025-07-17,186,82,79,-3,Casse
3524,2025-07-17,22,143,146,3,Erreur saisie
3525,2025-07-17,162,43,38,-5,Erreur saisie
3526,2025-07-17,136,3,5,2,Casse
3527,2025-07-17,191,25,29,4,Perte
3528,2025-07-17,36,45,45,0,Casse
3529,2025-07-17,43,213,211,-2,Casse
3530,2025-07-17,164,87,83,-4,Erreur saisie
3531,2025-07-17,67,43,39,-4,Erreur saisie
3532,2025-07-17,147,28,25,-3,Retour non enregistré
3533,2025-07-17,114,137,133,-4,Casse
3534,2025-07-17,150,48,43,-5,Erreur saisie
3535,2025-07-17,87,74,76,2,Erreur saisie
3536,2025-07-17,143,95,92,-3,Retour non enregistré
3537,2025-07-17,75,105,101,-4,Casse
3538,2025-07-17,47,23,24,1,Perte
3539,2025-07-17,163,91,87,-4,Casse
3540,2025-07-17,62,5,6,1,Casse
3541,2025-06-12,100,24,24,0,Casse
3542,2025-06-12,89,96,101,5,
3543,2025-06-12,162,43,39,-4,Perte
3544,2025-06-12,63,124,121,-3,Perte
3545,2025-06-12,72,104,102,-2,Perte
3546,2025-06-12,101,78,73,-5,Erreur saisie
3547,2025-06-12,153,3,5,2,Erreur saisie
3548,2025-06-12,197,137,133,-4,
3549,2025-06-12,166,62,60,-2,Perte
3550,2025-06-12,38,165,164,-1,Retour non enregistré
3551,2025-06-12,135,83,83,0,Retour non enregistré
3552,2025-06-12,159,142,143,1,Perte
3553,2025-06-12,190,48,53,5,Erreur saisie
3554,2025-06-12,48,178,177,-1,Erreur saisie
3555,2025-06-12,140,182,179,-3,Casse
3556,2025-06-12,32,44,43,-1,Retour non enregistré
3557,2025-06-12,60,70,74,4,Casse
3558,2025-06-12,200,96,100,4,Perte
3559,2025-06-12,130,11,13,2,Perte
3560,2025-06-12,59,9,14,5,Perte
3561,2025-06-12,181,255,251,-4,Perte
3562,2025-06-12,173,55,51,-4,Casse
3563,2025-06-12,183,27,22,-5,Erreur saisie
3564,2025-06-12,81,136,132,-4,Casse
3565,2025-06-12,40,35,32,-3,
3566,2025-06-12,132,230,234,4,Perte
3567,2025-06-12,1,77,74,-3,Casse
3568,2025-06-12,133,56,56,0,Perte
3569,2025-06-12,65,66,68,2,
3570,2025-06-12,125,25,20,-5,Perte
3571,2025-03-14,144,12,7,-5,Retour non enregistré
3572,2025-03-14,26,64,61,-3,Retour non enregistré
3573,2025-03-14,92,129,134,5,
3574,2025-03-14,15,134,137,3,
3575,2025-03-14,131,28,23,-5,Erreur saisie
3576,2025-03-14,160,90,91,1,Retour non enregistré
3577,2025-03-14,36,45,42,-3,Perte
3578,2025-03-14,181,255,256,1,Retour non enregistré
3579,2025-03-14,28,9,13,4,Erreur saisie
3580,2025-03-14,119,37,41,4,Casse
3581,2025-03-14,132,230,225,-5,Erreur saisie
3582,2025-03-14,159,142,146,4,Retour non enregistré
3583,2025-03-14,5,72,69,-3,
3584,2025-03-14,114,137,132,-5,Erreur saisie
3585,2025-03-14,11,54,57,3,Casse
3586,2025-03-14,165,42,41,-1,Erreur saisie
3587,2025-03-14,152,14,10,-4,Erreur saisie
3588,2025-03-14,177,97,94,-3,
3589,2025-03-14,199,21,20,-1,Perte
3590,2025-03-14,99,225,230,5,
3591,2025-03-14,14,175,173,-2,Erreur saisie
3592,2025-03-14,65,66,65,-1,Erreur saisie
3593,2025-03-14,178,23,27,4,Erreur saisie
3594,2025-03-14,164,87,88,1,Erreur saisie
3595,2025-03-14,71,50,51,1,Casse
3596,2025-03-14,80,4,6,2,Perte
3597,2025-03-14,125,25,29,4,Erreur saisie
3598,2025-03-14,179,65,67,2,
3599,2025-03-14,108,155,156,1,
3600,2025-03-14,24,178,177,-1,Erreur saisie
