sale_id,product_id,qty,unit_price,timestamp,channel
1,46,5,1167.89,2025-04-29T18:50:00,MAGASIN
2,165,2,911.84,2025-03-30T14:50:00,B2B
3,70,2,653.83,2025-10-01T20:42:00,MAGASIN
4,132,6,731.68,2025-03-08T01:35:00,B2B
5,31,5,1126.85,2025-12-02T10:40:00,MAGASIN
6,42,1,381.19,2026-01-02T09:41:00,B2B
7,130,5,300.96,2025-03-04T14:33:00,B2B
8,134,7,844.54,2025-08-04T12:21:00,B2B
9,139,3,415.8,2025-07-04T18:09:00,B2B
10,99,8,288.29,2025-03-21T13:22:00,WEB
11,70,2,652.61,2025-09-19T17:10:00,B2B
12,168,1,767.09,2026-01-09T20:48:00,MAGASIN
13,56,2,819.64,2025-08-27T11:07:00,MAGASIN
14,75,3,747.3,2025-05-24T15:01:00,MAGASIN
15,186,5,718.47,2025-08-08T18:35:00,B2B
16,63,3,1235.48,2026-02-21T19:40:00,WEB
17,41,4,800.34,2025-05-28T10:32:00,WEB
18,99,1,283.88,2025-09-20T19:21:00,B2B
19,170,8,666.1,2025-04-05T01:02:00,WEB
20,78,1,946.02,2025-05-26T01:04:00,MAGASIN
21,20,1,699.38,2025-07-12T03:39:00,B2B
22,14,1,963.09,2025-10-26T17:16:00,WEB
23,19,1,504.85,2025-03-11T02:08:00,WEB
24,38,5,409.65,2025-07-05T19:38:00,WEB
25,75,2,593.08,2025-07-18T00:09:00,MAGASIN
26,152,3,306.57,2025-06-23T10:12:00,WEB
27,180,3,464.41,2025-11-06T06:18:00,MAGASIN
28,131,4,110.02,2025-08-15T03:48:00,WEB
29,141,7,781.46,2025-06-07T23:30:00,B2B
30,60,6,510.63,2025-07-08T03:46:00,B2B
31,95,4,280.44,2026-01-21T21:14:00,B2B
32,48,2,10.41,2025-03-30T17:40:00,WEB
33,185,1,64.8,2025-09-02T23:08:00,B2B
34,1,8,97.48,2025-06-26T13:00:00,WEB
35,145,5,457.08,2025-03-26T05:21:00,WEB
36,51,6,944.69,2025-07-08T11:28:00,WEB
37,33,2,408.43,2025-10-28T06:01:00,B2B
38,92,2,244.33,2025-04-20T15:25:00,WEB
39,192,3,231.94,2025-12-05T12:23:00,MAGASIN
40,49,1,712.37,2025-09-12T04:56:00,B2B
41,106,4,285.57,2025-03-26T01:38:00,B2B
42,26,1,508.13,2025-04-27T10:29:00,B2B
43,59,7,27.62,2025-11-01T11:12:00,MAGASIN
44,86,1,242.98,2025-10-21T21:29:00,MAGASIN
45,37,4,397.06,2025-10-16T19:34:00,WEB
46,11,4,472.59,2025-03-16T18:47:00,B2B
47,21,8,801.39,2026-01-25T07:08:00,B2B
48,193,4,725.89,2025-08-30T14:17:00,B2B
49,82,3,88.01,2025-12-27T21:03:00,WEB
50,149,7,123.93,2025-10-24T08:03:00,WEB
51,156,4,797.57,2025-10-27T20:03:00,B2B
52,104,3,368.47,2025-10-26T22:08:00,WEB
53,149,5,129.61,2025-03-19T23:59:00,B2B
54,25,1,408.94,2025-10-25T01:34:00,WEB
55,184,2,1039.46,2025-03-17T22:02:00,B2B
56,40,5,41.31,2026-01-19T01:44:00,WEB
57,12,3,183.33,2025-06-06T15:33:00,B2B
58,121,8,202.73,2025-04-04T03:48:00,WEB
59,146,8,684.75,2026-02-21T17:18:00,WEB
60,49,5,730.98,2025-03-23T08:44:00,WEB
61,79,3,529.72,2026-01-04T22:34:00,MAGASIN
62,6,5,1367.21,2025-08-08T23:56:00,MAGASIN
63,52,2,521.73,2025-10-29T13:37:00,WEB
64,147,5,611.4,2025-12-20T22:14:00,MAGASIN
65,176,3,318.0,2025-03-16T16:22:00,B2B
66,119,3,259.23,2025-03-27T21:29:00,MAGASIN
67,182,8,984.59,2025-05-19T09:29:00,WEB
68,95,2,280.02,2025-11-07T07:30:00,MAGASIN
69,55,2,277.31,2025-05-30T05:46:00,B2B
70,42,1,378.55,2025-10-07T07:30:00,WEB
71,30,5,290.69,2025-09-16T13:13:00,B2B
72,22,8,373.27,2025-11-04T15:53:00,B2B
73,8,8,278.84,2025-05-06T02:35:00,MAGASIN
74,64,2,927.26,2025-09-01T08:09:00,B2B
75,50,2,95.72,2025-05-26T03:40:00,B2B
76,36,1,704.55,2025-08-25T15:08:00,MAGASIN
77,150,3,897.6,2025-07-12T21:17:00,MAGASIN
78,106,4,256.65,2025-06-07T13:06:00,MAGASIN
79,36,1,687.59,2025-07-02T03:56:00,B2B
80,169,5,405.72,2025-11-23T22:17:00,B2B
81,90,6,563.19,2025-11-06T02:40:00,MAGASIN
82,116,7,503.68,2025-07-08T09:16:00,B2B
83,151,3,236.91,2025-04-03T01:03:00,MAGASIN
84,196,1,143.93,2026-02-07T09:11:00,MAGASIN
85,71,1,1037.25,2025-04-16T14:29:00,MAGASIN
86,76,7,631.61,2026-01-03T01:32:00,B2B
87,178,1,340.42,2025-10-06T20:04:00,WEB
88,142,7,196.81,2025-08-01T08:55:00,WEB
89,39,7,1056.71,2025-12-24T14:41:00,WEB
90,145,7,577.66,2025-07-01T21:53:00,B2B
91,119,8,280.07,2026-02-19T16:45:00,MAGASIN
92,178,5,330.7,2025-03-26T14:46:00,MAGASIN
93,79,7,436.83,2025-03-26T10:11:00,B2B
94,124,5,456.62,2025-04-25T02:57:00,MAGASIN
95,67,4,614.15,2025-06-09T20:09:00,B2B
96,190,3,586.88,2025-10-16T11:07:00,WEB
97,6,5,1320.83,2025-06-01T20:54:00,B2B
98,110,5,407.61,2025-10-24T19:45:00,WEB
99,177,7,1216.76,2025-08-20T20:28:00,WEB
100,153,2,621.69,2025-06-28T22:59:00,WEB
101,70,4,590.36,2025-12-09T12:04:00,WEB
102,76,1,550.53,2025-03-11T13:47:00,MAGASIN
103,167,3,260.87,2025-11-13T20:56:00,B2B
104,18,2,1015.09,2025-04-29T23:20:00,MAGASIN
105,126,2,271.29,2025-10-23T00:35:00,MAGASIN
106,93,3,601.9,2025-11-28T21:17:00,B2B
107,109,8,404.95,2025-03-29T16:13:00,B2B
108,68,3,1009.61,2025-09-18T10:53:00,MAGASIN
109,176,6,252.68,2025-03-21T04:24:00,B2B
110,37,7,441.37,2025-03-04T21:26:00,WEB
111,81,4,79.72,2025-07-17T13:26:00,MAGASIN
112,185,6,71.45,2026-01-27T06:54:00,B2B
113,169,5,400.18,2026-02-10T18:09:00,WEB
114,143,6,829.86,2025-04-29T16:08:00,B2B
115,53,6,162.74,2025-04-02T18:28:00,MAGASIN
116,127,6,146.54,2026-02-03T08:15:00,B2B
117,162,8,545.78,2025-11-10T12:44:00,WEB
118,47,5,265.6,2025-03-03T01:30:00,WEB
119,74,5,261.2,2025-05-13T11:44:00,WEB
120,110,5,397.35,2026-01-30T22:33:00,B2B
121,131,3,95.21,2025-08-11T14:26:00,B2B
122,172,8,811.0,2025-08-24T12:09:00,B2B
123,59,6,23.81,2025-03-30T14:19:00,MAGASIN
124,36,2,617.31,2026-02-15T15:59:00,WEB
125,65,6,265.47,2025-11-17T04:33:00,WEB
126,16,4,183.54,2025-12-16T03:13:00,WEB
127,145,3,568.46,2025-08-07T19:37:00,WEB
128,52,2,499.12,2025-03-12T11:11:00,WEB
129,16,4,145.31,2025-03-15T01:11:00,B2B
130,163,5,894.57,2025-10-13T19:31:00,MAGASIN
131,176,4,289.1,2025-07-23T21:10:00,WEB
132,146,7,670.44,2025-10-15T13:01:00,B2B
133,91,6,973.5,2025-07-08T00:28:00,B2B
134,50,2,95.83,2025-06-19T01:05:00,B2B
135,37,8,441.35,2026-01-03T07:46:00,B2B
136,72,1,1193.91,2025-12-06T17:22:00,B2B
137,34,8,233.7,2025-08-12T20:31:00,WEB
138,182,1,1110.57,2025-03-22T15:58:00,WEB
139,87,6,617.81,2026-01-07T21:50:00,B2B
140,21,2,1004.93,2026-02-18T13:00:00,MAGASIN
141,137,3,383.38,2026-02-07T08:11:00,WEB
142,151,6,229.55,2025-12-02T07:15:00,WEB
143,126,8,271.39,2025-10-10T18:47:00,B2B
144,68,4,874.49,2025-11-01T03:04:00,MAGASIN
145,184,8,972.3,2025-06-05T17:22:00,B2B
146,48,2,10.3,2025-09-03T20:58:00,MAGASIN
147,126,8,353.4,2025-12-04T21:44:00,B2B
148,65,7,251.83,2025-05-11T02:10:00,WEB
149,56,8,1006.93,2026-01-23T12:03:00,MAGASIN
150,7,6,369.73,2025-11-26T23:25:00,MAGASIN
151,143,8,682.87,2025-11-05T23:18:00,MAGASIN
152,122,4,967.42,2025-10-30T09:32:00,MAGASIN
153,157,8,946.05,2025-11-20T15:55:00,MAGASIN
154,197,3,237.48,2025-03-13T01:31:00,B2B
155,7,3,446.71,2025-07-31T06:15:00,MAGASIN
156,121,3,175.19,2025-11-30T23:25:00,MAGASIN
157,193,2,787.72,2025-06-04T05:06:00,MAGASIN
158,153,6,616.4,2025-05-11T10:11:00,MAGASIN
159,20,6,635.11,2025-04-15T04:27:00,MAGASIN
160,118,6,25.94,2025-07-13T04:59:00,MAGASIN
161,142,1,195.2,2025-07-19T23:04:00,MAGASIN
162,120,6,790.66,2026-02-20T18:10:00,MAGASIN
163,7,1,366.72,2025-07-14T07:20:00,B2B
164,90,8,452.08,2025-09-13T13:17:00,MAGASIN
165,151,6,224.04,2025-05-08T20:41:00,B2B
166,113,3,813.66,2025-10-22T11:34:00,WEB
167,33,8,391.41,2025-11-27T07:33:00,MAGASIN
168,74,3,334.58,2026-02-06T14:10:00,WEB
169,196,6,145.87,2026-02-03T02:16:00,MAGASIN
170,28,8,538.16,2025-08-13T15:18:00,B2B
171,52,5,455.55,2026-01-03T10:10:00,MAGASIN
172,114,7,22.16,2025-05-14T07:13:00,WEB
173,70,2,578.25,2026-01-13T22:35:00,MAGASIN
174,110,5,314.99,2026-01-11T07:32:00,B2B
175,116,6,599.96,2025-11-08T09:30:00,MAGASIN
176,72,4,1191.19,2026-01-01T10:13:00,B2B
177,153,3,568.89,2025-10-17T16:01:00,WEB
178,113,1,809.2,2025-09-30T22:30:00,WEB
179,18,8,819.63,2025-08-19T11:10:00,WEB
180,179,3,1113.92,2026-02-01T16:18:00,MAGASIN
181,88,8,495.1,2025-12-28T19:37:00,MAGASIN
182,19,3,506.82,2025-10-22T23:59:00,WEB
183,169,6,400.39,2025-05-02T20:37:00,WEB
184,47,6,296.73,2025-08-12T11:59:00,B2B
185,1,6,110.33,2025-06-20T06:47:00,MAGASIN
186,179,4,1087.37,2026-02-11T17:03:00,MAGASIN
187,164,7,945.42,2025-09-06T03:48:00,WEB
188,112,5,707.3,2025-04-17T02:22:00,WEB
189,8,8,275.06,2026-02-04T10:58:00,WEB
190,26,5,448.69,2025-10-27T16:05:00,MAGASIN
191,72,2,1179.69,2025-03-25T08:41:00,B2B
192,113,2,912.43,2025-03-25T00:20:00,B2B
193,118,7,27.09,2025-11-23T21:02:00,B2B
194,126,5,355.02,2026-02-23T00:40:00,B2B
195,112,7,781.02,2025-12-26T07:51:00,B2B
196,128,5,651.97,2026-01-23T15:50:00,MAGASIN
197,161,2,106.99,2025-10-21T20:14:00,WEB
198,45,7,35.1,2025-11-12T01:44:00,B2B
199,42,3,318.36,2025-11-14T01:46:00,B2B
200,41,2,762.67,2025-09-19T05:10:00,B2B
201,32,4,440.66,2025-12-18T02:16:00,WEB
202,131,5,94.89,2025-08-31T10:31:00,B2B
203,69,2,513.82,2025-07-04T03:16:00,WEB
204,81,7,80.56,2025-05-22T05:07:00,MAGASIN
205,103,5,210.44,2025-08-21T09:19:00,B2B
206,116,7,550.36,2025-08-20T08:14:00,WEB
207,124,7,439.48,2026-02-03T06:38:00,B2B
208,189,6,629.12,2025-04-04T19:23:00,WEB
209,48,2,10.58,2025-06-20T12:57:00,B2B
210,133,8,563.35,2025-06-01T19:23:00,MAGASIN
211,120,6,792.84,2025-09-26T00:43:00,WEB
212,20,6,538.94,2025-03-09T22:34:00,B2B
213,120,4,786.43,2025-04-02T07:33:00,WEB
214,123,3,104.04,2025-09-23T10:05:00,MAGASIN
215,63,3,1181.79,2026-01-13T15:45:00,B2B
216,179,4,1142.52,2025-05-12T16:45:00,MAGASIN
217,29,5,196.84,2025-03-21T23:35:00,B2B
218,83,6,142.19,2025-06-04T08:40:00,WEB
219,92,3,234.72,2025-05-11T11:54:00,MAGASIN
220,106,8,218.97,2025-10-20T12:31:00,MAGASIN
221,116,4,621.55,2025-03-31T07:31:00,WEB
222,90,7,576.02,2025-07-24T04:33:00,MAGASIN
223,139,6,483.27,2025-02-28T00:26:00,MAGASIN
224,119,3,286.29,2025-09-12T02:36:00,B2B
225,158,2,987.53,2025-07-20T19:44:00,WEB
226,163,8,874.41,2025-07-26T01:50:00,B2B
227,138,5,552.86,2025-12-18T10:27:00,WEB
228,152,8,247.39,2025-11-21T10:30:00,B2B
229,13,2,779.98,2026-02-24T19:19:00,B2B
230,195,1,453.01,2025-03-16T04:40:00,MAGASIN
231,139,8,519.74,2025-12-07T20:02:00,WEB
232,164,2,962.96,2025-05-10T22:20:00,B2B
233,98,3,807.32,2025-09-23T00:43:00,MAGASIN
234,10,2,265.3,2025-08-10T13:33:00,MAGASIN
235,155,4,639.9,2025-03-16T12:58:00,MAGASIN
236,188,3,81.86,2025-08-14T19:40:00,MAGASIN
237,71,1,896.88,2025-10-29T22:19:00,B2B
238,194,5,322.82,2026-01-24T02:43:00,WEB
239,136,5,850.48,2025-11-21T12:57:00,MAGASIN
240,195,4,453.5,2025-10-23T18:28:00,B2B
241,145,8,544.79,2026-02-14T19:44:00,MAGASIN
242,23,1,721.81,2025-04-15T23:31:00,B2B
243,45,4,45.93,2025-03-17T13:16:00,MAGASIN
244,194,8,331.34,2025-06-28T03:19:00,WEB
245,88,5,472.93,2025-07-16T11:56:00,WEB
246,122,4,813.0,2025-09-07T13:41:00,WEB
247,120,2,710.89,2025-11-26T11:34:00,B2B
248,64,4,932.66,2025-05-07T00:05:00,MAGASIN
249,119,1,290.39,2025-12-17T21:38:00,MAGASIN
250,54,5,136.34,2025-11-05T03:45:00,MAGASIN
251,121,6,203.36,2025-06-13T18:03:00,WEB
252,49,4,725.74,2025-03-03T05:56:00,B2B
253,12,4,143.88,2025-07-11T20:16:00,WEB
254,89,4,751.28,2025-05-12T01:10:00,B2B
255,23,5,818.04,2025-11-26T21:10:00,B2B
256,48,3,10.59,2026-02-09T01:35:00,MAGASIN
257,1,5,124.21,2025-10-21T17:35:00,WEB
258,69,5,583.26,2025-10-21T17:08:00,B2B
259,108,2,533.29,2025-10-20T19:50:00,WEB
260,162,3,419.41,2025-12-04T09:35:00,MAGASIN
261,119,1,261.16,2025-04-11T07:03:00,WEB
262,172,8,795.98,2026-01-03T22:22:00,WEB
263,56,1,1032.53,2026-02-19T22:23:00,B2B
264,109,4,322.33,2025-04-08T19:39:00,WEB
265,166,8,159.02,2025-07-13T13:42:00,WEB
266,31,8,1193.62,2025-12-04T06:18:00,B2B
267,8,4,249.62,2025-10-01T15:09:00,MAGASIN
268,48,5,9.68,2025-08-17T12:19:00,B2B
269,73,2,873.06,2025-09-08T14:13:00,WEB
270,31,8,1194.24,2025-09-19T08:47:00,MAGASIN
271,132,6,814.04,2026-01-02T00:07:00,B2B
272,99,6,223.82,2025-03-03T05:37:00,WEB
273,4,1,490.06,2025-04-05T16:15:00,WEB
274,40,3,41.24,2025-05-11T11:13:00,B2B
275,36,2,720.09,2026-02-22T05:50:00,MAGASIN
276,84,2,217.0,2025-10-14T13:38:00,B2B
277,95,4,307.96,2025-07-09T03:52:00,WEB
278,12,5,163.82,2026-01-22T14:51:00,MAGASIN
279,48,8,10.71,2026-02-03T06:56:00,MAGASIN
280,46,3,1136.75,2025-12-26T23:21:00,MAGASIN
281,80,4,824.67,2025-04-22T19:50:00,MAGASIN
282,23,5,824.73,2025-05-12T11:03:00,MAGASIN
283,118,7,21.57,2025-03-17T03:18:00,MAGASIN
284,155,1,824.55,2025-05-23T09:26:00,B2B
285,76,8,485.94,2025-08-04T09:17:00,WEB
286,130,3,338.59,2025-09-20T14:35:00,WEB
287,156,5,715.01,2025-03-11T06:46:00,MAGASIN
288,175,5,842.03,2025-11-11T07:34:00,B2B
289,191,6,546.78,2026-02-18T07:40:00,WEB
290,163,7,1105.1,2025-12-04T05:30:00,B2B
291,193,3,725.57,2025-11-11T19:40:00,MAGASIN
292,125,4,863.2,2025-04-09T14:15:00,B2B
293,156,3,773.0,2025-06-29T22:14:00,MAGASIN
294,200,4,400.72,2025-10-20T03:44:00,MAGASIN
295,12,6,161.64,2026-01-06T14:22:00,MAGASIN
296,97,7,457.22,2025-12-02T07:08:00,B2B
297,192,8,235.7,2025-04-17T18:43:00,WEB
298,5,4,361.62,2025-03-15T03:17:00,B2B
299,110,6,394.62,2025-07-28T21:46:00,B2B
300,139,4,533.15,2025-03-07T03:45:00,B2B
301,8,2,271.25,2025-08-08T05:13:00,WEB
302,150,2,1134.1,2025-12-19T03:07:00,WEB
303,155,4,796.71,2025-04-09T04:25:00,B2B
304,41,3,766.51,2026-02-12T21:36:00,WEB
305,47,1,296.73,2026-02-23T03:51:00,WEB
306,39,4,1094.34,2026-01-20T17:45:00,B2B
307,56,2,791.08,2025-09-30T23:23:00,MAGASIN
308,125,1,752.61,2025-11-25T16:53:00,WEB
309,124,3,358.96,2026-02-09T20:49:00,MAGASIN
310,63,2,1196.58,2025-03-24T09:29:00,B2B
311,179,1,1126.41,2026-02-23T02:00:00,B2B
312,193,2,811.37,2025-07-04T11:05:00,MAGASIN
313,194,3,326.72,2025-09-29T14:27:00,MAGASIN
314,131,8,107.0,2025-12-30T12:02:00,B2B
315,127,5,187.43,2025-07-19T04:53:00,B2B
316,15,8,490.46,2026-02-21T19:30:00,MAGASIN
317,9,5,73.2,2026-01-30T22:21:00,B2B
318,185,1,70.5,2025-05-23T00:48:00,B2B
319,165,2,1126.02,2025-11-27T17:50:00,B2B
320,4,1,482.1,2025-08-19T04:05:00,B2B
321,20,4,674.37,2025-12-17T02:13:00,WEB
322,99,3,287.8,2025-08-26T19:19:00,MAGASIN
323,57,2,773.09,2026-01-07T10:31:00,WEB
324,43,4,518.07,2025-12-03T11:29:00,MAGASIN
325,103,8,216.7,2025-06-13T20:53:00,WEB
326,190,7,740.75,2025-12-19T05:00:00,WEB
327,49,7,638.79,2025-10-18T18:33:00,MAGASIN
328,44,3,825.36,2026-02-06T04:24:00,B2B
329,87,4,771.48,2025-04-04T23:42:00,MAGASIN
330,20,5,667.79,2026-01-19T22:18:00,WEB
331,82,1,86.54,2025-06-01T15:28:00,WEB
332,106,8,250.75,2025-07-13T22:46:00,WEB
333,116,8,497.19,2026-02-01T01:00:00,MAGASIN
334,7,8,469.66,2025-08-09T15:18:00,WEB
335,131,4,105.52,2025-09-15T13:15:00,MAGASIN
336,114,3,19.6,2025-07-09T03:22:00,B2B
337,36,3,573.96,2025-05-13T23:53:00,MAGASIN
338,3,6,943.69,2026-01-02T21:12:00,MAGASIN
339,66,1,272.07,2025-07-23T17:06:00,MAGASIN
340,159,1,399.35,2025-08-24T23:49:00,WEB
341,17,2,70.95,2025-03-18T08:20:00,WEB
342,20,2,610.07,2025-07-06T22:18:00,WEB
343,113,7,1038.06,2025-06-10T06:35:00,MAGASIN
344,42,5,302.58,2026-01-29T09:13:00,B2B
345,77,2,591.01,2025-10-23T06:18:00,MAGASIN
346,32,2,401.67,2025-10-09T13:16:00,B2B
347,103,8,235.13,2025-07-17T10:03:00,WEB
348,34,5,247.18,2025-05-13T11:13:00,MAGASIN
349,146,3,659.51,2026-01-09T09:33:00,WEB
350,120,1,811.7,2025-12-22T19:18:00,WEB
351,181,6,648.01,2025-11-01T14:32:00,WEB
352,118,3,25.77,2025-09-14T17:14:00,WEB
353,163,3,893.63,2025-05-30T15:27:00,MAGASIN
354,93,8,491.57,2025-11-29T09:50:00,MAGASIN
355,56,6,988.0,2025-03-05T08:03:00,WEB
356,8,4,243.05,2025-05-08T07:35:00,B2B
357,136,5,944.21,2025-08-14T14:26:00,B2B
358,117,4,736.28,2025-05-03T06:46:00,WEB
359,174,6,282.03,2025-12-21T01:45:00,B2B
360,142,7,251.51,2025-03-25T09:35:00,MAGASIN
361,122,4,1012.1,2025-09-09T16:07:00,MAGASIN
362,100,3,390.7,2026-01-29T20:34:00,WEB
363,200,1,436.54,2025-12-29T15:16:00,WEB
364,177,4,1276.83,2025-10-19T01:39:00,WEB
365,55,7,306.83,2025-12-01T07:25:00,MAGASIN
366,50,6,93.47,2025-07-06T22:42:00,WEB
367,184,2,1086.81,2025-03-29T14:47:00,MAGASIN
368,22,2,475.91,2026-01-04T09:39:00,WEB
369,76,6,635.23,2025-06-27T03:42:00,MAGASIN
370,162,5,528.73,2025-11-27T03:11:00,B2B
371,29,6,195.3,2026-01-19T18:21:00,WEB
372,70,8,650.34,2025-04-04T04:49:00,WEB
373,46,8,1134.1,2025-11-30T15:32:00,B2B
374,160,8,831.0,2025-08-19T03:24:00,MAGASIN
375,16,8,189.19,2025-09-18T20:44:00,B2B
376,20,4,539.18,2025-10-07T08:04:00,B2B
377,61,1,655.21,2025-09-06T09:08:00,WEB
378,190,4,584.4,2026-01-18T23:14:00,WEB
379,104,5,325.74,2025-10-27T00:30:00,WEB
380,44,5,867.89,2025-11-13T00:57:00,B2B
381,107,1,338.77,2025-07-24T10:13:00,B2B
382,7,7,467.43,2025-04-28T03:34:00,WEB
383,156,2,701.15,2025-12-13T21:27:00,B2B
384,161,1,117.29,2025-08-13T14:00:00,WEB
385,113,2,1005.72,2025-08-31T06:00:00,MAGASIN
386,82,1,87.87,2025-12-17T00:48:00,MAGASIN
387,66,1,247.55,2025-11-23T08:50:00,B2B
388,139,7,519.38,2025-06-10T16:20:00,MAGASIN
389,16,7,147.53,2026-01-17T15:13:00,MAGASIN
390,96,1,105.52,2025-07-05T04:35:00,B2B
391,193,8,815.59,2025-06-13T15:50:00,B2B
392,18,5,1021.9,2026-01-14T15:07:00,WEB
393,4,8,497.66,2025-11-04T08:50:00,B2B
394,109,2,397.86,2025-08-29T05:37:00,WEB
395,190,5,681.94,2025-07-08T13:18:00,MAGASIN
396,193,8,799.45,2025-03-04T04:28:00,MAGASIN
397,88,6,488.4,2025-06-16T08:24:00,B2B
398,165,4,1132.05,2025-08-11T09:33:00,B2B
399,161,2,134.55,2026-02-06T12:23:00,B2B
400,173,2,39.53,2025-09-17T23:11:00,MAGASIN
401,146,1,608.34,2025-10-28T13:09:00,MAGASIN
402,136,6,772.2,2025-05-20T03:34:00,WEB
403,109,1,392.81,2025-04-16T10:47:00,WEB
404,101,1,196.86,2025-06-23T13:06:00,MAGASIN
405,15,2,431.69,2025-06-15T14:52:00,MAGASIN
406,98,5,888.38,2025-03-28T14:02:00,MAGASIN
407,72,6,952.53,2025-05-04T14:57:00,B2B
408,163,4,1102.39,2025-09-15T11:37:00,WEB
409,165,4,898.12,2025-07-01T09:12:00,WEB
410,186,7,780.69,2025-03-14T12:11:00,MAGASIN
411,125,5,948.2,2025-05-16T00:09:00,B2B
412,40,6,42.28,2026-01-19T18:50:00,B2B
413,142,5,201.88,2025-07-27T09:10:00,MAGASIN
414,22,8,474.86,2025-09-13T18:06:00,B2B
415,193,3,708.11,2025-04-14T15:24:00,MAGASIN
416,54,7,143.9,2025-06-17T15:17:00,B2B
417,158,1,1079.96,2025-12-16T22:08:00,WEB
418,69,1,453.19,2025-07-17T23:57:00,MAGASIN
419,88,2,485.61,2025-12-23T14:51:00,WEB
420,121,6,194.46,2025-11-05T01:26:00,MAGASIN
421,173,8,38.0,2025-08-18T01:45:00,WEB
422,107,2,389.38,2025-09-20T19:14:00,MAGASIN
423,70,1,640.18,2025-06-10T12:51:00,MAGASIN
424,53,5,168.45,2025-08-02T21:56:00,B2B
425,127,4,189.52,2025-07-12T19:27:00,WEB
426,155,4,635.41,2025-03-26T17:16:00,MAGASIN
427,183,2,851.21,2025-06-25T21:09:00,MAGASIN
428,52,4,501.38,2026-01-26T07:08:00,MAGASIN
429,136,5,838.81,2025-10-22T10:19:00,MAGASIN
430,174,1,352.75,2025-04-10T04:02:00,WEB
431,142,1,240.27,2025-12-07T02:02:00,MAGASIN
432,107,8,382.63,2025-07-30T08:31:00,WEB
433,88,8,531.01,2025-08-17T14:38:00,B2B
434,15,4,387.62,2025-10-21T07:53:00,B2B
435,65,4,265.72,2025-08-27T00:14:00,MAGASIN
436,36,7,694.91,2025-04-13T17:24:00,MAGASIN
437,13,3,858.46,2025-11-20T01:45:00,MAGASIN
438,53,6,215.27,2025-03-16T00:56:00,B2B
439,81,6,79.6,2026-02-12T09:59:00,MAGASIN
440,111,3,592.1,2025-07-25T23:36:00,MAGASIN
441,82,2,70.56,2025-09-27T14:08:00,MAGASIN
442,28,7,529.72,2025-10-03T06:45:00,WEB
443,179,8,881.08,2025-10-22T22:49:00,WEB
444,146,6,672.92,2025-06-27T18:38:00,MAGASIN
445,59,6,24.46,2025-06-12T04:47:00,MAGASIN
446,42,6,390.04,2025-05-23T18:26:00,B2B
447,155,2,671.19,2025-04-30T02:04:00,WEB
448,155,6,822.87,2026-01-15T11:17:00,MAGASIN
449,192,5,241.25,2025-09-19T11:18:00,WEB
450,65,6,211.24,2025-12-15T16:08:00,WEB
451,19,6,640.92,2025-12-02T14:05:00,B2B
452,135,7,780.43,2025-06-18T06:37:00,MAGASIN
453,18,8,1061.27,2025-06-22T04:17:00,MAGASIN
454,176,5,258.32,2025-08-18T09:58:00,MAGASIN
455,109,8,403.2,2025-12-15T03:39:00,B2B
456,179,1,1113.37,2026-01-28T01:41:00,B2B
457,9,8,63.48,2025-10-26T15:16:00,MAGASIN
458,28,7,509.31,2026-01-07T16:18:00,WEB
459,151,3,212.11,2025-03-13T00:55:00,WEB
460,124,6,456.85,2025-11-28T08:38:00,B2B
461,129,4,671.94,2025-12-24T06:12:00,B2B
462,87,2,717.28,2025-08-29T02:57:00,WEB
463,134,2,740.35,2025-09-02T12:13:00,WEB
464,94,7,781.87,2025-03-17T10:55:00,B2B
465,78,1,1044.9,2025-05-13T16:34:00,WEB
466,164,1,929.92,2025-09-05T05:04:00,B2B
467,106,2,220.62,2026-01-21T16:47:00,MAGASIN
468,48,3,10.54,2025-10-16T12:01:00,WEB
469,102,7,1079.22,2026-01-23T05:52:00,B2B
470,182,7,1099.38,2025-05-12T09:06:00,B2B
471,100,8,399.7,2025-05-19T14:27:00,B2B
472,161,7,123.44,2025-11-17T21:24:00,MAGASIN
473,89,3,769.22,2025-06-18T03:57:00,WEB
474,147,3,542.57,2025-11-26T12:08:00,WEB
475,65,3,271.84,2025-10-29T23:53:00,WEB
476,151,1,236.89,2026-01-01T08:36:00,B2B
477,24,7,693.24,2025-10-25T09:17:00,WEB
478,171,6,563.86,2025-11-03T12:00:00,MAGASIN
479,50,1,85.17,2025-07-30T17:38:00,B2B
480,189,6,640.94,2025-06-20T09:37:00,WEB
481,43,5,542.86,2026-01-24T23:09:00,B2B
482,10,4,294.8,2025-12-07T08:47:00,MAGASIN
483,79,3,480.88,2025-02-28T09:41:00,WEB
484,33,4,402.3,2025-09-05T10:55:00,B2B
485,193,3,617.05,2026-02-20T16:07:00,WEB
486,173,6,39.17,2025-06-13T02:34:00,B2B
487,86,4,246.09,2025-03-31T02:05:00,MAGASIN
488,168,3,701.87,2025-06-14T21:31:00,MAGASIN
489,54,7,174.02,2025-07-24T11:35:00,B2B
490,158,5,1079.02,2025-06-26T18:28:00,MAGASIN
491,107,6,413.77,2025-05-05T07:43:00,MAGASIN
492,176,8,322.69,2025-04-20T22:15:00,B2B
493,72,1,1190.37,2025-11-03T08:37:00,B2B
494,51,2,1051.85,2025-03-26T17:51:00,MAGASIN
495,177,8,1139.63,2025-03-11T13:34:00,B2B
496,162,6,528.43,2026-02-02T00:45:00,B2B
497,117,1,647.23,2025-07-08T21:52:00,WEB
498,160,5,664.61,2025-05-25T04:56:00,B2B
499,154,4,246.5,2025-06-12T07:03:00,B2B
500,19,6,558.78,2025-12-27T15:23:00,WEB
501,69,2,571.51,2025-10-24T11:14:00,WEB
502,113,7,1058.33,2025-09-02T19:28:00,B2B
503,193,7,802.48,2026-01-02T05:19:00,B2B
504,145,1,458.79,2025-12-21T05:41:00,B2B
505,200,5,453.95,2025-11-21T02:06:00,WEB
506,118,8,27.13,2025-08-01T11:56:00,B2B
507,112,6,778.56,2025-04-12T13:59:00,B2B
508,24,6,620.54,2025-04-28T12:14:00,B2B
509,49,3,741.16,2025-11-12T05:16:00,B2B
510,194,4,333.12,2025-08-14T23:01:00,WEB
511,23,3,734.53,2025-04-06T09:59:00,B2B
512,199,6,447.46,2025-03-20T16:34:00,WEB
513,137,1,368.58,2025-07-17T20:00:00,MAGASIN
514,163,4,1090.47,2025-05-21T06:54:00,B2B
515,159,7,409.24,2025-08-08T08:33:00,MAGASIN
516,52,8,507.82,2025-11-04T14:11:00,WEB
517,93,7,613.43,2025-06-24T23:31:00,B2B
518,1,6,121.4,2025-08-03T02:06:00,WEB
519,50,7,93.44,2025-06-21T08:58:00,WEB
520,52,4,394.13,2026-01-19T11:44:00,B2B
521,88,5,429.87,2025-07-24T06:19:00,MAGASIN
522,184,1,958.76,2025-08-29T07:28:00,MAGASIN
523,42,6,317.08,2025-11-10T20:52:00,WEB
524,108,3,433.31,2025-09-18T15:29:00,B2B
525,9,6,74.04,2025-06-07T22:41:00,WEB
526,99,2,257.27,2025-09-18T04:10:00,MAGASIN
527,11,1,621.73,2026-01-21T05:18:00,MAGASIN
528,116,4,611.79,2025-06-06T07:40:00,B2B
529,60,5,465.97,2025-06-17T14:45:00,MAGASIN
530,147,1,657.3,2025-05-19T04:43:00,B2B
531,136,6,958.98,2025-05-08T11:29:00,MAGASIN
532,28,4,538.27,2026-02-20T12:42:00,B2B
533,164,5,947.79,2025-03-28T01:49:00,MAGASIN
534,23,1,839.66,2025-11-18T12:22:00,MAGASIN
535,148,5,628.46,2025-12-03T02:24:00,MAGASIN
536,81,8,62.37,2025-04-14T04:13:00,B2B
537,59,3,24.78,2025-10-23T06:26:00,WEB
538,100,7,451.28,2026-02-08T03:36:00,B2B
539,148,6,626.67,2026-01-21T17:11:00,MAGASIN
540,145,8,498.88,2025-05-21T17:26:00,B2B
541,180,4,358.21,2026-02-16T07:54:00,MAGASIN
542,42,4,354.71,2025-04-08T04:05:00,MAGASIN
543,99,7,280.85,2025-10-25T07:50:00,WEB
544,80,2,1005.39,2025-05-20T13:53:00,MAGASIN
545,20,8,684.71,2025-06-11T10:57:00,WEB
546,104,8,415.6,2025-06-19T21:23:00,B2B
547,144,3,204.83,2026-02-09T16:57:00,WEB
548,82,8,71.18,2025-10-11T22:38:00,MAGASIN
549,61,1,749.13,2025-11-11T11:00:00,B2B
550,124,2,459.89,2025-04-28T03:50:00,WEB
551,170,3,640.67,2025-08-17T13:39:00,WEB
552,73,7,933.33,2025-06-27T15:16:00,B2B
553,80,6,1013.5,2025-11-01T09:38:00,B2B
554,77,5,777.89,2025-03-16T07:26:00,WEB
555,36,7,709.02,2025-03-28T04:24:00,B2B
556,94,2,784.78,2026-01-05T20:40:00,MAGASIN
557,60,6,453.12,2026-01-19T13:31:00,WEB
558,127,1,171.58,2025-03-31T12:57:00,B2B
559,3,4,989.99,2025-06-13T00:47:00,MAGASIN
560,67,7,695.42,2025-09-14T01:57:00,WEB
561,131,7,109.82,2026-01-31T16:02:00,WEB
562,97,4,585.04,2025-03-11T16:06:00,B2B
563,39,4,1179.84,2025-09-26T04:04:00,WEB
564,116,1,623.98,2025-09-06T21:40:00,B2B
565,164,3,730.12,2025-08-04T17:26:00,B2B
566,52,3,506.62,2025-10-12T02:13:00,WEB
567,29,7,163.78,2025-12-06T01:01:00,WEB
568,149,8,130.67,2025-10-21T08:34:00,MAGASIN
569,162,8,422.11,2026-02-14T17:17:00,WEB
570,121,8,155.82,2025-03-08T18:34:00,MAGASIN
571,32,3,435.33,2025-11-27T00:24:00,B2B
572,45,4,45.74,2025-12-17T07:12:00,WEB
573,48,6,10.76,2025-10-26T02:23:00,MAGASIN
574,129,6,727.53,2025-10-09T13:37:00,B2B
575,157,3,773.66,2025-09-17T06:03:00,MAGASIN
576,22,5,460.78,2026-02-25T22:04:00,MAGASIN
577,8,4,247.2,2025-12-07T07:51:00,WEB
578,171,5,556.93,2025-04-19T23:41:00,B2B
579,98,6,713.17,2025-07-15T20:33:00,WEB
580,168,3,746.05,2026-01-10T17:51:00,WEB
581,45,7,45.99,2025-05-28T13:36:00,MAGASIN
582,77,8,616.54,2025-08-13T22:17:00,B2B
583,45,4,44.87,2026-02-16T05:50:00,MAGASIN
584,134,5,836.92,2025-08-08T09:01:00,MAGASIN
585,102,4,830.32,2025-10-25T23:06:00,MAGASIN
586,27,8,280.11,2025-12-08T00:35:00,MAGASIN
587,61,4,650.3,2025-03-05T11:41:00,WEB
588,171,8,613.4,2025-10-05T05:55:00,MAGASIN
589,66,4,293.73,2025-03-15T22:46:00,B2B
590,26,7,459.78,2025-07-31T16:11:00,MAGASIN
591,135,5,782.07,2025-08-25T13:41:00,MAGASIN
592,137,6,334.25,2025-07-09T04:02:00,B2B
593,91,2,785.42,2026-01-04T04:00:00,WEB
594,21,1,906.59,2025-08-15T00:11:00,B2B
595,169,1,404.18,2025-11-25T11:03:00,B2B
596,5,2,447.62,2025-07-15T15:21:00,B2B
597,160,2,826.84,2025-08-16T19:03:00,MAGASIN
598,107,7,336.7,2025-04-12T08:26:00,WEB
599,57,3,997.3,2026-01-19T10:38:00,B2B
600,71,3,998.51,2025-11-10T07:24:00,B2B
601,66,1,304.25,2025-07-06T21:09:00,MAGASIN
602,176,8,310.35,2025-12-01T04:27:00,MAGASIN
603,170,1,745.91,2025-09-02T03:01:00,WEB
604,114,2,22.69,2025-10-20T06:39:00,B2B
605,51,2,937.44,2025-06-16T21:44:00,WEB
606,92,5,194.94,2026-01-24T18:24:00,WEB
607,193,3,795.37,2025-12-08T23:08:00,B2B
608,141,2,792.62,2025-08-28T03:49:00,B2B
609,91,3,896.21,2026-01-01T09:05:00,MAGASIN
610,41,7,807.47,2025-04-22T10:50:00,WEB
611,195,1,438.14,2025-06-27T00:46:00,B2B
612,17,4,68.42,2025-04-25T14:45:00,B2B
613,193,3,794.36,2025-08-23T22:13:00,B2B
614,102,3,863.95,2025-10-27T06:46:00,WEB
615,13,4,838.25,2025-06-25T03:35:00,B2B
616,150,5,1150.67,2025-12-09T00:25:00,MAGASIN
617,49,4,735.18,2026-02-13T07:34:00,WEB
618,143,7,833.82,2025-03-28T16:07:00,MAGASIN
619,132,6,934.05,2026-02-16T13:57:00,B2B
620,127,2,183.51,2025-09-08T05:59:00,MAGASIN
621,55,8,349.93,2025-06-22T18:54:00,WEB
622,65,5,273.23,2025-10-18T08:24:00,B2B
623,19,8,605.45,2025-12-25T08:44:00,B2B
624,66,6,244.06,2025-08-09T07:17:00,B2B
625,102,6,1049.59,2025-03-18T08:12:00,WEB
626,154,7,211.79,2025-08-03T12:00:00,WEB
627,97,1,563.31,2025-09-30T08:44:00,B2B
628,28,1,412.43,2025-11-20T10:27:00,B2B
629,40,6,33.21,2025-12-21T06:17:00,MAGASIN
630,79,4,531.37,2025-05-05T16:11:00,MAGASIN
631,36,7,648.21,2025-04-21T01:39:00,WEB
632,34,7,207.94,2025-07-27T06:42:00,MAGASIN
633,171,2,555.06,2025-07-23T17:35:00,WEB
634,81,3,78.98,2025-10-16T03:25:00,MAGASIN
635,125,7,736.23,2025-10-12T18:21:00,B2B
636,57,1,960.16,2025-11-11T04:12:00,WEB
637,35,7,897.14,2026-02-05T07:19:00,MAGASIN
638,47,8,288.1,2025-10-28T14:15:00,WEB
639,159,8,416.26,2025-09-24T09:39:00,MAGASIN
640,173,8,31.88,2025-07-04T22:43:00,MAGASIN
641,148,7,510.42,2025-07-07T06:56:00,WEB
642,87,8,683.12,2025-07-11T16:21:00,MAGASIN
643,170,4,729.66,2025-03-12T15:59:00,WEB
644,139,2,525.14,2026-01-31T07:05:00,MAGASIN
645,181,8,810.79,2025-09-19T10:21:00,MAGASIN
646,122,3,790.63,2026-01-04T02:28:00,WEB
647,18,7,930.08,2025-05-07T05:54:00,WEB
648,47,4,288.55,2025-07-31T16:41:00,WEB
649,138,6,486.24,2025-07-16T06:02:00,MAGASIN
650,38,7,418.83,2025-09-12T08:16:00,MAGASIN
651,142,3,225.94,2025-05-02T20:50:00,B2B
652,165,6,932.11,2025-03-31T18:44:00,B2B
653,17,7,67.8,2026-02-13T03:27:00,B2B
654,90,6,555.63,2025-08-22T17:31:00,WEB
655,55,8,275.05,2025-07-28T17:53:00,B2B
656,104,8,402.22,2026-02-15T08:08:00,B2B
657,66,5,297.53,2025-05-22T01:01:00,WEB
658,1,1,118.09,2026-01-27T00:14:00,WEB
659,95,7,299.93,2026-02-03T19:45:00,WEB
660,80,1,1027.54,2025-07-14T04:29:00,B2B
661,190,3,604.89,2025-11-28T00:25:00,WEB
662,192,5,237.65,2025-12-10T09:01:00,WEB
663,151,8,235.82,2025-05-08T00:22:00,WEB
664,30,8,326.99,2025-03-10T17:09:00,WEB
665,71,8,925.31,2025-08-23T07:03:00,B2B
666,171,4,631.03,2025-03-22T08:02:00,B2B
667,83,4,144.12,2025-05-02T00:16:00,B2B
668,152,1,273.92,2025-07-21T01:09:00,B2B
669,83,4,145.18,2025-02-26T12:00:00,MAGASIN
670,180,1,451.97,2025-10-18T22:01:00,MAGASIN
671,12,5,183.15,2025-12-27T17:03:00,WEB
672,127,8,187.12,2025-08-30T19:30:00,MAGASIN
673,115,8,985.73,2026-01-05T09:33:00,WEB
674,3,7,854.25,2025-09-28T18:16:00,B2B
675,156,1,621.38,2025-03-11T14:47:00,MAGASIN
676,125,7,954.98,2025-07-05T11:52:00,WEB
677,9,3,72.07,2025-09-01T14:45:00,MAGASIN
678,148,2,572.92,2025-09-16T07:41:00,WEB
679,33,6,398.14,2025-07-27T22:08:00,WEB
680,132,3,906.67,2025-03-29T22:17:00,MAGASIN
681,101,2,187.99,2025-09-16T01:10:00,MAGASIN
682,101,2,158.17,2025-10-28T15:59:00,WEB
683,58,2,1016.34,2025-12-19T19:10:00,B2B
684,111,7,658.09,2025-07-17T10:35:00,MAGASIN
685,84,4,237.01,2025-04-07T18:43:00,B2B
686,30,7,359.28,2025-05-13T15:46:00,MAGASIN
687,129,7,741.03,2026-01-20T09:25:00,MAGASIN
688,62,1,111.33,2025-09-09T09:46:00,WEB
689,199,8,392.95,2025-05-17T03:25:00,WEB
690,96,3,113.14,2025-08-01T20:40:00,MAGASIN
691,189,6,701.29,2025-03-23T12:29:00,MAGASIN
692,160,6,670.13,2026-02-08T06:35:00,WEB
693,75,2,592.72,2025-12-24T17:39:00,B2B
694,140,7,139.54,2025-03-28T18:01:00,B2B
695,39,7,1172.36,2025-10-23T13:33:00,B2B
696,48,6,10.27,2025-03-23T12:56:00,B2B
697,194,8,260.48,2025-03-08T12:56:00,B2B
698,65,6,271.37,2025-11-07T21:07:00,MAGASIN
699,69,5,580.51,2025-09-08T07:19:00,B2B
700,127,7,192.75,2025-03-11T18:53:00,WEB
701,196,2,124.91,2025-08-07T15:17:00,MAGASIN
702,180,7,445.88,2025-09-08T16:51:00,B2B
703,67,8,534.49,2026-02-06T00:17:00,MAGASIN
704,28,5,527.26,2025-06-01T01:54:00,WEB
705,19,5,613.55,2026-02-04T06:22:00,WEB
706,142,2,247.04,2025-12-19T11:28:00,B2B
707,64,1,916.89,2026-02-19T07:06:00,B2B
708,152,1,237.36,2025-09-11T03:02:00,MAGASIN
709,69,1,569.16,2025-11-20T17:42:00,MAGASIN
710,142,2,244.83,2025-03-08T00:03:00,B2B
711,57,6,894.17,2025-04-04T07:14:00,B2B
712,152,1,314.24,2025-04-08T18:54:00,MAGASIN
713,106,7,285.05,2025-05-11T14:34:00,B2B
714,20,3,628.79,2025-10-01T10:32:00,MAGASIN
715,130,2,367.12,2025-12-12T01:17:00,MAGASIN
716,102,3,1058.61,2026-01-31T09:08:00,B2B
717,68,6,983.26,2025-04-26T21:06:00,B2B
718,39,1,1223.74,2025-10-24T16:55:00,WEB
719,107,6,432.93,2025-06-18T01:03:00,WEB
720,91,8,964.52,2025-06-09T03:54:00,B2B
721,160,6,673.23,2026-01-28T14:45:00,WEB
722,75,2,738.5,2025-08-07T15:38:00,MAGASIN
723,186,6,798.93,2025-11-21T19:11:00,MAGASIN
724,121,3,178.42,2025-10-11T00:25:00,MAGASIN
725,48,7,8.36,2026-01-07T17:18:00,WEB
726,126,5,345.32,2025-09-15T06:35:00,MAGASIN
727,177,6,1227.66,2025-06-13T17:24:00,MAGASIN
728,133,4,718.51,2025-08-22T15:20:00,B2B
729,164,8,754.42,2025-06-08T07:38:00,B2B
730,32,3,398.61,2026-02-19T10:21:00,B2B
731,51,3,825.31,2025-08-21T02:02:00,MAGASIN
732,118,7,26.33,2025-03-11T18:52:00,MAGASIN
733,22,3,454.51,2025-07-01T13:46:00,MAGASIN
734,157,6,770.63,2025-09-06T03:30:00,MAGASIN
735,42,3,350.33,2025-06-08T23:55:00,B2B
736,7,7,470.68,2025-12-22T05:42:00,MAGASIN
737,35,7,1086.97,2025-03-25T05:42:00,WEB
738,171,4,623.13,2025-10-07T20:04:00,B2B
739,19,1,635.26,2025-11-07T18:45:00,WEB
740,170,7,748.01,2025-07-02T05:20:00,WEB
741,164,8,954.61,2025-10-18T08:30:00,B2B
742,25,2,409.05,2025-03-25T22:42:00,B2B
743,65,4,237.82,2025-07-02T06:49:00,MAGASIN
744,165,8,921.1,2025-07-01T01:30:00,B2B
745,57,4,958.49,2025-10-05T19:52:00,MAGASIN
746,158,3,1094.1,2025-12-20T15:52:00,WEB
747,123,8,116.73,2025-11-26T09:31:00,B2B
748,87,1,623.33,2025-12-04T20:18:00,WEB
749,48,2,10.49,2026-01-06T14:27:00,MAGASIN
750,59,7,22.22,2025-11-21T07:46:00,B2B
751,197,8,231.39,2025-05-25T07:05:00,MAGASIN
752,195,5,361.03,2025-07-05T13:03:00,MAGASIN
753,95,5,278.68,2025-07-13T08:57:00,B2B
754,63,3,1214.38,2025-06-02T13:45:00,MAGASIN
755,39,6,1099.26,2025-09-21T10:55:00,B2B
756,166,8,161.66,2025-04-29T14:34:00,B2B
757,171,2,544.81,2025-06-05T05:27:00,WEB
758,192,2,189.85,2025-11-03T05:40:00,B2B
759,84,3,186.31,2025-03-03T21:53:00,WEB
760,45,4,43.64,2025-04-09T13:20:00,WEB
761,118,4,23.31,2025-06-18T08:24:00,B2B
762,51,7,851.63,2025-08-30T14:11:00,WEB
763,174,8,326.59,2025-05-11T21:15:00,B2B
764,40,3,40.02,2026-02-16T22:25:00,MAGASIN
765,25,5,370.71,2025-11-27T07:08:00,B2B
766,15,7,489.15,2025-11-25T13:55:00,B2B
767,88,2,539.6,2025-10-20T05:11:00,WEB
768,114,2,22.34,2025-04-09T01:10:00,MAGASIN
769,1,5,111.95,2025-04-09T12:28:00,WEB
770,41,3,803.31,2025-06-24T02:03:00,B2B
771,178,7,333.79,2025-07-25T12:15:00,B2B
772,51,1,1042.31,2025-09-03T20:31:00,MAGASIN
773,191,6,556.1,2026-01-25T18:19:00,WEB
774,53,4,186.95,2025-09-12T16:33:00,WEB
775,175,8,1100.54,2025-06-17T09:47:00,MAGASIN
776,100,6,434.44,2025-05-30T08:40:00,MAGASIN
777,3,5,877.38,2025-03-01T03:23:00,WEB
778,1,8,124.15,2025-06-27T21:20:00,MAGASIN
779,106,2,278.23,2025-03-25T05:22:00,WEB
780,101,7,177.54,2025-03-01T10:22:00,WEB
781,122,3,978.38,2026-01-11T09:53:00,MAGASIN
782,95,7,313.47,2025-07-25T07:18:00,B2B
783,13,4,844.89,2025-12-10T12:12:00,B2B
784,96,3,106.21,2025-08-25T13:26:00,WEB
785,126,4,319.47,2025-09-16T01:00:00,MAGASIN
786,192,1,189.51,2025-03-25T08:49:00,B2B
787,153,5,575.79,2025-07-05T11:43:00,MAGASIN
788,47,7,232.06,2026-01-12T15:21:00,WEB
789,172,4,828.7,2026-01-03T05:35:00,WEB
790,86,7,244.2,2025-03-06T14:44:00,MAGASIN
791,150,6,1127.24,2026-01-25T03:22:00,WEB
792,56,1,1001.71,2026-01-26T03:35:00,B2B
793,31,1,1030.05,2025-08-27T02:56:00,WEB
794,131,8,110.42,2025-02-27T03:57:00,B2B
795,28,2,533.0,2025-11-14T00:19:00,MAGASIN
796,177,8,1249.41,2025-04-09T02:20:00,WEB
797,41,8,621.54,2025-04-11T18:12:00,B2B
798,140,7,137.65,2025-07-16T09:30:00,WEB
799,133,1,577.5,2025-06-29T21:49:00,WEB
800,156,2,607.83,2025-09-13T14:15:00,WEB
801,3,1,952.63,2025-03-27T19:24:00,B2B
802,27,4,219.8,2025-12-23T11:28:00,WEB
803,108,1,483.57,2025-12-08T21:45:00,B2B
804,74,2,335.41,2025-08-26T08:30:00,B2B
805,156,2,754.21,2025-06-02T15:49:00,B2B
806,91,7,983.19,2026-01-14T08:33:00,B2B
807,41,3,803.61,2025-11-06T01:37:00,B2B
808,140,6,142.11,2025-05-18T08:18:00,WEB
809,50,1,95.07,2025-03-22T19:11:00,B2B
810,46,4,936.48,2025-10-29T12:51:00,B2B
811,157,8,936.62,2026-01-04T12:14:00,B2B
812,167,7,238.62,2025-09-26T08:50:00,WEB
813,189,8,699.45,2025-10-13T10:43:00,WEB
814,176,3,327.58,2025-06-05T16:54:00,MAGASIN
815,141,6,616.61,2025-03-13T22:27:00,B2B
816,123,6,119.47,2025-08-04T00:41:00,B2B
817,174,6,357.8,2025-05-25T20:19:00,MAGASIN
818,28,1,471.8,2025-05-15T03:25:00,WEB
819,67,5,538.35,2025-06-16T10:55:00,B2B
820,198,7,418.82,2025-08-18T17:07:00,WEB
821,100,6,450.64,2025-10-25T16:46:00,WEB
822,71,7,825.3,2025-11-01T17:30:00,MAGASIN
823,40,7,33.8,2025-12-01T07:53:00,WEB
824,1,3,121.83,2025-11-07T08:42:00,B2B
825,128,4,744.3,2025-10-02T13:57:00,MAGASIN
826,154,5,237.02,2026-02-22T13:02:00,MAGASIN
827,193,7,633.22,2026-02-13T04:30:00,B2B
828,20,5,608.76,2025-08-29T05:29:00,WEB
829,97,1,578.24,2025-05-10T06:12:00,B2B
830,143,2,823.77,2025-07-17T14:29:00,WEB
831,53,8,209.62,2025-04-02T07:27:00,WEB
832,130,6,360.07,2025-03-28T12:32:00,B2B
833,157,5,775.69,2025-10-15T15:10:00,MAGASIN
834,112,4,768.04,2025-05-13T13:49:00,WEB
835,123,8,114.73,2025-10-07T16:32:00,MAGASIN
836,130,5,363.11,2025-06-08T09:32:00,MAGASIN
837,159,2,327.91,2025-05-22T05:07:00,WEB
838,127,4,146.11,2025-12-24T00:49:00,MAGASIN
839,16,6,182.23,2025-05-01T23:40:00,MAGASIN
840,113,4,1016.66,2025-08-16T13:25:00,WEB
841,187,2,865.89,2025-05-10T16:43:00,WEB
842,105,3,63.13,2025-03-27T00:05:00,MAGASIN
843,49,4,642.77,2025-10-23T22:11:00,MAGASIN
844,96,4,103.61,2025-02-26T12:21:00,B2B
845,172,1,811.33,2025-05-10T11:09:00,B2B
846,181,2,793.43,2025-04-28T11:02:00,B2B
847,126,6,270.33,2025-04-08T08:28:00,B2B
848,122,4,996.11,2025-07-03T10:45:00,WEB
849,117,4,589.09,2025-05-05T03:08:00,WEB
850,99,7,231.75,2026-02-13T05:29:00,B2B
851,84,6,232.07,2026-02-21T22:17:00,WEB
852,170,1,581.26,2025-07-14T01:52:00,B2B
853,187,1,765.01,2025-03-12T21:59:00,B2B
854,47,3,266.05,2025-08-03T12:51:00,WEB
855,75,7,582.87,2025-10-28T23:39:00,MAGASIN
856,189,6,705.3,2025-07-24T08:53:00,WEB
857,53,8,209.99,2025-12-04T15:09:00,B2B
858,152,8,241.2,2025-03-20T22:28:00,WEB
859,85,6,573.8,2025-11-16T01:25:00,B2B
860,101,6,192.68,2025-04-16T03:30:00,MAGASIN
861,159,6,406.93,2026-02-09T09:13:00,MAGASIN
862,12,7,179.35,2025-04-22T10:32:00,MAGASIN
863,137,2,380.5,2025-09-17T11:25:00,MAGASIN
864,47,8,266.88,2025-06-05T13:46:00,B2B
865,198,3,358.78,2025-12-31T14:14:00,MAGASIN
866,58,8,1019.65,2026-01-05T08:45:00,WEB
867,177,4,985.68,2025-05-13T22:07:00,MAGASIN
868,9,7,56.99,2025-05-16T15:17:00,WEB
869,200,2,448.46,2025-07-25T09:50:00,WEB
870,87,7,694.77,2026-02-03T11:30:00,WEB
871,145,6,554.45,2025-07-12T16:13:00,MAGASIN
872,82,8,90.85,2025-06-25T02:52:00,WEB
873,11,3,488.23,2025-09-11T01:08:00,B2B
874,129,2,760.76,2026-02-13T03:26:00,B2B
875,115,3,767.63,2025-11-10T13:29:00,WEB
876,121,3,197.08,2026-02-03T07:59:00,MAGASIN
877,5,5,416.05,2026-01-14T12:57:00,WEB
878,149,4,127.39,2025-12-29T11:36:00,MAGASIN
879,110,2,403.18,2026-01-13T13:20:00,WEB
880,23,4,818.98,2025-04-01T14:59:00,B2B
881,92,1,238.49,2026-02-05T22:05:00,WEB
882,9,3,72.11,2025-12-22T03:30:00,B2B
883,160,1,682.07,2025-03-30T11:41:00,B2B
884,62,6,93.6,2025-07-18T03:38:00,B2B
885,58,7,886.56,2025-11-10T06:47:00,MAGASIN
886,43,5,435.21,2025-08-25T13:11:00,MAGASIN
887,125,1,926.99,2025-06-03T00:46:00,WEB
888,165,3,914.44,2025-10-16T15:19:00,B2B
889,105,7,55.88,2025-03-04T16:18:00,MAGASIN
890,187,1,691.97,2025-10-16T12:47:00,B2B
891,141,1,647.74,2025-10-10T01:05:00,B2B
892,189,7,690.27,2025-06-18T03:50:00,MAGASIN
893,176,7,320.71,2026-01-01T00:32:00,B2B
894,115,4,998.04,2026-01-20T08:08:00,B2B
895,30,7,285.3,2025-08-02T06:02:00,MAGASIN
896,59,5,27.32,2025-08-16T04:54:00,WEB
897,14,2,965.63,2025-08-15T15:40:00,WEB
898,40,6,42.1,2025-07-17T16:53:00,MAGASIN
899,108,2,423.3,2025-12-23T09:35:00,WEB
900,45,3,40.98,2025-05-03T12:01:00,B2B
901,150,5,1138.28,2025-06-21T15:37:00,B2B
902,145,8,566.62,2025-12-27T09:03:00,MAGASIN
903,195,6,388.53,2025-06-18T20:01:00,WEB
904,45,7,44.61,2026-01-15T15:07:00,WEB
905,86,1,241.13,2025-10-14T15:11:00,WEB
906,67,5,555.69,2025-09-03T02:18:00,MAGASIN
907,154,7,237.08,2025-04-27T14:14:00,B2B
908,173,2,35.03,2025-11-06T00:08:00,WEB
909,153,8,494.87,2025-07-22T19:59:00,B2B
910,50,8,96.14,2025-10-23T04:35:00,WEB
911,45,8,39.75,2025-03-20T11:00:00,B2B
912,31,5,1126.69,2025-07-18T15:06:00,MAGASIN
913,112,2,753.09,2025-11-21T12:48:00,WEB
914,88,7,547.73,2026-01-13T06:48:00,WEB
915,185,3,71.81,2026-01-12T17:26:00,B2B
916,93,6,602.21,2026-01-20T23:24:00,MAGASIN
917,161,6,132.65,2025-12-16T08:39:00,B2B
918,129,1,612.8,2025-06-10T15:19:00,B2B
919,4,8,488.39,2025-12-08T08:56:00,MAGASIN
920,79,1,427.57,2025-03-09T02:49:00,B2B
921,27,4,279.05,2025-12-11T10:30:00,MAGASIN
922,40,7,36.94,2025-12-24T09:32:00,WEB
923,158,6,1074.56,2025-06-12T07:05:00,WEB
924,196,7,130.1,2025-05-27T09:20:00,B2B
925,176,3,257.27,2025-05-08T14:43:00,MAGASIN
926,52,7,447.54,2025-06-21T12:20:00,B2B
927,193,7,653.71,2025-08-01T07:44:00,MAGASIN
928,176,6,294.38,2025-11-01T11:19:00,B2B
929,129,4,742.43,2025-11-23T22:48:00,B2B
930,183,4,755.07,2026-01-03T08:32:00,MAGASIN
931,78,1,827.52,2025-11-12T06:17:00,MAGASIN
932,27,6,217.39,2025-03-23T00:54:00,WEB
933,104,5,401.93,2025-05-26T23:50:00,B2B
934,15,2,399.5,2025-04-27T16:28:00,B2B
935,158,6,1055.02,2025-11-19T21:53:00,B2B
936,62,8,101.0,2025-05-24T20:37:00,MAGASIN
937,82,2,77.16,2026-02-15T02:36:00,WEB
938,47,4,293.49,2025-08-16T12:57:00,MAGASIN
939,106,3,251.47,2025-12-15T14:05:00,B2B
940,34,3,208.64,2025-09-07T20:20:00,MAGASIN
941,110,2,351.97,2025-10-24T13:58:00,MAGASIN
942,136,5,879.66,2026-02-10T21:40:00,B2B
943,128,1,592.69,2025-08-08T19:15:00,MAGASIN
944,10,8,270.38,2025-04-04T12:49:00,WEB
945,96,1,90.86,2025-05-29T17:34:00,WEB
946,143,3,766.69,2025-12-30T14:58:00,WEB
947,51,1,1063.29,2025-06-02T02:31:00,MAGASIN
948,149,1,104.17,2025-11-19T05:00:00,MAGASIN
949,7,1,406.44,2025-09-05T00:18:00,MAGASIN
950,124,1,452.63,2025-04-09T18:19:00,B2B
951,84,8,192.04,2025-04-13T07:15:00,B2B
952,44,2,848.18,2025-10-31T18:31:00,WEB
953,45,3,44.95,2025-04-27T17:49:00,B2B
954,174,3,357.3,2025-09-12T15:58:00,B2B
955,174,4,361.48,2025-05-21T02:06:00,WEB
956,75,4,586.33,2025-04-04T21:28:00,WEB
957,93,5,609.62,2025-07-09T06:57:00,B2B
958,147,3,598.81,2025-10-11T10:47:00,B2B
959,134,4,849.83,2025-06-27T12:37:00,WEB
960,87,4,755.27,2025-05-26T08:37:00,B2B
961,128,8,734.23,2026-02-10T04:23:00,MAGASIN
962,114,3,22.51,2026-01-09T03:04:00,WEB
963,151,1,224.96,2025-10-05T17:47:00,WEB
964,173,7,37.9,2025-05-05T10:44:00,MAGASIN
965,80,7,826.59,2026-02-11T21:04:00,MAGASIN
966,84,3,239.58,2026-02-23T10:50:00,WEB
967,14,4,920.6,2026-01-18T11:13:00,WEB
968,103,4,231.03,2025-10-31T20:36:00,B2B
969,40,4,36.16,2026-01-04T23:56:00,WEB
970,31,5,1129.67,2025-09-17T09:02:00,MAGASIN
971,155,6,668.92,2026-02-12T06:56:00,MAGASIN
972,2,6,166.1,2025-07-30T09:09:00,MAGASIN
973,107,4,425.58,2025-08-24T04:37:00,WEB
974,62,6,115.0,2025-11-25T15:53:00,MAGASIN
975,39,3,1173.76,2025-06-02T11:30:00,WEB
976,84,7,184.42,2026-02-15T18:42:00,MAGASIN
977,94,8,881.83,2025-07-16T09:42:00,B2B
978,12,6,180.75,2025-06-30T21:29:00,MAGASIN
979,183,8,793.91,2025-03-14T04:01:00,WEB
980,178,6,331.96,2025-12-05T11:53:00,B2B
981,160,2,817.85,2025-08-05T00:25:00,MAGASIN
982,82,2,89.5,2026-01-10T21:44:00,MAGASIN
983,41,5,803.79,2025-03-04T07:41:00,WEB
984,113,4,1026.5,2026-01-19T02:01:00,B2B
985,121,5,201.8,2026-01-10T05:03:00,WEB
986,153,6,631.96,2025-09-21T13:19:00,WEB
987,190,1,755.56,2025-11-20T16:00:00,MAGASIN
988,127,7,165.02,2026-01-12T09:59:00,B2B
989,10,2,265.24,2026-01-04T02:52:00,MAGASIN
990,24,2,698.46,2025-07-09T18:59:00,WEB
991,151,7,223.86,2025-08-27T10:44:00,B2B
992,17,6,63.36,2025-10-01T19:11:00,B2B
993,113,3,947.56,2025-10-01T21:53:00,MAGASIN
994,70,3,657.12,2025-09-24T02:15:00,WEB
995,122,6,872.77,2025-09-30T02:35:00,B2B
996,38,3,384.74,2025-11-01T22:19:00,WEB
997,33,2,316.16,2026-01-17T10:02:00,MAGASIN
998,58,6,1004.25,2026-01-07T03:16:00,MAGASIN
999,72,7,1226.45,2025-08-10T13:51:00,WEB
1000,74,7,323.58,2025-10-18T13:48:00,WEB
1001,193,5,695.49,2025-05-05T14:00:00,WEB
1002,166,5,177.82,2026-01-05T20:16:00,B2B
1003,27,4,255.55,2025-04-04T02:42:00,MAGASIN
1004,162,2,428.61,2025-03-13T23:29:00,B2B
1005,12,8,183.64,2025-05-28T10:24:00,WEB
1006,14,2,928.73,2025-05-17T07:46:00,B2B
1007,173,6,38.76,2025-04-08T15:20:00,WEB
1008,62,4,117.28,2025-10-13T01:46:00,B2B
1009,156,8,618.78,2025-10-22T10:12:00,MAGASIN
1010,171,7,628.31,2025-06-14T12:51:00,MAGASIN
1011,171,8,626.78,2025-09-16T22:44:00,MAGASIN
1012,122,1,784.5,2026-01-15T00:53:00,WEB
1013,143,8,657.81,2025-10-12T03:59:00,B2B
1014,6,6,1075.61,2025-03-27T12:58:00,B2B
1015,40,2,40.93,2025-05-31T15:32:00,B2B
1016,13,7,684.84,2025-11-13T00:04:00,MAGASIN
1017,74,2,333.5,2025-07-23T03:54:00,WEB
1018,10,7,242.0,2025-11-28T00:29:00,B2B
1019,7,1,449.16,2025-08-09T07:09:00,MAGASIN
1020,39,2,943.94,2025-07-06T05:39:00,B2B
1021,39,3,1193.66,2025-11-11T16:55:00,WEB
1022,128,3,724.99,2025-09-02T23:08:00,WEB
1023,194,7,301.96,2025-12-25T10:49:00,WEB
1024,24,4,600.13,2025-10-07T18:29:00,MAGASIN
1025,81,8,78.65,2025-10-30T01:29:00,MAGASIN
1026,174,5,354.88,2025-12-11T23:22:00,WEB
1027,153,4,635.99,2025-06-25T15:53:00,WEB
1028,17,5,71.54,2025-12-15T13:57:00,MAGASIN
1029,170,6,746.91,2025-11-03T03:09:00,B2B
1030,94,6,698.23,2025-03-11T00:17:00,B2B
1031,181,4,791.69,2025-08-08T14:18:00,WEB
1032,150,6,919.68,2025-07-09T19:46:00,MAGASIN
1033,109,2,391.19,2025-12-23T05:51:00,MAGASIN
1034,27,2,273.27,2025-10-27T03:47:00,WEB
1035,85,4,591.29,2025-08-20T02:58:00,WEB
1036,148,5,632.62,2025-06-03T14:15:00,MAGASIN
1037,187,3,864.92,2025-11-26T16:06:00,B2B
1038,124,4,396.78,2025-06-03T13:04:00,B2B
1039,148,5,635.64,2025-11-12T05:07:00,MAGASIN
1040,135,6,791.08,2025-05-15T09:27:00,MAGASIN
1041,32,4,350.31,2025-12-31T10:08:00,WEB
1042,167,1,208.08,2025-06-07T23:21:00,MAGASIN
1043,96,2,106.93,2025-04-13T16:56:00,WEB
1044,70,4,584.52,2025-05-26T23:48:00,B2B
1045,113,4,1048.09,2025-05-24T20:54:00,WEB
1046,16,5,181.74,2025-05-08T15:35:00,WEB
1047,81,5,73.83,2026-02-11T09:06:00,MAGASIN
1048,4,6,393.72,2025-10-30T12:40:00,MAGASIN
1049,68,2,769.43,2025-03-22T20:11:00,B2B
1050,46,4,1162.02,2025-06-07T13:57:00,B2B
1051,72,8,1234.81,2025-06-25T05:25:00,B2B
1052,125,6,931.3,2025-11-06T09:56:00,WEB
1053,26,6,511.32,2025-10-29T17:13:00,MAGASIN
1054,98,7,777.25,2025-07-28T02:03:00,B2B
1055,179,7,1120.84,2025-11-09T16:55:00,MAGASIN
1056,184,7,841.95,2025-03-07T21:54:00,B2B
1057,57,1,988.61,2025-04-28T16:29:00,MAGASIN
1058,66,1,235.22,2025-11-01T08:29:00,WEB
1059,3,4,941.62,2025-06-23T05:20:00,MAGASIN
1060,138,3,542.48,2026-01-31T23:42:00,MAGASIN
1061,123,3,117.34,2026-01-08T11:49:00,B2B
1062,77,3,775.56,2025-09-27T10:25:00,MAGASIN
1063,38,6,385.88,2025-09-15T22:11:00,MAGASIN
1064,148,1,640.91,2025-09-08T01:03:00,WEB
1065,160,2,776.25,2025-12-22T23:08:00,B2B
1066,187,1,688.14,2025-04-14T12:30:00,B2B
1067,6,4,1316.92,2025-09-19T01:16:00,B2B
1068,26,7,507.49,2025-05-26T00:44:00,WEB
1069,181,8,807.65,2025-03-07T00:26:00,WEB
1070,68,5,963.46,2025-11-24T22:40:00,B2B
1071,93,2,607.58,2025-08-21T01:18:00,WEB
1072,3,3,879.82,2026-02-02T20:14:00,WEB
1073,154,4,246.14,2026-02-08T23:56:00,B2B
1074,21,5,772.73,2026-02-09T12:13:00,B2B
1075,123,1,119.7,2025-05-10T21:07:00,WEB
1076,111,6,685.68,2025-09-21T07:44:00,MAGASIN
1077,11,5,536.32,2026-02-07T23:42:00,WEB
1078,65,8,268.78,2025-08-13T07:10:00,B2B
1079,113,6,1016.51,2025-12-01T12:34:00,B2B
1080,149,3,125.81,2025-10-05T11:33:00,WEB
1081,16,2,166.51,2025-11-20T07:58:00,B2B
1082,21,2,1010.01,2025-06-12T20:50:00,WEB
1083,91,3,996.35,2025-03-15T02:37:00,MAGASIN
1084,95,6,301.01,2025-04-24T23:41:00,MAGASIN
1085,113,2,937.2,2025-06-17T15:56:00,WEB
1086,124,7,458.02,2025-11-22T20:20:00,MAGASIN
1087,199,3,352.73,2025-03-05T16:53:00,WEB
1088,15,3,486.94,2025-08-25T14:36:00,WEB
1089,75,5,731.3,2025-08-16T05:34:00,B2B
1090,130,3,375.36,2025-10-21T02:41:00,B2B
1091,59,3,27.82,2025-06-11T21:05:00,MAGASIN
1092,114,3,22.47,2025-10-10T00:17:00,B2B
1093,153,3,648.46,2025-05-06T09:13:00,MAGASIN
1094,184,5,875.63,2025-09-26T07:02:00,MAGASIN
1095,2,5,129.86,2025-08-14T13:06:00,WEB
1096,61,3,678.07,2025-04-03T00:42:00,B2B
1097,127,1,187.58,2025-04-03T08:12:00,B2B
1098,164,8,751.0,2025-07-27T15:06:00,MAGASIN
1099,116,1,610.24,2025-09-15T16:43:00,B2B
1100,26,8,412.14,2025-12-26T10:52:00,WEB
1101,114,7,20.21,2025-07-07T10:33:00,B2B
1102,157,2,967.43,2025-05-01T20:22:00,MAGASIN
1103,98,5,697.26,2025-12-24T13:24:00,WEB
1104,112,8,765.34,2026-02-19T07:10:00,WEB
1105,82,2,80.6,2026-02-13T03:37:00,MAGASIN
1106,188,7,82.75,2025-06-23T22:18:00,WEB
1107,123,8,119.85,2026-01-01T15:58:00,WEB
1108,15,3,485.38,2025-08-24T00:59:00,WEB
1109,66,5,244.12,2026-02-08T03:07:00,B2B
1110,83,8,134.72,2025-09-14T19:37:00,MAGASIN
1111,126,5,342.28,2025-10-13T00:25:00,B2B
1112,87,8,765.93,2025-08-11T02:34:00,WEB
1113,177,5,1206.36,2025-11-24T23:15:00,B2B
1114,88,4,536.55,2026-02-21T02:32:00,B2B
1115,121,3,199.32,2025-06-01T03:15:00,B2B
1116,84,8,193.71,2026-01-27T01:25:00,MAGASIN
1117,189,7,652.58,2025-08-04T23:45:00,B2B
1118,139,1,476.7,2025-04-07T18:11:00,WEB
1119,68,3,971.84,2025-04-04T04:08:00,WEB
1120,12,1,168.75,2025-06-25T04:07:00,WEB
1121,91,4,903.36,2025-06-27T08:05:00,WEB
1122,36,5,703.01,2025-06-20T20:34:00,MAGASIN
1123,151,2,208.33,2025-08-11T17:17:00,MAGASIN
1124,176,8,316.48,2025-11-30T13:22:00,MAGASIN
1125,100,2,398.72,2025-09-01T10:21:00,WEB
1126,160,3,813.95,2025-11-12T22:30:00,MAGASIN
1127,51,4,1014.63,2025-09-22T00:23:00,WEB
1128,77,4,767.68,2025-11-27T10:24:00,WEB
1129,160,5,847.92,2026-01-07T07:00:00,B2B
1130,148,6,650.99,2025-04-20T04:53:00,MAGASIN
1131,147,5,651.58,2025-07-26T15:58:00,MAGASIN
1132,139,3,524.17,2025-05-19T09:22:00,WEB
1133,152,6,296.44,2026-01-08T21:19:00,MAGASIN
1134,60,1,463.95,2025-08-22T04:36:00,B2B
1135,149,5,129.71,2025-12-10T17:24:00,B2B
1136,173,4,39.69,2025-06-25T12:04:00,B2B
1137,129,5,661.91,2025-08-13T16:30:00,B2B
1138,141,6,807.22,2026-01-30T00:45:00,B2B
1139,46,8,1180.33,2025-06-28T19:17:00,B2B
1140,53,2,214.96,2025-08-05T18:38:00,WEB
1141,91,4,799.44,2025-12-08T10:32:00,WEB
1142,168,5,775.07,2025-03-18T01:28:00,MAGASIN
1143,102,8,1065.66,2025-03-01T08:23:00,B2B
1144,135,5,808.91,2025-04-28T21:09:00,WEB
1145,114,3,22.12,2025-06-12T08:30:00,B2B
1146,99,2,251.36,2026-01-31T14:59:00,MAGASIN
1147,153,7,643.0,2025-04-15T11:40:00,WEB
1148,26,6,399.3,2025-06-23T16:56:00,MAGASIN
1149,74,1,330.78,2025-10-14T21:15:00,MAGASIN
1150,146,2,656.24,2025-12-20T04:11:00,B2B
1151,64,8,923.24,2026-01-29T18:33:00,MAGASIN
1152,75,7,718.62,2025-11-05T12:40:00,MAGASIN
1153,95,4,315.31,2026-01-25T02:55:00,B2B
1154,83,5,149.35,2025-08-21T11:32:00,MAGASIN
1155,57,8,1003.87,2026-01-28T01:58:00,B2B
1156,119,5,252.57,2025-05-12T17:55:00,MAGASIN
1157,128,4,640.53,2026-02-23T18:54:00,MAGASIN
1158,61,8,852.6,2025-04-08T02:58:00,MAGASIN
1159,26,5,499.94,2025-05-13T18:34:00,B2B
1160,158,3,1038.31,2025-12-07T00:17:00,MAGASIN
1161,107,2,420.42,2025-11-12T07:36:00,B2B
1162,152,7,311.59,2025-08-04T22:50:00,WEB
1163,64,6,944.97,2025-05-25T00:58:00,MAGASIN
1164,17,1,67.73,2026-02-10T14:39:00,WEB
1165,192,4,192.38,2026-01-22T01:53:00,B2B
1166,161,7,121.06,2026-01-28T19:30:00,MAGASIN
1167,180,5,408.42,2025-06-18T08:22:00,WEB
1168,66,6,269.07,2025-08-18T19:40:00,WEB
1169,44,3,859.57,2025-09-21T11:05:00,WEB
1170,152,5,242.83,2025-03-24T00:16:00,MAGASIN
1171,200,8,453.91,2025-09-07T15:04:00,MAGASIN
1172,128,8,581.35,2026-01-02T20:41:00,MAGASIN
1173,98,1,890.57,2025-08-22T06:59:00,B2B
1174,85,6,575.08,2025-06-21T22:25:00,B2B
1175,141,7,803.32,2025-09-13T22:44:00,MAGASIN
1176,77,5,768.03,2025-12-18T04:01:00,B2B
1177,104,8,314.52,2025-04-10T23:27:00,WEB
1178,12,2,167.43,2025-09-11T20:46:00,B2B
1179,107,3,350.19,2025-07-31T07:44:00,WEB
1180,12,5,167.99,2025-12-15T15:56:00,B2B
1181,130,2,364.47,2025-09-29T19:05:00,WEB
1182,169,2,407.44,2025-07-17T04:00:00,MAGASIN
1183,68,4,872.39,2025-07-23T12:24:00,MAGASIN
1184,153,8,637.27,2025-08-10T10:13:00,WEB
1185,65,2,264.43,2025-07-06T21:40:00,WEB
1186,111,1,594.49,2026-01-16T01:07:00,MAGASIN
1187,182,1,989.17,2026-02-24T09:02:00,MAGASIN
1188,130,5,321.26,2025-08-22T12:31:00,B2B
1189,110,8,359.81,2025-06-25T22:33:00,B2B
1190,24,3,671.33,2025-11-28T06:12:00,MAGASIN
1191,67,4,668.77,2026-02-21T03:23:00,MAGASIN
1192,116,3,484.39,2025-08-24T04:29:00,WEB
1193,119,5,228.83,2025-03-11T22:03:00,MAGASIN
1194,44,1,862.16,2025-09-03T05:23:00,B2B
1195,120,7,666.2,2025-04-30T00:06:00,B2B
1196,8,2,272.48,2025-11-28T02:11:00,WEB
1197,34,1,257.0,2025-05-30T17:34:00,B2B
1198,139,1,541.05,2025-12-12T12:29:00,WEB
1199,167,3,241.37,2026-02-02T00:19:00,WEB
1200,16,4,188.13,2025-08-20T13:21:00,B2B
1201,28,6,479.36,2025-12-25T11:32:00,WEB
1202,181,7,794.21,2025-12-11T05:35:00,WEB
1203,192,4,230.63,2025-08-13T22:52:00,WEB
1204,132,8,916.66,2025-11-22T19:09:00,MAGASIN
1205,84,5,193.75,2025-08-26T22:09:00,MAGASIN
1206,100,5,360.16,2026-02-17T04:32:00,WEB
1207,53,8,211.03,2026-01-08T06:02:00,WEB
1208,31,1,1038.23,2026-01-31T04:00:00,B2B
1209,75,5,580.3,2025-10-26T01:12:00,MAGASIN
1210,194,1,335.56,2025-10-08T10:57:00,WEB
1211,167,7,214.27,2026-02-26T01:26:00,B2B
1212,128,1,722.87,2025-08-14T15:24:00,B2B
1213,2,5,135.57,2025-10-05T09:04:00,B2B
1214,81,4,78.39,2026-01-28T15:30:00,B2B
1215,136,1,950.05,2025-12-07T09:33:00,MAGASIN
1216,2,1,168.67,2025-09-15T03:10:00,MAGASIN
1217,160,6,741.09,2025-06-20T13:41:00,B2B
1218,131,1,96.27,2025-05-25T14:49:00,WEB
1219,41,3,782.94,2025-06-15T13:10:00,WEB
1220,81,4,82.41,2025-11-24T23:37:00,WEB
1221,19,6,616.67,2025-08-21T22:53:00,WEB
1222,120,2,646.21,2026-01-10T09:25:00,WEB
1223,4,6,399.09,2025-12-26T17:05:00,MAGASIN
1224,136,5,971.91,2026-01-13T07:59:00,WEB
1225,27,3,279.75,2026-02-15T01:01:00,B2B
1226,11,5,546.96,2025-08-19T21:39:00,MAGASIN
1227,56,3,789.52,2025-06-29T10:16:00,WEB
1228,144,5,187.73,2025-07-12T16:28:00,MAGASIN
1229,11,3,608.54,2025-03-18T12:49:00,WEB
1230,14,6,938.03,2025-07-30T17:34:00,MAGASIN
1231,78,2,859.01,2025-11-14T08:47:00,B2B
1232,23,3,825.25,2025-04-02T13:26:00,WEB
1233,100,5,454.64,2025-11-21T10:41:00,WEB
1234,174,4,365.9,2026-01-14T02:41:00,B2B
1235,72,6,1192.04,2025-07-26T06:12:00,B2B
1236,150,6,1154.24,2026-01-02T14:36:00,MAGASIN
1237,137,8,349.1,2025-04-16T06:23:00,MAGASIN
1238,62,1,111.61,2025-12-23T18:00:00,MAGASIN
1239,62,4,111.25,2025-03-09T07:27:00,B2B
1240,99,1,228.11,2025-12-14T13:59:00,B2B
1241,40,8,41.89,2026-02-18T16:00:00,MAGASIN
1242,199,7,441.14,2025-08-16T10:28:00,WEB
1243,167,3,264.15,2025-08-11T22:13:00,WEB
1244,188,7,62.98,2025-07-23T17:34:00,MAGASIN
1245,125,4,760.68,2025-05-31T22:07:00,MAGASIN
1246,52,4,495.33,2026-02-04T05:31:00,B2B
1247,139,3,535.91,2025-09-29T09:29:00,WEB
1248,93,2,537.55,2025-06-03T01:01:00,MAGASIN
1249,145,7,460.91,2025-11-22T11:31:00,B2B
1250,45,2,39.09,2025-07-25T06:24:00,WEB
1251,199,7,344.34,2025-06-13T02:02:00,MAGASIN
1252,125,1,928.11,2025-09-20T00:05:00,B2B
1253,173,5,38.61,2025-08-17T13:28:00,MAGASIN
1254,174,8,353.05,2025-04-27T19:50:00,B2B
1255,157,8,923.72,2025-04-23T10:00:00,B2B
1256,16,4,185.18,2025-10-14T06:14:00,WEB
1257,186,5,628.87,2025-10-18T07:31:00,WEB
1258,137,4,380.19,2025-11-20T15:34:00,B2B
1259,118,3,26.02,2025-08-12T22:49:00,B2B
1260,130,1,325.11,2025-07-25T01:33:00,WEB
1261,164,8,948.36,2025-04-07T02:41:00,B2B
1262,128,1,567.96,2025-03-04T17:32:00,B2B
1263,199,6,432.11,2025-03-02T16:32:00,B2B
1264,135,8,784.13,2026-02-15T14:03:00,WEB
1265,125,2,826.76,2025-10-29T03:14:00,MAGASIN
1266,73,3,950.14,2025-12-27T08:18:00,MAGASIN
1267,70,8,634.32,2025-04-28T04:43:00,MAGASIN
1268,128,3,717.72,2025-07-11T16:14:00,B2B
1269,123,7,93.08,2025-07-19T19:58:00,MAGASIN
1270,113,5,1046.29,2025-08-05T15:03:00,WEB
1271,114,8,21.61,2025-09-29T10:36:00,B2B
1272,179,8,994.89,2025-06-10T02:40:00,MAGASIN
1273,81,6,79.39,2025-03-24T14:51:00,WEB
1274,103,8,188.35,2025-11-29T04:49:00,WEB
1275,42,3,378.66,2025-07-26T08:21:00,B2B
1276,7,2,460.98,2025-09-19T15:54:00,WEB
1277,184,4,851.81,2025-05-17T10:18:00,MAGASIN
1278,158,3,856.78,2025-11-15T06:18:00,MAGASIN
1279,40,6,33.43,2025-04-01T15:33:00,MAGASIN
1280,145,7,556.8,2025-07-21T21:57:00,WEB
1281,128,5,593.72,2025-04-04T06:57:00,MAGASIN
1282,126,2,270.57,2025-03-02T14:07:00,MAGASIN
1283,124,4,396.1,2025-04-12T13:00:00,B2B
1284,20,3,701.93,2025-07-22T10:05:00,B2B
1285,10,7,301.07,2026-01-19T14:22:00,MAGASIN
1286,2,1,146.98,2025-04-27T20:33:00,B2B
1287,152,6,296.65,2025-09-21T13:41:00,MAGASIN
1288,122,5,903.95,2025-08-06T19:19:00,B2B
1289,177,3,1265.58,2026-02-24T03:40:00,MAGASIN
1290,88,8,491.69,2025-03-12T17:57:00,MAGASIN
1291,41,2,709.95,2025-07-31T11:37:00,MAGASIN
1292,12,8,168.24,2026-01-27T03:26:00,MAGASIN
1293,31,8,1126.52,2026-01-10T17:18:00,MAGASIN
1294,92,1,235.77,2026-02-15T10:43:00,WEB
1295,108,5,427.01,2025-10-24T14:07:00,B2B
1296,106,6,271.2,2025-12-17T10:17:00,WEB
1297,50,5,92.41,2025-06-16T08:17:00,WEB
1298,4,3,402.18,2025-06-11T12:16:00,MAGASIN
1299,184,8,850.17,2025-09-04T12:22:00,WEB
1300,145,3,567.33,2026-01-27T15:14:00,WEB
1301,42,3,386.97,2025-11-02T22:09:00,WEB
1302,187,4,849.55,2026-02-16T02:45:00,WEB
1303,118,5,26.04,2025-09-29T03:11:00,B2B
1304,38,5,332.65,2025-09-03T02:31:00,WEB
1305,178,5,306.21,2025-03-01T22:42:00,MAGASIN
1306,68,7,1006.91,2025-10-09T04:30:00,B2B
1307,131,4,88.11,2025-03-25T14:54:00,WEB
1308,116,2,490.9,2026-02-15T22:22:00,WEB
1309,75,3,592.27,2025-04-18T07:50:00,MAGASIN
1310,98,5,693.69,2025-12-21T20:52:00,WEB
1311,130,6,375.93,2025-04-23T08:11:00,MAGASIN
1312,73,2,954.84,2026-02-26T13:19:00,B2B
1313,146,2,655.41,2025-08-25T07:13:00,B2B
1314,90,7,587.55,2025-08-31T20:19:00,MAGASIN
1315,74,4,301.85,2025-10-14T15:57:00,B2B
1316,198,1,469.59,2025-07-29T03:47:00,MAGASIN
1317,152,6,301.84,2025-04-20T03:42:00,WEB
1318,139,5,470.21,2025-09-13T04:59:00,B2B
1319,187,2,851.28,2025-12-09T07:50:00,MAGASIN
1320,47,7,303.68,2025-09-22T03:51:00,B2B
1321,21,6,918.76,2025-10-18T15:11:00,B2B
1322,150,4,1133.67,2025-07-04T03:31:00,WEB
1323,8,8,277.37,2026-02-14T04:37:00,MAGASIN
1324,99,4,288.61,2025-11-24T09:35:00,B2B
1325,169,4,360.59,2025-12-22T10:39:00,WEB
1326,156,1,773.64,2025-10-19T00:29:00,B2B
1327,191,4,435.32,2025-07-16T04:01:00,B2B
1328,85,3,465.27,2025-03-05T03:48:00,WEB
1329,50,7,74.93,2025-05-13T20:09:00,WEB
1330,69,2,591.29,2025-03-16T05:26:00,WEB
1331,116,3,624.71,2025-06-02T18:35:00,MAGASIN
1332,26,7,415.88,2025-08-30T20:40:00,WEB
1333,43,8,433.05,2025-10-04T09:06:00,WEB
1334,26,6,503.52,2025-04-03T13:13:00,MAGASIN
1335,19,8,628.32,2025-05-09T16:56:00,WEB
1336,85,7,528.44,2026-01-25T04:07:00,WEB
1337,98,6,903.09,2025-04-10T22:51:00,MAGASIN
1338,12,3,185.96,2025-06-16T07:33:00,B2B
1339,92,8,242.83,2026-01-29T23:38:00,WEB
1340,59,1,27.43,2025-03-31T10:48:00,MAGASIN
1341,85,4,567.07,2025-06-18T11:22:00,B2B
1342,120,3,740.12,2025-03-01T08:42:00,MAGASIN
1343,102,8,1066.49,2025-09-17T17:55:00,WEB
1344,42,5,397.71,2025-11-13T06:29:00,MAGASIN
1345,114,6,21.87,2025-07-13T04:48:00,B2B
1346,77,5,760.23,2025-03-29T04:43:00,B2B
1347,97,5,507.84,2025-09-18T02:24:00,WEB
1348,172,4,666.36,2025-05-19T16:00:00,B2B
1349,37,8,430.99,2025-07-13T02:56:00,MAGASIN
1350,171,7,539.61,2025-06-01T14:00:00,B2B
1351,29,3,203.3,2025-09-01T21:19:00,MAGASIN
1352,23,7,733.3,2025-07-10T19:59:00,MAGASIN
1353,71,5,1015.0,2025-08-19T10:33:00,WEB
1354,187,8,868.07,2025-03-12T11:10:00,B2B
1355,86,1,246.95,2025-10-11T16:43:00,MAGASIN
1356,48,7,9.41,2025-03-29T12:39:00,WEB
1357,119,6,252.62,2025-07-27T03:06:00,WEB
1358,50,3,87.75,2025-05-01T03:30:00,MAGASIN
1359,196,1,112.72,2025-09-07T23:33:00,MAGASIN
1360,193,3,646.82,2025-10-26T16:57:00,WEB
1361,195,3,402.91,2025-12-28T14:16:00,WEB
1362,26,7,453.91,2025-09-08T16:06:00,MAGASIN
1363,83,4,112.82,2025-09-28T18:26:00,WEB
1364,182,2,860.8,2025-04-07T10:51:00,B2B
1365,167,7,264.39,2025-12-31T12:05:00,MAGASIN
1366,111,7,655.44,2025-12-26T11:22:00,WEB
1367,15,6,478.32,2025-05-07T22:43:00,B2B
1368,147,8,653.01,2025-07-15T04:33:00,B2B
1369,73,7,760.09,2025-07-15T22:24:00,MAGASIN
1370,141,8,809.44,2025-10-11T04:34:00,MAGASIN
1371,155,4,736.89,2026-02-17T07:18:00,WEB
1372,183,8,796.67,2025-07-10T05:26:00,MAGASIN
1373,66,4,279.43,2025-07-08T12:21:00,B2B
1374,101,7,151.83,2025-11-28T09:44:00,B2B
1375,60,1,447.01,2026-02-08T05:15:00,WEB
1376,66,8,294.72,2025-09-09T05:38:00,MAGASIN
1377,195,4,450.08,2025-08-14T09:06:00,MAGASIN
1378,17,6,57.13,2025-08-15T09:12:00,WEB
1379,5,3,405.55,2025-05-29T18:42:00,B2B
1380,165,2,1128.73,2025-04-04T16:32:00,WEB
1381,15,5,494.21,2025-03-20T03:50:00,WEB
1382,146,7,519.76,2025-04-05T16:30:00,MAGASIN
1383,31,2,1175.86,2025-08-24T20:28:00,WEB
1384,149,1,115.14,2026-02-13T15:03:00,WEB
1385,111,5,677.43,2025-10-05T04:44:00,B2B
1386,140,2,140.0,2025-09-11T20:22:00,MAGASIN
1387,127,2,154.56,2025-03-03T03:56:00,MAGASIN
1388,112,1,711.1,2026-02-16T04:28:00,MAGASIN
1389,164,7,929.62,2025-06-04T21:03:00,MAGASIN
1390,110,7,365.66,2025-08-11T20:54:00,B2B
1391,39,5,1056.11,2025-12-05T23:34:00,MAGASIN
1392,88,6,529.6,2025-05-19T19:43:00,B2B
1393,123,8,119.12,2025-02-27T02:23:00,MAGASIN
1394,73,1,932.69,2026-02-09T16:57:00,MAGASIN
1395,192,7,188.05,2026-01-10T09:38:00,WEB
1396,46,3,1155.45,2025-03-12T14:21:00,WEB
1397,108,5,531.96,2025-04-02T20:21:00,WEB
1398,130,4,293.81,2025-11-26T12:56:00,MAGASIN
1399,3,3,994.22,2025-08-04T16:47:00,MAGASIN
1400,38,8,365.8,2025-06-23T01:12:00,WEB
1401,148,5,506.15,2025-03-16T18:33:00,B2B
1402,169,6,403.19,2025-08-21T15:48:00,MAGASIN
1403,24,4,664.05,2025-06-04T04:00:00,B2B
1404,87,8,786.01,2025-08-03T04:43:00,WEB
1405,27,4,287.98,2025-04-14T06:12:00,MAGASIN
1406,41,4,638.18,2025-07-01T13:00:00,B2B
1407,127,4,191.38,2025-12-28T09:40:00,MAGASIN
1408,175,4,1087.35,2025-12-13T15:45:00,MAGASIN
1409,190,4,685.75,2025-05-11T12:09:00,WEB
1410,84,7,207.84,2025-12-04T07:00:00,MAGASIN
1411,96,1,118.91,2026-02-20T10:15:00,WEB
1412,198,6,465.25,2025-06-04T22:03:00,MAGASIN
1413,157,5,740.61,2026-02-05T08:06:00,WEB
1414,48,6,10.58,2025-09-02T07:32:00,B2B
1415,192,8,236.07,2026-02-15T10:04:00,WEB
1416,130,8,284.82,2025-11-07T11:59:00,WEB
1417,138,3,550.24,2025-03-17T19:34:00,B2B
1418,171,2,599.74,2025-08-01T09:37:00,WEB
1419,51,3,1067.31,2025-04-07T09:13:00,MAGASIN
1420,77,2,767.64,2025-10-03T09:30:00,B2B
1421,140,7,136.83,2025-11-10T00:29:00,WEB
1422,152,8,300.48,2026-02-22T07:59:00,MAGASIN
1423,139,2,547.19,2025-11-28T01:51:00,B2B
1424,100,6,451.37,2025-07-10T01:13:00,B2B
1425,125,7,916.27,2025-10-11T14:39:00,WEB
1426,99,3,231.33,2025-12-02T20:00:00,B2B
1427,53,5,213.09,2025-08-02T15:17:00,MAGASIN
1428,151,7,229.63,2025-12-26T17:27:00,B2B
1429,174,7,290.98,2026-02-04T00:33:00,B2B
1430,52,5,461.28,2025-09-05T21:58:00,B2B
1431,52,3,447.23,2025-04-17T19:56:00,B2B
1432,133,7,703.49,2026-02-19T14:16:00,WEB
1433,180,8,414.18,2026-01-03T22:45:00,B2B
1434,4,6,453.4,2025-08-18T04:39:00,WEB
1435,161,1,105.68,2025-03-12T05:36:00,MAGASIN
1436,55,6,279.95,2025-12-02T06:27:00,B2B
1437,1,7,124.27,2026-02-11T07:56:00,MAGASIN
1438,118,2,27.13,2025-10-05T04:13:00,MAGASIN
1439,181,7,713.49,2026-02-13T16:11:00,B2B
1440,167,6,260.93,2025-05-17T02:28:00,WEB
1441,54,8,171.72,2025-12-20T20:07:00,B2B
1442,182,8,891.24,2025-06-18T10:47:00,MAGASIN
1443,199,2,344.16,2025-05-02T21:17:00,WEB
1444,60,5,419.82,2025-03-06T16:58:00,B2B
1445,125,6,917.29,2025-08-18T07:15:00,B2B
1446,32,1,396.35,2026-01-24T07:06:00,MAGASIN
1447,154,2,234.89,2025-02-26T01:03:00,MAGASIN
1448,99,6,279.42,2025-04-16T01:32:00,MAGASIN
1449,15,3,476.92,2025-03-12T17:54:00,B2B
1450,30,8,373.42,2026-02-18T14:49:00,WEB
1451,81,2,65.35,2026-01-17T06:40:00,MAGASIN
1452,107,4,380.08,2026-02-14T15:53:00,WEB
1453,43,7,414.49,2026-01-12T06:04:00,B2B
1454,89,4,757.87,2026-01-08T22:59:00,B2B
1455,47,6,289.22,2026-01-25T16:35:00,B2B
1456,167,1,244.75,2026-01-19T17:18:00,MAGASIN
1457,8,2,281.11,2025-04-27T15:00:00,WEB
1458,100,7,386.91,2026-01-15T01:45:00,WEB
1459,127,3,186.29,2025-06-20T18:58:00,B2B
1460,183,1,983.22,2025-07-19T00:07:00,WEB
1461,59,4,27.98,2025-11-13T12:59:00,B2B
1462,48,7,10.41,2025-12-21T13:56:00,B2B
1463,70,7,658.76,2025-12-27T08:45:00,WEB
1464,171,2,621.69,2025-09-06T20:47:00,MAGASIN
1465,152,7,248.98,2025-07-15T17:57:00,MAGASIN
1466,76,1,619.2,2025-06-27T14:55:00,B2B
1467,175,7,1078.63,2025-07-29T13:45:00,MAGASIN
1468,99,4,249.81,2025-03-25T07:37:00,MAGASIN
1469,155,2,634.56,2025-05-01T13:05:00,MAGASIN
1470,8,5,247.4,2026-01-05T11:51:00,MAGASIN
1471,24,5,670.05,2025-07-21T07:45:00,WEB
1472,2,1,168.37,2025-11-03T05:44:00,WEB
1473,131,5,105.35,2025-08-12T00:42:00,B2B
1474,28,1,511.9,2025-12-17T17:50:00,WEB
1475,27,1,218.68,2025-08-03T00:59:00,WEB
1476,197,6,241.9,2026-02-10T09:39:00,B2B
1477,149,3,129.52,2025-08-11T09:30:00,WEB
1478,103,2,236.38,2025-08-10T03:50:00,B2B
1479,161,5,119.23,2025-11-18T00:22:00,B2B
1480,191,8,536.26,2025-12-04T23:51:00,B2B
1481,125,2,920.14,2026-02-11T16:36:00,WEB
1482,97,5,583.15,2026-01-12T15:42:00,B2B
1483,192,8,192.29,2025-12-30T02:02:00,WEB
1484,87,4,617.45,2026-01-25T14:37:00,MAGASIN
1485,144,1,167.46,2026-02-01T19:20:00,WEB
1486,185,6,69.65,2025-09-23T08:48:00,WEB
1487,35,8,1070.51,2025-03-11T19:23:00,B2B
1488,24,1,557.97,2025-04-20T23:24:00,WEB
1489,83,1,147.22,2025-04-02T07:53:00,B2B
1490,77,8,752.28,2026-02-05T19:07:00,WEB
1491,76,2,546.3,2025-06-20T22:10:00,MAGASIN
1492,93,3,616.41,2025-09-08T13:02:00,MAGASIN
1493,49,5,742.66,2026-01-10T09:34:00,B2B
1494,8,6,271.22,2025-09-26T21:29:00,MAGASIN
1495,25,7,404.14,2025-10-23T09:21:00,B2B
1496,69,3,578.6,2025-05-19T20:32:00,MAGASIN
1497,194,7,322.13,2025-04-16T03:03:00,B2B
1498,42,7,359.9,2025-03-30T02:38:00,MAGASIN
1499,16,7,168.84,2025-10-04T11:43:00,WEB
1500,97,5,571.4,2025-07-04T06:08:00,WEB
1501,13,5,858.25,2025-08-30T22:13:00,WEB
1502,64,3,947.86,2025-08-28T09:04:00,B2B
1503,44,7,670.88,2025-12-27T23:51:00,WEB
1504,196,2,140.88,2025-10-21T16:27:00,WEB
1505,37,1,351.24,2025-10-23T18:01:00,WEB
1506,145,2,457.06,2025-05-28T20:05:00,B2B
1507,10,6,305.44,2025-11-23T07:06:00,MAGASIN
1508,87,4,796.15,2026-02-19T10:29:00,B2B
1509,172,4,640.72,2026-01-30T16:25:00,MAGASIN
1510,189,7,639.88,2025-04-06T08:31:00,B2B
1511,177,2,1228.85,2025-05-05T03:53:00,WEB
1512,26,8,455.95,2026-02-09T04:38:00,WEB
1513,90,5,583.98,2026-02-14T10:23:00,MAGASIN
1514,131,8,87.32,2025-07-19T08:47:00,MAGASIN
1515,30,6,330.94,2025-08-20T10:29:00,B2B
1516,119,3,250.54,2025-05-14T11:49:00,B2B
1517,122,4,905.49,2025-12-03T15:46:00,MAGASIN
1518,174,2,359.74,2025-05-10T02:58:00,WEB
1519,175,2,1062.17,2025-10-14T21:17:00,MAGASIN
1520,115,7,951.27,2025-06-06T03:06:00,B2B
1521,200,8,451.28,2025-08-14T01:25:00,B2B
1522,111,1,669.95,2025-08-29T00:20:00,WEB
1523,2,3,164.03,2025-03-15T15:49:00,MAGASIN
1524,114,5,22.17,2025-03-25T17:31:00,MAGASIN
1525,56,2,982.65,2025-06-02T15:48:00,WEB
1526,173,8,30.37,2025-12-27T10:13:00,MAGASIN
1527,17,2,67.49,2025-10-03T09:36:00,MAGASIN
1528,66,8,305.9,2025-05-27T08:04:00,WEB
1529,31,5,1068.42,2025-09-14T12:10:00,WEB
1530,50,2,85.38,2025-03-30T20:11:00,WEB
1531,152,3,276.84,2025-08-03T11:46:00,MAGASIN
1532,4,5,480.53,2025-11-04T06:48:00,B2B
1533,171,6,612.34,2025-06-29T07:13:00,WEB
1534,3,1,969.57,2025-03-16T15:03:00,B2B
1535,10,3,300.87,2025-10-05T14:35:00,MAGASIN
1536,111,2,583.19,2025-07-02T17:44:00,B2B
1537,118,4,26.57,2025-07-19T17:55:00,B2B
1538,24,2,690.24,2025-11-21T09:02:00,B2B
1539,189,4,700.24,2025-06-05T01:00:00,B2B
1540,59,1,26.88,2025-04-04T07:10:00,MAGASIN
1541,168,2,679.53,2025-08-05T14:29:00,MAGASIN
1542,186,8,706.69,2025-11-17T06:16:00,MAGASIN
1543,53,4,211.02,2025-06-28T03:52:00,B2B
1544,200,2,458.19,2025-05-17T21:37:00,B2B
1545,149,3,100.24,2025-08-24T01:28:00,MAGASIN
1546,23,4,719.82,2025-08-07T08:56:00,MAGASIN
1547,63,5,960.52,2026-01-20T00:30:00,MAGASIN
1548,40,8,36.32,2025-09-21T05:00:00,B2B
1549,176,5,316.37,2025-05-31T07:56:00,MAGASIN
1550,64,2,908.55,2025-07-28T08:26:00,B2B
1551,172,4,816.1,2025-07-14T04:20:00,B2B
1552,85,4,594.66,2026-01-28T06:03:00,MAGASIN
1553,115,2,957.08,2025-10-09T10:24:00,WEB
1554,63,7,1185.32,2025-04-30T07:14:00,MAGASIN
1555,11,8,481.36,2025-12-03T03:41:00,B2B
1556,22,6,457.54,2025-07-20T02:07:00,MAGASIN
1557,178,7,334.98,2025-06-16T06:59:00,WEB
1558,99,8,287.21,2026-02-07T21:43:00,B2B
1559,1,5,118.1,2025-09-29T09:54:00,B2B
1560,52,7,451.67,2025-12-23T14:25:00,WEB
1561,104,3,321.59,2025-11-09T09:26:00,MAGASIN
1562,123,4,102.91,2025-12-22T09:31:00,WEB
1563,195,4,447.79,2025-04-20T03:17:00,B2B
1564,62,7,88.7,2025-05-17T05:05:00,WEB
1565,198,8,414.07,2025-09-30T21:16:00,WEB
1566,165,4,1146.1,2025-07-29T11:01:00,WEB
1567,190,6,590.89,2025-07-28T21:03:00,MAGASIN
1568,88,8,495.05,2025-07-10T08:15:00,WEB
1569,145,3,561.67,2025-03-11T04:43:00,WEB
1570,19,4,509.68,2025-07-16T14:41:00,MAGASIN
1571,49,7,711.2,2026-02-07T14:52:00,MAGASIN
1572,47,6,289.2,2025-08-11T08:20:00,WEB
1573,133,3,565.18,2025-04-16T13:10:00,MAGASIN
1574,102,2,929.28,2026-02-25T16:32:00,MAGASIN
1575,151,5,189.73,2026-02-25T16:07:00,B2B
1576,8,5,277.15,2025-11-09T08:44:00,WEB
1577,157,1,934.82,2025-06-09T00:36:00,MAGASIN
1578,4,7,392.4,2026-01-05T04:08:00,MAGASIN
1579,127,4,184.83,2025-04-13T17:17:00,B2B
1580,78,1,1057.53,2025-12-03T02:30:00,MAGASIN
1581,92,1,215.01,2026-01-24T11:37:00,WEB
1582,122,5,994.16,2025-06-05T11:47:00,MAGASIN
1583,176,8,324.92,2025-03-21T00:12:00,WEB
1584,16,6,149.02,2025-09-18T08:47:00,WEB
1585,30,1,370.74,2025-05-10T12:00:00,WEB
1586,30,7,358.63,2025-03-18T21:18:00,MAGASIN
1587,113,7,1017.21,2025-08-03T23:09:00,B2B
1588,96,7,90.85,2025-04-25T09:16:00,MAGASIN
1589,76,4,575.14,2025-11-01T01:03:00,WEB
1590,85,8,529.56,2025-09-09T12:44:00,WEB
1591,143,4,822.97,2025-10-12T18:34:00,MAGASIN
1592,135,3,650.84,2025-04-10T14:22:00,B2B
1593,103,7,234.14,2026-02-01T06:15:00,WEB
1594,133,1,691.16,2025-10-02T20:42:00,MAGASIN
1595,79,8,553.72,2025-10-16T13:54:00,WEB
1596,31,4,1137.47,2025-07-11T04:57:00,B2B
1597,156,4,764.95,2026-02-15T04:19:00,MAGASIN
1598,176,3,316.22,2026-01-14T17:43:00,WEB
1599,156,1,769.91,2026-02-06T08:49:00,B2B
1600,125,3,960.2,2025-10-22T22:36:00,WEB
1601,115,4,948.87,2025-07-15T01:56:00,MAGASIN
1602,73,2,860.07,2025-10-29T11:29:00,WEB
1603,125,6,949.1,2025-05-06T02:16:00,B2B
1604,34,5,252.82,2025-04-25T11:30:00,B2B
1605,108,8,478.56,2025-09-19T13:11:00,MAGASIN
1606,34,1,255.89,2025-04-23T14:39:00,MAGASIN
1607,138,5,424.13,2025-09-27T17:25:00,B2B
1608,115,7,981.87,2025-05-10T15:53:00,WEB
1609,125,5,753.04,2025-05-23T07:33:00,B2B
1610,101,1,171.27,2025-06-06T08:27:00,MAGASIN
1611,77,2,759.79,2025-05-26T01:45:00,B2B
1612,186,5,796.25,2025-04-20T22:17:00,WEB
1613,120,5,712.29,2025-11-23T09:57:00,WEB
1614,70,6,564.54,2025-12-11T08:25:00,B2B
1615,86,5,194.14,2025-07-06T03:50:00,MAGASIN
1616,117,6,568.14,2026-01-11T04:45:00,WEB
1617,98,1,912.61,2025-10-27T09:26:00,MAGASIN
1618,59,6,22.04,2025-07-30T07:22:00,B2B
1619,5,6,397.97,2025-05-29T08:30:00,B2B
1620,121,6,161.17,2026-02-11T20:48:00,B2B
1621,56,3,827.52,2025-09-14T11:32:00,WEB
1622,178,5,323.31,2025-03-17T11:08:00,WEB
1623,200,8,444.99,2026-01-23T07:35:00,B2B
1624,113,7,1048.24,2026-01-22T11:03:00,B2B
1625,101,4,198.5,2025-05-29T20:45:00,MAGASIN
1626,191,7,435.76,2025-12-22T14:17:00,WEB
1627,7,5,462.37,2025-08-04T11:37:00,WEB
1628,8,6,282.73,2025-11-03T11:41:00,MAGASIN
1629,66,6,304.45,2025-10-02T20:52:00,WEB
1630,44,1,856.7,2025-05-26T03:58:00,B2B
1631,158,4,830.32,2025-10-19T07:50:00,MAGASIN
1632,173,3,34.54,2026-02-17T12:45:00,WEB
1633,163,6,886.31,2025-08-06T07:33:00,MAGASIN
1634,10,2,294.26,2025-04-25T18:04:00,WEB
1635,35,5,1117.9,2026-02-19T15:03:00,B2B
1636,117,6,724.92,2025-06-08T01:43:00,B2B
1637,107,2,390.9,2025-03-30T18:30:00,B2B
1638,147,4,666.34,2025-10-26T16:45:00,B2B
1639,80,3,1007.43,2026-02-16T21:25:00,WEB
1640,115,7,994.06,2025-08-17T21:34:00,B2B
1641,198,6,445.58,2026-01-30T00:34:00,MAGASIN
1642,20,5,632.94,2026-01-25T03:19:00,B2B
1643,47,7,297.69,2025-08-22T19:47:00,WEB
1644,95,6,301.35,2025-10-05T10:13:00,B2B
1645,16,4,165.04,2025-05-25T15:13:00,MAGASIN
1646,112,5,786.21,2025-09-25T02:57:00,B2B
1647,159,3,320.92,2025-03-02T07:03:00,WEB
1648,174,4,368.78,2025-09-09T17:39:00,WEB
1649,162,7,488.15,2025-12-24T06:18:00,B2B
1650,1,8,123.53,2025-03-08T07:55:00,B2B
1651,73,8,972.35,2025-09-09T21:45:00,WEB
1652,173,5,37.67,2025-04-16T21:28:00,B2B
1653,138,3,547.5,2025-03-21T15:57:00,WEB
1654,197,5,230.75,2025-07-28T01:38:00,WEB
1655,158,1,939.85,2025-03-25T03:19:00,B2B
1656,185,6,61.67,2025-04-29T09:47:00,MAGASIN
1657,1,4,120.59,2025-12-28T13:26:00,MAGASIN
1658,196,5,144.01,2025-10-11T19:25:00,WEB
1659,173,1,37.88,2026-01-26T05:50:00,WEB
1660,13,8,870.08,2025-05-16T08:45:00,WEB
1661,176,4,314.48,2025-05-05T23:06:00,WEB
1662,163,4,1138.7,2025-11-23T00:21:00,MAGASIN
1663,7,6,466.24,2025-03-15T12:11:00,B2B
1664,98,3,792.13,2025-06-13T14:22:00,WEB
1665,188,8,81.48,2025-05-23T01:46:00,B2B
1666,149,5,102.88,2025-11-12T21:59:00,MAGASIN
1667,139,6,436.13,2025-07-14T06:32:00,B2B
1668,4,6,387.2,2025-06-25T18:14:00,WEB
1669,133,4,706.7,2026-02-20T02:06:00,B2B
1670,111,6,526.66,2025-04-09T03:23:00,B2B
1671,178,1,292.15,2025-07-11T14:39:00,WEB
1672,174,7,370.66,2025-04-05T10:00:00,WEB
1673,26,8,499.23,2025-08-28T07:32:00,B2B
1674,142,1,220.38,2025-03-23T19:58:00,B2B
1675,33,1,328.66,2025-10-20T11:10:00,WEB
1676,74,4,304.25,2025-05-05T23:20:00,B2B
1677,65,8,264.63,2025-06-18T17:21:00,WEB
1678,162,5,471.74,2025-10-12T23:17:00,MAGASIN
1679,147,8,543.12,2026-01-16T06:19:00,MAGASIN
1680,31,2,1179.22,2025-11-26T22:12:00,WEB
1681,47,2,302.89,2025-08-08T04:09:00,WEB
1682,22,7,464.58,2025-07-29T02:34:00,MAGASIN
1683,126,4,343.59,2025-09-02T18:32:00,MAGASIN
1684,180,1,442.7,2025-05-24T16:54:00,MAGASIN
1685,20,7,540.63,2026-01-17T03:05:00,MAGASIN
1686,85,3,514.25,2025-05-11T22:57:00,B2B
1687,99,7,288.91,2025-02-27T01:43:00,B2B
1688,97,1,561.53,2025-09-28T19:25:00,WEB
1689,36,4,720.71,2025-12-22T14:36:00,WEB
1690,30,1,320.15,2025-08-16T22:10:00,WEB
1691,165,4,928.32,2025-06-20T09:27:00,MAGASIN
1692,19,5,606.59,2025-12-26T06:53:00,MAGASIN
1693,156,1,702.11,2025-06-14T02:44:00,B2B
1694,185,1,61.31,2026-01-04T03:54:00,WEB
1695,197,7,215.43,2025-10-11T09:20:00,B2B
1696,162,6,413.85,2025-07-09T12:32:00,MAGASIN
1697,188,4,81.67,2025-08-06T03:31:00,B2B
1698,72,8,1224.49,2025-04-24T21:07:00,B2B
1699,184,4,861.54,2025-06-24T07:42:00,WEB
1700,81,3,79.17,2025-11-07T22:26:00,MAGASIN
1701,50,5,77.29,2025-11-10T23:44:00,MAGASIN
1702,7,8,457.55,2026-02-10T23:59:00,WEB
1703,90,6,581.34,2025-10-15T09:38:00,B2B
1704,112,5,770.35,2025-02-27T21:33:00,WEB
1705,21,2,965.94,2025-06-30T19:08:00,WEB
1706,130,3,376.24,2026-01-12T08:09:00,MAGASIN
1707,176,4,324.89,2026-02-12T06:11:00,B2B
1708,67,1,630.36,2025-05-28T01:28:00,MAGASIN
1709,28,3,518.5,2025-08-22T07:59:00,MAGASIN
1710,16,7,169.69,2025-09-16T02:07:00,MAGASIN
1711,24,2,612.17,2025-12-20T09:54:00,MAGASIN
1712,145,2,519.73,2025-03-26T09:34:00,WEB
1713,33,2,360.49,2025-09-09T19:01:00,B2B
1714,116,2,631.87,2026-01-20T23:32:00,B2B
1715,106,7,271.87,2025-10-09T10:13:00,WEB
1716,61,6,671.16,2025-04-22T14:33:00,MAGASIN
1717,163,8,1101.13,2025-09-30T18:39:00,WEB
1718,98,8,704.22,2025-06-25T16:17:00,WEB
1719,161,7,137.51,2026-02-09T16:14:00,B2B
1720,64,8,947.93,2026-02-11T20:44:00,WEB
1721,183,1,963.46,2025-03-16T09:10:00,MAGASIN
1722,159,7,401.8,2025-03-22T03:13:00,MAGASIN
1723,167,5,268.18,2025-06-22T08:51:00,WEB
1724,20,2,565.55,2025-08-25T03:19:00,WEB
1725,176,4,311.64,2025-11-01T07:11:00,MAGASIN
1726,194,1,258.67,2025-07-19T18:25:00,B2B
1727,179,7,1084.26,2025-08-07T22:18:00,B2B
1728,137,1,298.26,2025-08-31T21:20:00,MAGASIN
1729,71,4,908.5,2025-08-02T16:40:00,B2B
1730,134,8,831.43,2025-07-15T04:20:00,MAGASIN
1731,76,5,558.96,2026-01-09T01:33:00,MAGASIN
1732,138,8,431.12,2025-10-01T16:59:00,WEB
1733,78,3,1045.08,2025-04-24T03:48:00,MAGASIN
1734,187,5,684.35,2025-06-04T08:59:00,B2B
1735,45,6,44.91,2026-01-04T10:17:00,B2B
1736,11,5,600.37,2025-09-01T15:27:00,WEB
1737,123,4,116.55,2025-11-04T20:05:00,MAGASIN
1738,34,8,245.82,2025-08-09T11:46:00,MAGASIN
1739,160,8,750.85,2025-10-20T15:02:00,B2B
1740,47,3,234.85,2025-09-24T11:06:00,WEB
1741,196,2,142.2,2025-07-30T05:49:00,MAGASIN
1742,119,2,285.21,2025-10-23T12:16:00,WEB
1743,84,5,228.25,2025-04-04T09:59:00,MAGASIN
1744,91,8,816.05,2025-10-16T02:39:00,WEB
1745,107,7,336.91,2025-09-20T06:31:00,MAGASIN
1746,140,4,121.72,2025-12-28T18:31:00,B2B
1747,198,4,458.63,2025-11-18T12:22:00,B2B
1748,33,5,321.45,2025-08-25T19:42:00,WEB
1749,4,4,491.22,2025-08-24T16:41:00,B2B
1750,91,5,969.05,2025-08-02T20:09:00,B2B
1751,197,2,238.43,2026-02-10T03:54:00,WEB
1752,57,2,780.59,2025-04-10T18:07:00,B2B
1753,61,6,687.76,2025-06-05T15:42:00,B2B
1754,3,2,947.89,2025-12-20T09:30:00,WEB
1755,126,2,284.4,2025-09-15T11:19:00,MAGASIN
1756,155,1,725.45,2025-04-30T20:17:00,WEB
1757,146,5,647.42,2026-02-19T08:00:00,B2B
1758,153,3,644.04,2025-12-03T05:20:00,WEB
1759,25,7,396.36,2025-09-13T06:13:00,B2B
1760,145,4,548.93,2025-07-04T10:44:00,WEB
1761,164,6,730.42,2025-05-18T09:52:00,MAGASIN
1762,61,7,731.35,2025-09-16T10:49:00,MAGASIN
1763,142,1,249.73,2025-08-24T05:26:00,MAGASIN
1764,135,1,768.3,2026-02-23T01:45:00,MAGASIN
1765,117,3,589.49,2025-05-23T11:05:00,B2B
1766,42,3,341.36,2026-01-31T18:00:00,B2B
1767,17,7,68.24,2025-05-10T00:50:00,B2B
1768,152,8,298.0,2025-08-17T03:35:00,WEB
1769,18,6,813.66,2025-03-07T21:23:00,MAGASIN
1770,200,3,361.5,2025-07-09T00:52:00,B2B
1771,153,5,557.66,2025-12-09T02:25:00,B2B
1772,197,4,208.55,2025-09-23T05:50:00,B2B
1773,198,8,362.14,2025-04-02T03:43:00,B2B
1774,23,1,843.63,2025-04-20T19:11:00,WEB
1775,93,6,492.8,2025-07-08T19:03:00,WEB
1776,103,4,182.63,2025-04-01T07:08:00,WEB
1777,21,1,793.5,2025-08-31T13:02:00,MAGASIN
1778,5,3,461.86,2025-05-02T10:55:00,B2B
1779,172,1,807.67,2025-03-17T04:41:00,B2B
1780,84,3,212.91,2025-03-30T22:49:00,B2B
1781,158,2,1096.48,2025-10-09T13:06:00,MAGASIN
1782,19,2,491.84,2025-06-29T03:50:00,B2B
1783,78,8,1073.54,2025-10-11T05:44:00,B2B
1784,45,7,36.81,2025-11-24T06:02:00,WEB
1785,189,1,720.97,2025-06-19T02:49:00,B2B
1786,164,1,916.76,2025-08-28T09:09:00,WEB
1787,74,4,295.22,2025-03-27T02:40:00,MAGASIN
1788,169,3,418.34,2025-09-10T12:08:00,WEB
1789,129,1,743.66,2025-03-04T01:25:00,B2B
1790,187,1,659.71,2026-02-26T20:39:00,MAGASIN
1791,98,3,893.4,2025-10-10T01:49:00,B2B
1792,74,8,340.98,2025-03-16T23:00:00,WEB
1793,30,1,361.14,2025-08-09T03:32:00,WEB
1794,200,7,407.32,2026-02-01T04:37:00,MAGASIN
1795,74,8,293.81,2025-06-23T14:31:00,MAGASIN
1796,176,4,257.16,2025-09-09T09:52:00,B2B
1797,25,1,361.5,2026-02-08T01:16:00,B2B
1798,118,5,20.56,2025-04-11T02:55:00,WEB
1799,199,3,433.91,2026-02-03T02:51:00,WEB
1800,200,8,460.5,2025-09-03T09:45:00,WEB
1801,143,3,852.07,2025-06-15T08:36:00,WEB
1802,187,6,671.96,2025-09-02T19:39:00,WEB
1803,99,6,249.65,2026-02-14T00:33:00,B2B
1804,123,3,94.01,2025-03-27T11:41:00,MAGASIN
1805,12,1,181.52,2026-01-30T18:39:00,B2B
1806,68,6,897.38,2025-10-22T16:42:00,WEB
1807,35,5,1076.04,2025-04-07T03:28:00,MAGASIN
1808,74,2,322.32,2025-03-11T01:41:00,B2B
1809,191,7,541.82,2025-11-10T17:30:00,WEB
1810,167,2,210.43,2026-01-24T07:54:00,MAGASIN
1811,51,8,1026.1,2025-08-24T03:21:00,WEB
1812,42,3,383.39,2025-05-08T07:54:00,B2B
1813,39,5,962.51,2026-01-18T04:18:00,WEB
1814,185,2,70.87,2026-01-16T08:00:00,WEB
1815,114,8,22.56,2025-09-29T17:36:00,B2B
1816,160,1,656.56,2025-04-29T07:39:00,MAGASIN
1817,67,4,683.54,2025-03-13T10:24:00,B2B
1818,53,5,167.79,2025-06-26T11:16:00,MAGASIN
1819,184,7,1075.93,2026-01-16T11:20:00,B2B
1820,171,8,616.74,2025-07-06T11:41:00,MAGASIN
1821,139,5,423.2,2025-11-22T21:10:00,WEB
1822,42,2,315.87,2025-03-08T09:07:00,B2B
1823,8,6,283.21,2025-11-19T02:56:00,MAGASIN
1824,95,6,301.58,2025-03-07T08:41:00,B2B
1825,137,5,308.22,2025-09-07T04:37:00,WEB
1826,109,6,400.76,2025-08-19T05:05:00,WEB
1827,133,2,554.58,2025-11-02T22:29:00,MAGASIN
1828,28,4,512.35,2025-09-01T05:02:00,B2B
1829,61,5,820.53,2025-09-12T05:15:00,WEB
1830,178,1,338.12,2025-11-26T14:38:00,MAGASIN
1831,27,7,284.43,2025-11-27T01:31:00,WEB
1832,27,5,247.37,2025-04-27T19:28:00,WEB
1833,180,1,404.46,2025-12-10T17:54:00,MAGASIN
1834,34,2,226.45,2026-02-04T12:00:00,WEB
1835,71,4,879.91,2025-11-12T15:17:00,B2B
1836,192,7,232.81,2025-11-12T16:14:00,MAGASIN
1837,182,7,885.07,2025-04-06T18:23:00,WEB
1838,10,3,303.85,2025-09-10T19:54:00,MAGASIN
1839,69,4,579.84,2025-08-31T20:30:00,B2B
1840,98,6,888.9,2026-02-04T15:14:00,MAGASIN
1841,100,1,437.81,2025-04-08T19:08:00,B2B
1842,121,3,204.74,2025-12-02T15:58:00,WEB
1843,61,1,841.13,2025-08-03T21:53:00,MAGASIN
1844,69,6,449.68,2025-03-28T07:02:00,WEB
1845,163,3,890.22,2025-11-18T15:57:00,WEB
1846,108,4,525.99,2025-11-06T13:37:00,B2B
1847,95,2,315.32,2025-06-02T19:25:00,B2B
1848,145,8,507.77,2025-09-27T07:10:00,MAGASIN
1849,12,6,187.76,2025-08-26T08:15:00,MAGASIN
1850,135,1,787.58,2025-07-06T04:13:00,WEB
1851,1,5,111.84,2026-02-21T14:44:00,WEB
1852,7,2,458.1,2025-07-09T14:00:00,WEB
1853,89,6,612.65,2025-06-07T04:12:00,B2B
1854,10,7,275.83,2025-09-14T06:01:00,WEB
1855,192,3,229.77,2025-12-05T17:50:00,WEB
1856,62,1,114.47,2026-01-26T11:45:00,MAGASIN
1857,110,8,397.23,2026-01-06T00:06:00,MAGASIN
1858,88,2,553.05,2025-03-20T21:06:00,MAGASIN
1859,13,3,866.77,2025-05-22T11:54:00,MAGASIN
1860,41,7,795.73,2025-03-16T20:43:00,MAGASIN
1861,163,5,1097.37,2025-09-11T14:52:00,B2B
1862,40,3,40.54,2025-10-02T16:59:00,MAGASIN
1863,199,1,432.18,2026-02-19T23:54:00,B2B
1864,155,3,805.22,2025-05-24T02:17:00,MAGASIN
1865,86,1,219.61,2025-04-04T05:07:00,B2B
1866,60,6,524.47,2025-11-01T18:22:00,MAGASIN
1867,163,8,1139.66,2025-07-31T18:23:00,B2B
1868,133,5,625.58,2025-08-02T00:29:00,B2B
1869,193,8,781.44,2025-07-07T05:01:00,MAGASIN
1870,71,1,881.96,2025-05-20T18:00:00,MAGASIN
1871,101,4,193.24,2025-10-28T11:57:00,MAGASIN
1872,32,6,444.2,2025-07-25T08:07:00,WEB
1873,191,4,537.38,2025-07-22T18:23:00,B2B
1874,172,8,716.7,2025-03-01T09:05:00,B2B
1875,190,3,586.71,2025-03-10T14:48:00,WEB
1876,111,3,686.29,2025-04-28T18:50:00,B2B
1877,58,4,979.32,2025-06-04T00:10:00,WEB
1878,46,3,1138.34,2025-11-07T13:22:00,WEB
1879,175,1,1098.87,2025-05-05T01:42:00,B2B
1880,25,5,403.84,2025-09-26T21:50:00,MAGASIN
1881,48,3,9.58,2025-10-21T12:36:00,B2B
1882,171,4,598.67,2025-05-08T01:46:00,WEB
1883,41,4,767.32,2025-11-18T03:31:00,MAGASIN
1884,88,4,484.0,2025-11-12T01:27:00,B2B
1885,94,2,886.97,2025-04-20T23:39:00,B2B
1886,164,5,944.41,2025-09-05T06:30:00,MAGASIN
1887,131,3,106.15,2025-09-03T08:52:00,B2B
1888,175,4,1078.38,2026-02-19T23:30:00,MAGASIN
1889,143,7,824.02,2025-04-24T14:28:00,WEB
1890,73,8,746.81,2025-04-10T12:50:00,B2B
1891,64,6,901.2,2025-04-02T11:05:00,B2B
1892,198,7,456.36,2025-05-10T19:18:00,B2B
1893,1,3,123.68,2025-09-09T19:17:00,B2B
1894,172,5,823.12,2025-04-12T20:10:00,MAGASIN
1895,193,6,802.32,2025-08-29T00:34:00,MAGASIN
1896,37,7,398.29,2025-03-26T10:32:00,B2B
1897,7,5,366.26,2026-02-01T00:40:00,WEB
1898,10,4,293.94,2025-11-16T10:08:00,WEB
1899,197,6,234.98,2025-11-17T01:51:00,WEB
1900,186,4,773.0,2025-12-17T10:20:00,MAGASIN
1901,77,1,755.0,2025-03-07T02:03:00,WEB
1902,39,5,939.62,2025-11-21T20:58:00,B2B
1903,106,4,274.21,2025-03-30T23:21:00,MAGASIN
1904,192,3,207.98,2025-12-05T12:50:00,WEB
1905,73,8,857.74,2025-05-21T09:57:00,B2B
1906,172,7,645.56,2025-10-01T14:50:00,MAGASIN
1907,10,8,270.27,2025-03-26T00:59:00,B2B
1908,11,2,622.94,2026-02-08T20:52:00,WEB
1909,135,1,813.07,2025-08-20T11:22:00,MAGASIN
1910,29,8,194.13,2025-09-22T01:23:00,WEB
1911,150,2,1130.38,2026-01-30T02:11:00,B2B
1912,50,2,93.57,2025-09-29T05:49:00,B2B
1913,54,1,179.23,2025-02-26T10:42:00,MAGASIN
1914,34,2,256.12,2026-01-27T09:58:00,MAGASIN
1915,20,1,675.61,2025-09-01T12:10:00,WEB
1916,187,8,756.03,2025-05-21T13:58:00,WEB
1917,114,6,21.81,2025-04-01T20:43:00,MAGASIN
1918,89,2,602.34,2025-09-09T11:59:00,WEB
1919,185,3,68.14,2025-07-07T08:57:00,MAGASIN
1920,139,7,519.53,2025-12-30T20:39:00,B2B
1921,112,3,780.61,2025-06-30T20:44:00,B2B
1922,50,5,95.64,2025-12-31T22:35:00,WEB
1923,84,1,207.71,2025-04-09T15:16:00,WEB
1924,90,4,504.33,2025-12-26T01:58:00,MAGASIN
1925,48,3,10.68,2026-02-23T09:51:00,B2B
1926,166,5,175.95,2025-09-15T00:13:00,MAGASIN
1927,141,7,720.43,2026-02-09T00:21:00,MAGASIN
1928,82,4,89.23,2025-10-29T10:58:00,B2B
1929,189,4,718.61,2026-01-19T05:54:00,MAGASIN
1930,153,2,502.81,2025-12-04T00:05:00,B2B
1931,29,3,200.02,2025-03-25T01:06:00,WEB
1932,79,2,547.87,2025-09-08T01:23:00,WEB
1933,68,4,968.99,2025-09-27T01:39:00,WEB
1934,67,3,620.92,2025-06-26T16:26:00,WEB
1935,112,5,747.67,2025-05-22T21:04:00,MAGASIN
1936,197,3,238.79,2025-05-13T03:14:00,WEB
1937,38,5,375.68,2025-11-22T23:13:00,WEB
1938,159,4,369.75,2025-03-24T11:31:00,MAGASIN
1939,127,1,185.02,2025-06-10T01:03:00,MAGASIN
1940,129,4,733.2,2025-04-08T12:55:00,MAGASIN
1941,91,8,779.13,2025-05-07T18:57:00,MAGASIN
1942,111,7,647.28,2026-01-15T01:36:00,WEB
1943,39,6,1094.81,2025-12-29T02:52:00,WEB
1944,15,7,503.52,2025-05-02T10:11:00,MAGASIN
1945,142,5,192.16,2026-02-26T02:45:00,B2B
1946,47,8,258.13,2025-08-10T08:47:00,B2B
1947,107,4,342.99,2025-11-13T17:08:00,WEB
1948,12,7,165.03,2025-08-10T01:35:00,B2B
1949,88,6,542.29,2026-02-16T07:19:00,WEB
1950,13,1,771.37,2025-05-22T17:58:00,MAGASIN
1951,93,1,498.07,2025-03-09T01:23:00,WEB
1952,95,7,309.81,2025-09-28T14:09:00,B2B
1953,74,2,290.64,2025-12-24T15:47:00,MAGASIN
1954,96,1,93.75,2025-03-06T18:22:00,MAGASIN
1955,113,7,804.68,2026-01-10T05:53:00,WEB
1956,157,4,951.31,2025-07-30T08:27:00,MAGASIN
1957,35,2,889.38,2025-07-11T09:43:00,B2B
1958,24,2,674.26,2025-06-27T10:32:00,B2B
1959,171,1,548.93,2025-10-07T17:08:00,MAGASIN
1960,189,2,723.73,2025-09-09T09:38:00,B2B
1961,83,1,115.57,2025-05-27T16:08:00,MAGASIN
1962,150,1,1138.27,2025-11-09T10:29:00,WEB
1963,93,7,620.48,2025-06-30T12:06:00,WEB
1964,20,6,610.55,2025-10-22T15:18:00,B2B
1965,35,8,1060.93,2026-02-26T07:54:00,B2B
1966,12,1,188.1,2025-11-12T08:26:00,MAGASIN
1967,1,4,121.49,2025-04-08T19:09:00,MAGASIN
1968,66,2,234.46,2025-08-03T23:22:00,WEB
1969,89,8,742.1,2025-03-03T07:26:00,WEB
1970,103,2,207.52,2025-05-14T23:29:00,WEB
1971,154,1,190.03,2025-10-06T16:10:00,B2B
1972,181,7,774.41,2026-01-19T10:19:00,MAGASIN
1973,120,8,801.28,2025-12-21T10:54:00,B2B
1974,10,3,300.29,2025-08-15T23:13:00,WEB
1975,106,6,282.0,2025-09-10T05:51:00,B2B
1976,82,7,81.41,2025-05-26T07:09:00,B2B
1977,148,4,597.54,2025-11-20T02:23:00,WEB
1978,49,2,723.06,2025-05-30T22:49:00,B2B
1979,113,7,1014.84,2026-01-14T03:41:00,B2B
1980,184,4,980.01,2025-03-21T02:11:00,WEB
1981,198,1,455.82,2025-04-15T22:28:00,MAGASIN
1982,200,8,408.88,2025-04-24T14:32:00,MAGASIN
1983,136,4,743.85,2025-03-29T15:49:00,MAGASIN
1984,74,3,324.75,2025-04-04T08:26:00,MAGASIN
1985,76,7,636.14,2025-03-26T21:40:00,MAGASIN
1986,29,7,203.66,2025-06-20T11:13:00,B2B
1987,105,1,66.11,2026-01-12T23:36:00,B2B
1988,160,8,819.4,2025-06-14T02:50:00,WEB
1989,108,6,416.14,2025-05-20T19:12:00,WEB
1990,65,1,274.18,2025-04-11T02:41:00,MAGASIN
1991,177,4,1243.65,2025-05-08T06:35:00,MAGASIN
1992,192,5,234.57,2025-08-17T11:22:00,WEB
1993,76,7,572.67,2026-02-04T19:22:00,MAGASIN
1994,47,4,286.84,2026-01-18T12:18:00,MAGASIN
1995,120,2,818.99,2025-04-16T22:10:00,B2B
1996,128,7,724.84,2026-02-15T21:38:00,B2B
1997,58,4,1003.81,2025-10-08T13:56:00,MAGASIN
1998,155,5,817.14,2025-09-02T15:12:00,MAGASIN
1999,200,8,451.54,2025-05-16T07:54:00,B2B
2000,79,3,534.81,2025-08-31T23:31:00,MAGASIN
2001,12,4,185.82,2025-04-28T12:08:00,MAGASIN
2002,114,7,21.9,2025-07-13T09:05:00,MAGASIN
2003,199,6,404.86,2025-11-21T00:40:00,B2B
2004,162,7,529.17,2025-02-26T22:19:00,WEB
2005,54,4,180.11,2025-08-11T21:43:00,WEB
2006,72,2,1096.61,2025-08-28T21:07:00,MAGASIN
2007,158,6,1078.45,2025-07-18T10:15:00,B2B
2008,197,3,234.79,2025-03-05T15:19:00,B2B
2009,88,2,489.01,2025-07-14T07:50:00,B2B
2010,127,8,164.66,2025-11-15T22:12:00,WEB
2011,8,2,276.66,2025-06-19T02:44:00,WEB
2012,7,1,455.75,2026-01-26T00:23:00,B2B
2013,131,4,87.38,2025-03-17T13:01:00,WEB
2014,33,8,320.24,2025-06-05T16:20:00,WEB
2015,98,6,876.21,2025-10-16T23:52:00,WEB
2016,196,2,141.99,2025-10-05T12:53:00,B2B
2017,2,3,163.93,2025-05-30T03:10:00,WEB
2018,166,7,182.49,2025-09-04T18:24:00,WEB
2019,123,6,119.55,2025-08-12T18:31:00,WEB
2020,173,5,38.99,2026-02-19T16:11:00,B2B
2021,194,4,262.98,2025-04-23T09:37:00,MAGASIN
2022,103,5,238.94,2025-04-11T18:49:00,WEB
2023,113,1,1029.66,2025-09-10T15:04:00,WEB
2024,92,4,234.62,2025-04-20T02:11:00,B2B
2025,187,8,661.86,2025-08-13T01:05:00,WEB
2026,16,5,188.34,2025-10-27T07:26:00,MAGASIN
2027,133,8,554.29,2026-01-25T12:11:00,B2B
2028,167,5,213.3,2025-11-03T23:52:00,B2B
2029,120,4,827.12,2025-05-21T13:41:00,MAGASIN
2030,72,1,1224.62,2025-12-09T04:03:00,B2B
2031,196,1,114.09,2025-09-25T01:33:00,B2B
2032,186,1,691.66,2025-05-26T01:32:00,WEB
2033,169,3,375.01,2025-06-22T18:41:00,MAGASIN
2034,29,6,199.59,2025-07-13T06:31:00,B2B
2035,22,6,409.92,2025-08-02T20:07:00,B2B
2036,126,4,339.74,2025-08-17T08:06:00,B2B
2037,185,8,70.8,2025-11-17T21:42:00,MAGASIN
2038,20,2,684.15,2025-08-07T10:34:00,WEB
2039,192,7,189.9,2025-04-16T00:26:00,B2B
2040,188,7,81.03,2025-06-26T11:49:00,MAGASIN
2041,80,8,999.43,2025-05-11T03:20:00,WEB
2042,104,7,354.74,2025-07-16T22:17:00,WEB
2043,24,5,677.89,2025-06-06T02:24:00,MAGASIN
2044,86,8,238.54,2025-05-28T12:16:00,WEB
2045,39,1,1224.71,2026-02-13T04:48:00,MAGASIN
2046,199,8,432.16,2025-10-27T15:39:00,WEB
2047,123,2,117.83,2026-01-24T12:04:00,MAGASIN
2048,47,2,233.88,2025-05-17T20:08:00,WEB
2049,24,1,610.54,2025-07-11T23:33:00,WEB
2050,171,4,567.64,2025-12-29T17:54:00,WEB
2051,81,4,73.86,2025-05-19T17:48:00,MAGASIN
2052,90,6,561.84,2026-02-22T16:37:00,B2B
2053,192,3,231.95,2026-01-12T22:54:00,WEB
2054,179,7,869.67,2025-07-11T13:11:00,B2B
2055,151,6,226.65,2025-05-10T09:30:00,B2B
2056,123,1,116.78,2025-08-26T10:26:00,MAGASIN
2057,48,1,10.42,2026-01-23T15:09:00,WEB
2058,100,4,354.11,2025-08-08T08:21:00,MAGASIN
2059,112,7,791.29,2025-10-29T10:20:00,WEB
2060,185,5,68.0,2025-05-06T07:04:00,WEB
2061,50,3,95.17,2025-07-30T09:12:00,B2B
2062,7,7,470.68,2025-02-28T23:43:00,B2B
2063,76,3,634.9,2025-04-17T04:05:00,MAGASIN
2064,158,3,1078.52,2025-10-13T09:44:00,B2B
2065,88,1,484.95,2025-07-21T04:18:00,MAGASIN
2066,16,4,179.41,2025-06-14T08:52:00,MAGASIN
2067,56,3,1013.66,2025-04-29T04:28:00,B2B
2068,11,2,609.23,2025-08-22T23:11:00,WEB
2069,126,7,349.86,2026-01-17T10:25:00,WEB
2070,132,1,883.2,2025-10-28T22:41:00,WEB
2071,175,5,1094.13,2025-07-26T07:59:00,MAGASIN
2072,31,5,1190.26,2025-11-10T16:34:00,WEB
2073,68,4,967.27,2025-11-23T20:13:00,WEB
2074,69,6,449.54,2025-04-15T03:13:00,MAGASIN
2075,195,8,352.65,2025-04-28T00:54:00,B2B
2076,169,1,363.68,2025-04-24T21:45:00,WEB
2077,165,7,1101.36,2025-09-17T01:24:00,WEB
2078,147,5,584.86,2025-05-25T03:47:00,B2B
2079,7,2,467.6,2025-07-26T08:00:00,WEB
2080,170,4,649.66,2025-07-28T23:21:00,B2B
2081,77,6,773.89,2025-04-09T17:19:00,WEB
2082,54,3,139.4,2026-01-27T23:06:00,MAGASIN
2083,96,4,115.43,2025-09-08T17:09:00,MAGASIN
2084,198,6,462.37,2025-07-20T00:49:00,B2B
2085,140,1,137.07,2025-09-26T04:29:00,WEB
2086,142,6,223.43,2025-09-14T12:54:00,MAGASIN
2087,42,5,355.79,2026-02-10T13:03:00,B2B
2088,75,2,731.48,2026-01-16T03:24:00,B2B
2089,26,1,399.88,2025-10-29T07:19:00,WEB
2090,197,7,237.73,2025-06-17T09:17:00,B2B
2091,93,3,616.98,2026-01-20T07:02:00,WEB
2092,136,1,755.08,2025-10-16T01:48:00,B2B
2093,4,1,395.33,2025-06-08T02:18:00,MAGASIN
2094,84,6,236.74,2025-06-24T07:10:00,B2B
2095,12,4,165.46,2025-06-27T23:47:00,MAGASIN
2096,40,1,32.78,2025-08-22T06:10:00,B2B
2097,177,5,1238.43,2025-06-06T12:47:00,B2B
2098,118,2,20.98,2025-11-22T15:59:00,B2B
2099,31,5,1165.02,2026-02-19T13:57:00,MAGASIN
2100,182,7,1062.85,2026-01-19T08:04:00,WEB
2101,132,6,922.39,2025-09-24T00:18:00,B2B
2102,35,4,1057.77,2025-03-23T15:28:00,B2B
2103,150,5,1122.72,2025-03-16T13:50:00,MAGASIN
2104,180,7,454.19,2025-12-14T13:07:00,WEB
2105,69,2,460.9,2025-12-09T02:15:00,MAGASIN
2106,17,1,67.89,2025-04-19T17:18:00,MAGASIN
2107,151,5,202.46,2026-01-02T08:09:00,MAGASIN
2108,79,4,547.1,2025-12-08T15:12:00,B2B
2109,88,3,525.62,2025-03-17T10:08:00,WEB
2110,106,5,270.21,2025-06-07T21:02:00,MAGASIN
2111,43,4,528.2,2025-11-06T01:59:00,B2B
2112,98,6,817.71,2025-08-22T03:36:00,MAGASIN
2113,57,4,963.27,2025-08-12T07:41:00,WEB
2114,73,7,743.35,2025-12-02T18:09:00,WEB
2115,68,1,805.13,2025-09-19T17:28:00,MAGASIN
2116,88,6,526.59,2026-02-23T04:12:00,B2B
2117,18,7,1034.12,2025-05-24T16:35:00,WEB
2118,126,3,276.03,2026-01-14T23:16:00,WEB
2119,74,2,339.85,2026-02-01T12:23:00,WEB
2120,190,8,743.14,2025-05-09T07:13:00,WEB
2121,24,5,665.95,2025-04-29T12:15:00,WEB
2122,66,4,294.37,2025-04-12T13:52:00,MAGASIN
2123,33,5,320.35,2025-12-16T15:11:00,B2B
2124,172,3,787.91,2025-05-12T06:57:00,MAGASIN
2125,159,2,365.47,2025-04-03T09:49:00,MAGASIN
2126,168,4,772.04,2025-10-15T19:58:00,WEB
2127,133,2,723.51,2025-10-24T20:42:00,WEB
2128,36,6,716.43,2025-11-02T22:47:00,WEB
2129,17,4,68.27,2026-02-18T23:53:00,WEB
2130,109,5,391.41,2025-09-22T18:55:00,B2B
2131,123,1,92.12,2025-08-20T13:18:00,MAGASIN
2132,123,8,103.09,2026-02-14T02:52:00,WEB
2133,145,8,508.76,2025-08-06T04:01:00,B2B
2134,133,8,640.25,2025-03-07T18:38:00,WEB
2135,166,5,172.9,2026-01-18T21:47:00,WEB
2136,177,7,1114.24,2025-10-01T04:21:00,B2B
2137,115,7,874.81,2025-11-21T17:24:00,MAGASIN
2138,114,2,22.12,2026-01-03T04:05:00,MAGASIN
2139,169,6,399.24,2025-04-07T18:52:00,MAGASIN
2140,124,1,464.58,2025-10-05T19:52:00,B2B
2141,58,4,980.12,2025-03-31T01:02:00,B2B
2142,22,5,428.46,2025-10-31T17:53:00,MAGASIN
2143,111,7,673.76,2025-04-14T02:30:00,WEB
2144,150,8,1141.56,2026-02-06T08:53:00,B2B
2145,184,6,1062.75,2026-01-23T20:53:00,WEB
2146,33,4,400.8,2025-05-04T22:02:00,WEB
2147,166,6,177.04,2025-06-07T12:00:00,MAGASIN
2148,54,7,173.46,2025-11-27T00:07:00,B2B
2149,138,5,442.66,2025-02-27T11:13:00,WEB
2150,18,5,931.56,2025-07-05T03:25:00,MAGASIN
2151,133,1,638.55,2025-08-28T03:16:00,MAGASIN
2152,128,5,705.06,2025-04-09T14:43:00,B2B
2153,125,5,922.88,2025-06-11T04:44:00,MAGASIN
2154,114,4,21.84,2025-08-03T11:33:00,B2B
2155,194,7,265.62,2025-07-07T20:53:00,WEB
2156,18,3,1031.89,2025-06-21T01:32:00,WEB
2157,119,5,229.69,2025-05-01T10:32:00,WEB
2158,180,3,459.96,2025-07-05T16:16:00,B2B
2159,27,2,285.83,2025-09-17T10:29:00,MAGASIN
2160,55,6,344.29,2025-10-08T03:11:00,WEB
2161,153,8,570.75,2025-04-06T23:14:00,B2B
2162,16,8,185.32,2025-07-15T03:57:00,WEB
2163,87,4,687.4,2026-02-13T23:56:00,WEB
2164,27,3,219.54,2025-06-30T18:38:00,B2B
2165,47,6,291.03,2025-08-15T09:16:00,WEB
2166,94,6,891.62,2025-04-02T03:50:00,MAGASIN
2167,128,8,721.17,2025-10-02T03:26:00,MAGASIN
2168,167,7,260.21,2025-09-22T19:12:00,WEB
2169,40,3,40.09,2025-12-10T23:49:00,MAGASIN
2170,1,7,121.16,2025-09-30T05:35:00,WEB
2171,88,3,544.73,2025-02-26T22:07:00,B2B
2172,119,7,261.6,2026-02-02T04:34:00,WEB
2173,44,6,871.46,2026-02-09T22:24:00,MAGASIN
2174,189,6,555.29,2025-08-11T00:07:00,MAGASIN
2175,16,6,178.82,2026-02-26T10:14:00,B2B
2176,100,2,453.24,2025-03-19T00:11:00,B2B
2177,65,5,270.44,2025-03-21T12:52:00,B2B
2178,68,2,1007.37,2026-01-05T00:59:00,B2B
2179,44,1,757.47,2025-05-27T05:36:00,MAGASIN
2180,77,1,737.68,2025-07-31T19:45:00,WEB
2181,31,8,1043.45,2025-09-18T20:22:00,MAGASIN
2182,148,7,575.74,2026-02-12T13:27:00,MAGASIN
2183,70,4,643.95,2025-10-11T18:49:00,MAGASIN
2184,74,4,297.65,2026-01-17T02:58:00,MAGASIN
2185,37,8,353.5,2025-10-20T04:01:00,B2B
2186,146,4,652.84,2025-08-06T08:01:00,B2B
2187,102,1,973.32,2026-01-15T08:11:00,B2B
2188,165,8,1161.76,2025-03-22T07:32:00,B2B
2189,15,2,475.78,2026-01-04T21:09:00,WEB
2190,45,3,45.89,2025-11-12T07:46:00,MAGASIN
2191,38,4,411.83,2025-07-03T08:39:00,B2B
2192,8,7,271.18,2025-03-29T16:20:00,B2B
2193,175,7,1060.27,2025-05-21T15:34:00,MAGASIN
2194,183,3,961.93,2025-07-27T20:35:00,WEB
2195,34,8,203.51,2025-05-03T16:48:00,MAGASIN
2196,34,2,256.98,2025-09-27T02:36:00,B2B
2197,191,1,477.22,2025-09-20T08:18:00,MAGASIN
2198,157,7,931.67,2025-03-25T03:19:00,MAGASIN
2199,151,1,211.88,2025-10-14T17:29:00,MAGASIN
2200,159,7,403.4,2025-07-07T22:39:00,WEB
2201,200,3,460.4,2025-10-28T09:08:00,WEB
2202,102,5,1053.27,2025-09-13T12:00:00,WEB
2203,23,2,731.75,2025-05-03T05:58:00,WEB
2204,188,4,72.85,2025-11-28T18:17:00,MAGASIN
2205,195,2,433.76,2026-01-18T08:28:00,WEB
2206,155,3,636.82,2025-03-15T09:49:00,B2B
2207,75,3,577.13,2025-12-14T19:04:00,WEB
2208,64,5,942.86,2026-01-21T06:32:00,WEB
2209,100,2,389.92,2025-06-21T11:37:00,B2B
2210,67,6,682.13,2025-06-05T07:05:00,MAGASIN
2211,128,4,724.76,2025-10-29T02:42:00,B2B
2212,50,8,93.96,2025-06-10T17:35:00,B2B
2213,148,3,576.75,2025-08-11T10:27:00,B2B
2214,7,1,410.39,2025-06-25T05:37:00,MAGASIN
2215,7,1,447.08,2025-11-23T19:29:00,MAGASIN
2216,178,7,304.97,2025-03-26T23:43:00,B2B
2217,40,1,40.62,2025-10-29T16:32:00,B2B
2218,29,4,199.81,2025-06-30T14:32:00,B2B
2219,59,3,25.24,2025-04-09T19:17:00,B2B
2220,129,5,746.99,2025-05-10T13:44:00,WEB
2221,190,3,768.6,2025-04-20T16:14:00,B2B
2222,147,4,590.24,2025-12-16T14:59:00,B2B
2223,22,6,429.09,2025-04-19T07:54:00,B2B
2224,129,1,751.52,2025-05-01T07:08:00,B2B
2225,186,1,770.0,2025-10-15T23:21:00,B2B
2226,46,8,1134.52,2025-12-13T15:11:00,MAGASIN
2227,48,8,10.46,2025-08-26T04:44:00,MAGASIN
2228,35,8,1063.89,2025-11-27T18:03:00,WEB
2229,90,4,566.95,2025-12-14T13:57:00,B2B
2230,49,3,703.82,2025-05-12T09:44:00,B2B
2231,171,7,612.99,2025-09-06T01:11:00,B2B
2232,103,3,239.26,2025-09-28T05:10:00,MAGASIN
2233,52,7,517.71,2025-07-23T01:00:00,WEB
2234,39,7,1057.13,2025-08-08T00:41:00,B2B
2235,24,2,677.61,2025-11-10T19:18:00,MAGASIN
2236,189,2,557.6,2025-05-04T01:55:00,WEB
2237,85,6,576.16,2026-01-30T10:01:00,B2B
2238,171,6,559.23,2026-01-25T11:31:00,WEB
2239,91,2,898.24,2025-04-27T11:08:00,WEB
2240,16,3,189.21,2025-12-18T17:36:00,B2B
2241,182,6,1078.11,2025-03-12T20:06:00,B2B
2242,2,5,162.73,2025-11-18T02:44:00,MAGASIN
2243,108,3,475.28,2025-07-21T17:53:00,WEB
2244,182,5,1119.08,2025-12-13T18:51:00,B2B
2245,78,3,858.81,2025-04-02T20:09:00,MAGASIN
2246,132,2,707.53,2025-03-21T00:05:00,MAGASIN
2247,66,8,294.46,2025-11-14T20:31:00,B2B
2248,46,6,907.49,2025-05-26T16:14:00,B2B
2249,189,4,686.87,2025-10-29T18:30:00,WEB
2250,54,6,159.83,2026-01-13T17:40:00,B2B
2251,182,5,1013.4,2025-11-03T21:16:00,B2B
2252,173,2,39.39,2025-08-16T16:01:00,WEB
2253,115,2,992.96,2025-03-04T12:05:00,MAGASIN
2254,63,3,1103.06,2025-09-14T14:54:00,B2B
2255,147,3,664.82,2025-03-11T02:51:00,B2B
2256,35,5,1068.58,2025-09-05T06:16:00,B2B
2257,78,6,837.42,2025-07-06T20:17:00,B2B
2258,26,2,526.56,2025-07-23T00:49:00,B2B
2259,155,4,828.0,2026-01-03T14:40:00,WEB
2260,26,4,521.79,2025-11-07T07:33:00,WEB
2261,120,5,805.59,2025-08-13T21:33:00,MAGASIN
2262,82,5,88.24,2025-10-26T16:32:00,B2B
2263,178,4,331.38,2025-08-15T08:55:00,WEB
2264,124,1,465.43,2025-07-28T04:12:00,MAGASIN
2265,45,2,35.38,2025-07-09T07:08:00,MAGASIN
2266,170,7,582.19,2025-04-14T09:52:00,MAGASIN
2267,14,5,947.86,2026-01-12T06:33:00,MAGASIN
2268,158,2,965.45,2025-04-02T11:04:00,B2B
2269,116,6,615.44,2025-03-10T06:36:00,WEB
2270,4,2,487.01,2025-04-21T19:20:00,MAGASIN
2271,116,6,565.42,2025-09-12T23:44:00,WEB
2272,29,5,194.41,2025-03-02T16:26:00,B2B
2273,120,3,801.53,2025-08-17T08:39:00,WEB
2274,151,1,225.23,2025-05-05T14:55:00,B2B
2275,193,1,790.65,2025-04-17T12:35:00,B2B
2276,15,4,479.52,2025-06-11T13:19:00,B2B
2277,48,4,8.48,2025-12-29T17:51:00,WEB
2278,125,4,937.45,2025-09-21T17:01:00,B2B
2279,172,6,647.49,2025-04-16T05:54:00,WEB
2280,105,4,65.45,2025-06-09T12:28:00,B2B
2281,148,3,634.79,2025-12-16T13:15:00,B2B
2282,105,4,57.47,2025-07-26T11:49:00,MAGASIN
2283,119,2,290.92,2025-07-18T12:05:00,WEB
2284,153,6,646.42,2025-09-02T17:22:00,MAGASIN
2285,109,6,313.42,2025-06-14T02:52:00,WEB
2286,61,1,761.13,2025-04-22T05:14:00,B2B
2287,86,6,242.25,2025-03-08T03:43:00,MAGASIN
2288,180,5,369.34,2025-11-06T21:41:00,WEB
2289,41,2,789.32,2025-08-28T15:41:00,WEB
2290,100,3,442.08,2025-09-20T19:25:00,MAGASIN
2291,80,1,927.68,2025-08-21T18:13:00,WEB
2292,6,4,1215.98,2025-08-22T15:02:00,MAGASIN
2293,13,8,680.06,2025-03-26T09:24:00,MAGASIN
2294,171,1,625.72,2025-05-04T23:35:00,MAGASIN
2295,160,5,826.99,2026-02-15T08:50:00,WEB
2296,27,6,279.85,2026-02-05T15:53:00,B2B
2297,40,3,42.0,2025-12-17T22:23:00,MAGASIN
2298,194,4,333.24,2025-04-17T00:00:00,WEB
2299,12,2,188.61,2026-01-10T14:32:00,WEB
2300,46,1,1120.58,2025-03-01T12:37:00,WEB
2301,130,4,368.15,2025-03-08T04:59:00,WEB
2302,89,8,701.31,2025-03-04T14:40:00,WEB
2303,73,3,975.15,2025-08-15T16:48:00,MAGASIN
2304,199,5,362.5,2025-07-29T13:56:00,MAGASIN
2305,183,5,975.59,2025-05-15T17:10:00,WEB
2306,23,4,817.26,2026-02-05T20:33:00,WEB
2307,170,5,737.06,2025-05-05T22:48:00,B2B
2308,63,5,1099.06,2025-12-28T08:17:00,B2B
2309,50,4,97.28,2025-10-04T01:17:00,B2B
2310,162,1,431.7,2025-03-03T09:53:00,MAGASIN
2311,26,3,524.81,2026-01-10T11:18:00,B2B
2312,49,3,647.64,2025-11-06T21:27:00,B2B
2313,171,2,617.5,2025-03-18T21:18:00,MAGASIN
2314,40,4,38.19,2025-05-25T06:45:00,B2B
2315,123,1,117.35,2025-03-18T19:09:00,WEB
2316,62,6,116.72,2025-07-25T14:43:00,B2B
2317,168,4,697.69,2025-09-01T14:02:00,B2B
2318,101,4,170.54,2025-04-29T05:16:00,MAGASIN
2319,170,3,751.49,2025-10-31T07:16:00,MAGASIN
2320,15,4,493.1,2026-01-21T08:20:00,WEB
2321,83,1,146.74,2025-04-22T22:22:00,B2B
2322,173,6,35.15,2025-06-26T19:27:00,B2B
2323,88,4,522.17,2025-05-07T03:10:00,B2B
2324,124,4,355.41,2025-11-06T17:02:00,WEB
2325,82,4,90.22,2025-09-28T06:18:00,B2B
2326,77,7,612.2,2025-08-10T07:21:00,MAGASIN
2327,143,6,841.2,2025-05-22T12:14:00,MAGASIN
2328,19,1,629.71,2025-03-15T20:20:00,WEB
2329,199,5,346.0,2025-05-21T14:29:00,WEB
2330,70,1,526.29,2025-08-23T20:09:00,WEB
2331,4,4,498.17,2025-03-16T19:50:00,WEB
2332,117,6,719.79,2025-04-17T04:57:00,WEB
2333,192,4,229.69,2025-05-09T21:59:00,B2B
2334,71,2,886.94,2026-01-31T16:20:00,MAGASIN
2335,15,3,387.87,2025-04-27T09:49:00,WEB
2336,84,6,234.69,2025-12-30T19:33:00,B2B
2337,15,8,480.91,2025-04-22T10:11:00,MAGASIN
2338,47,3,264.65,2025-09-01T20:31:00,B2B
2339,160,3,833.9,2025-12-28T18:29:00,MAGASIN
2340,54,4,175.8,2025-09-24T12:24:00,B2B
2341,160,6,816.1,2025-08-07T12:35:00,MAGASIN
2342,154,6,190.21,2025-04-26T22:23:00,WEB
2343,20,5,698.04,2025-06-16T12:02:00,WEB
2344,51,8,1027.54,2025-05-18T01:08:00,WEB
2345,75,6,759.15,2025-05-24T10:02:00,WEB
2346,107,6,383.35,2025-03-24T13:17:00,MAGASIN
2347,83,2,149.24,2025-05-15T10:05:00,MAGASIN
2348,102,8,836.38,2025-04-26T00:11:00,WEB
2349,87,2,769.24,2026-01-07T12:23:00,MAGASIN
2350,85,7,591.43,2025-06-14T10:00:00,WEB
2351,68,7,962.92,2025-04-20T08:21:00,B2B
2352,140,1,127.67,2025-09-26T01:35:00,B2B
2353,161,7,133.75,2025-11-06T07:15:00,MAGASIN
2354,184,5,947.07,2026-01-05T10:51:00,B2B
2355,164,3,922.41,2026-02-12T03:21:00,MAGASIN
2356,29,3,200.79,2025-11-04T07:00:00,B2B
2357,185,5,64.78,2025-10-14T01:08:00,MAGASIN
2358,127,7,192.18,2025-10-25T13:14:00,WEB
2359,131,8,98.16,2025-10-15T05:06:00,WEB
2360,172,2,800.24,2025-12-21T02:22:00,B2B
2361,154,4,238.16,2025-05-23T13:46:00,B2B
2362,76,2,641.94,2025-07-20T05:38:00,B2B
2363,166,6,161.74,2025-12-15T19:25:00,WEB
2364,21,3,966.72,2026-02-23T05:16:00,MAGASIN
2365,128,5,707.76,2025-05-08T09:45:00,WEB
2366,156,7,777.51,2025-10-27T17:33:00,B2B
2367,184,2,1049.21,2026-01-30T13:18:00,WEB
2368,155,7,752.71,2025-04-07T20:21:00,WEB
2369,16,1,164.17,2025-03-03T12:21:00,B2B
2370,54,5,142.1,2025-03-19T14:38:00,MAGASIN
2371,23,1,673.51,2025-09-26T18:59:00,MAGASIN
2372,132,3,810.33,2025-05-23T03:01:00,B2B
2373,10,8,296.79,2025-05-22T09:49:00,B2B
2374,96,5,117.16,2025-12-27T13:04:00,B2B
2375,53,8,193.83,2025-08-21T09:12:00,WEB
2376,149,7,111.69,2025-03-27T23:06:00,B2B
2377,109,5,404.95,2025-12-31T17:12:00,MAGASIN
2378,139,5,420.62,2025-05-18T17:36:00,WEB
2379,151,6,210.26,2025-05-27T18:29:00,B2B
2380,105,3,73.23,2025-12-19T10:22:00,WEB
2381,145,5,573.32,2025-04-26T23:33:00,B2B
2382,46,8,1123.54,2025-07-24T20:59:00,MAGASIN
2383,91,2,806.89,2025-03-27T19:59:00,WEB
2384,94,7,772.01,2025-05-04T20:39:00,WEB
2385,154,5,212.64,2025-11-19T06:38:00,WEB
2386,92,5,244.22,2025-04-29T01:55:00,B2B
2387,122,8,773.14,2026-02-25T20:25:00,B2B
2388,177,2,1263.72,2025-12-27T00:46:00,B2B
2389,84,3,231.47,2025-11-12T17:54:00,WEB
2390,21,8,971.41,2026-02-20T02:31:00,B2B
2391,125,7,747.69,2025-10-27T16:13:00,B2B
2392,166,1,179.95,2025-06-09T00:56:00,MAGASIN
2393,45,1,44.23,2025-06-12T19:49:00,B2B
2394,76,4,563.26,2025-09-17T20:22:00,B2B
2395,26,7,450.91,2025-10-19T05:38:00,MAGASIN
2396,75,3,572.71,2025-03-21T13:21:00,B2B
2397,162,3,525.42,2025-06-10T14:50:00,MAGASIN
2398,128,1,739.45,2025-03-02T20:26:00,MAGASIN
2399,62,8,112.3,2025-06-19T02:43:00,MAGASIN
2400,16,6,182.03,2025-03-22T08:24:00,B2B
2401,24,8,680.35,2025-11-04T16:45:00,MAGASIN
2402,105,3,73.39,2025-12-05T22:55:00,B2B
2403,177,8,1278.84,2025-04-17T10:25:00,WEB
2404,45,2,45.11,2026-01-10T11:32:00,WEB
2405,43,1,523.37,2025-06-08T19:54:00,WEB
2406,199,7,446.46,2025-07-20T14:14:00,MAGASIN
2407,100,3,452.53,2025-05-08T19:53:00,WEB
2408,12,2,188.85,2026-01-04T16:43:00,WEB
2409,139,6,414.73,2026-02-13T05:52:00,B2B
2410,74,5,261.72,2025-08-28T15:18:00,B2B
2411,113,3,1039.79,2025-08-30T14:31:00,MAGASIN
2412,74,8,330.53,2025-10-21T14:52:00,WEB
2413,106,4,285.92,2025-05-11T15:23:00,WEB
2414,84,2,234.09,2025-10-04T14:44:00,WEB
2415,125,5,948.87,2025-06-07T21:09:00,MAGASIN
2416,82,3,70.8,2025-03-03T07:12:00,WEB
2417,77,7,608.79,2025-09-17T23:04:00,MAGASIN
2418,65,4,215.0,2026-01-15T08:01:00,MAGASIN
2419,61,2,673.09,2025-11-04T10:16:00,WEB
2420,88,5,537.1,2025-06-02T16:21:00,WEB
2421,34,8,248.19,2025-12-26T12:44:00,MAGASIN
2422,43,6,429.13,2026-02-26T01:47:00,WEB
2423,194,2,325.19,2025-11-23T14:30:00,WEB
2424,38,1,420.09,2025-07-14T14:02:00,WEB
2425,56,8,893.16,2026-02-01T02:57:00,MAGASIN
2426,153,8,617.45,2025-07-08T17:46:00,MAGASIN
2427,136,6,854.91,2025-05-31T17:20:00,B2B
2428,140,3,139.26,2025-07-29T16:50:00,WEB
2429,198,6,366.52,2026-01-06T00:57:00,B2B
2430,145,2,571.57,2025-06-01T20:02:00,B2B
2431,159,5,376.63,2025-11-26T06:53:00,B2B
2432,144,4,203.37,2025-10-03T19:11:00,MAGASIN
2433,52,6,498.44,2025-09-06T17:09:00,WEB
2434,145,8,447.71,2025-02-27T20:11:00,B2B
2435,4,5,482.32,2026-02-01T05:17:00,MAGASIN
2436,71,4,1014.62,2025-04-12T22:05:00,MAGASIN
2437,175,8,1056.59,2025-11-03T20:36:00,WEB
2438,166,4,162.82,2026-02-25T02:27:00,MAGASIN
2439,79,5,441.28,2025-06-26T07:45:00,WEB
2440,31,3,1052.65,2026-01-15T18:37:00,B2B
2441,151,7,227.63,2025-04-25T21:57:00,MAGASIN
2442,146,3,672.31,2025-06-30T18:43:00,WEB
2443,46,1,924.08,2025-07-16T11:24:00,MAGASIN
2444,92,3,247.13,2025-05-26T17:55:00,B2B
2445,119,8,281.77,2025-06-12T05:38:00,WEB
2446,15,2,482.91,2025-05-29T22:57:00,MAGASIN
2447,193,3,776.75,2025-07-03T09:36:00,MAGASIN
2448,57,2,870.87,2025-08-11T19:39:00,MAGASIN
2449,9,1,66.25,2025-11-08T11:05:00,WEB
2450,121,5,184.98,2025-10-27T05:11:00,MAGASIN
2451,141,5,803.84,2025-07-11T03:08:00,B2B
2452,69,6,508.74,2025-06-14T21:05:00,MAGASIN
2453,46,2,1148.73,2025-11-29T05:09:00,MAGASIN
2454,105,4,70.1,2025-06-29T19:39:00,B2B
2455,170,1,715.81,2025-11-13T00:55:00,MAGASIN
2456,60,8,466.77,2026-02-14T12:58:00,B2B
2457,76,3,628.12,2025-03-17T12:50:00,WEB
2458,73,7,956.26,2025-09-07T01:17:00,MAGASIN
2459,20,7,681.26,2025-04-24T21:41:00,B2B
2460,14,4,969.67,2025-08-13T13:46:00,WEB
2461,41,4,703.79,2025-07-16T18:44:00,WEB
2462,191,3,486.53,2025-12-03T10:02:00,WEB
2463,78,8,1083.22,2025-05-01T23:43:00,WEB
2464,43,3,536.88,2025-09-29T00:12:00,WEB
2465,153,7,634.28,2025-10-16T19:37:00,B2B
2466,14,7,948.11,2025-10-10T16:30:00,B2B
2467,102,1,1073.02,2025-03-08T03:48:00,B2B
2468,160,8,733.7,2025-11-05T21:54:00,WEB
2469,98,6,870.22,2025-10-29T05:22:00,MAGASIN
2470,25,6,397.84,2025-10-06T18:44:00,MAGASIN
2471,174,5,297.63,2025-11-09T03:31:00,MAGASIN
2472,181,7,623.93,2025-05-22T23:27:00,B2B
2473,184,6,1058.48,2025-08-30T07:19:00,WEB
2474,68,8,794.98,2025-08-19T04:32:00,B2B
2475,124,5,464.31,2025-12-20T12:14:00,B2B
2476,149,1,99.74,2025-09-24T17:36:00,WEB
2477,84,7,216.59,2025-06-08T15:23:00,B2B
2478,84,1,216.86,2025-03-09T09:27:00,WEB
2479,47,6,230.68,2025-10-30T22:12:00,B2B
2480,2,7,129.91,2025-07-17T07:17:00,MAGASIN
2481,28,4,521.9,2025-03-16T18:09:00,MAGASIN
2482,166,3,177.43,2025-07-04T13:50:00,MAGASIN
2483,6,1,1115.41,2025-12-13T00:10:00,WEB
2484,157,7,771.82,2025-11-21T13:56:00,WEB
2485,116,1,598.82,2025-08-23T17:08:00,B2B
2486,63,7,1172.48,2026-01-18T16:17:00,WEB
2487,105,5,72.76,2026-01-02T04:30:00,B2B
2488,74,2,298.29,2025-03-27T22:47:00,B2B
2489,4,7,497.77,2025-05-12T00:46:00,B2B
2490,135,5,694.77,2026-02-06T21:55:00,MAGASIN
2491,9,4,57.88,2025-03-02T08:59:00,B2B
2492,68,7,790.24,2025-07-07T05:57:00,B2B
2493,60,8,467.31,2025-11-08T03:54:00,MAGASIN
2494,115,6,966.63,2025-04-20T18:29:00,MAGASIN
2495,22,1,381.23,2026-02-18T11:20:00,WEB
2496,121,5,174.86,2026-01-31T23:22:00,B2B
2497,56,3,901.06,2025-08-21T03:17:00,MAGASIN
2498,140,1,113.96,2025-08-17T21:00:00,MAGASIN
2499,117,1,709.14,2026-02-23T08:57:00,MAGASIN
2500,193,3,804.66,2025-12-21T00:53:00,B2B
2501,56,1,985.48,2025-09-16T20:06:00,MAGASIN
2502,195,2,450.07,2025-08-17T05:48:00,MAGASIN
2503,2,7,134.96,2025-07-04T10:21:00,MAGASIN
2504,11,2,589.63,2025-10-05T04:41:00,WEB
2505,59,3,27.02,2025-05-16T19:13:00,B2B
2506,98,5,887.35,2025-12-19T05:01:00,WEB
2507,32,7,456.96,2025-07-13T19:54:00,WEB
2508,6,3,1380.05,2025-09-12T15:06:00,B2B
2509,100,6,453.46,2025-09-12T22:50:00,MAGASIN
2510,184,2,1089.66,2025-06-06T02:10:00,WEB
2511,163,1,1121.18,2025-09-10T01:31:00,WEB
2512,1,3,120.88,2025-09-29T19:44:00,MAGASIN
2513,96,3,105.59,2025-11-02T20:18:00,WEB
2514,129,8,731.52,2025-06-17T20:06:00,MAGASIN
2515,5,7,371.29,2026-01-11T01:47:00,MAGASIN
2516,4,4,440.46,2026-01-03T07:34:00,B2B
2517,119,5,277.55,2025-09-22T07:04:00,B2B
2518,126,1,335.79,2025-06-16T17:21:00,WEB
2519,157,7,774.87,2025-11-01T22:16:00,WEB
2520,101,8,169.18,2025-07-18T18:24:00,MAGASIN
2521,182,7,881.61,2025-03-30T14:06:00,B2B
2522,11,5,537.73,2025-02-26T08:53:00,B2B
2523,84,5,238.5,2025-09-15T03:28:00,WEB
2524,89,8,768.27,2025-07-05T01:53:00,B2B
2525,116,2,614.49,2025-09-03T17:44:00,B2B
2526,149,4,116.34,2025-04-07T18:27:00,MAGASIN
2527,199,3,435.57,2025-07-02T11:33:00,B2B
2528,137,5,385.41,2025-12-23T08:05:00,WEB
2529,110,5,392.61,2025-09-04T03:43:00,B2B
2530,8,1,270.68,2025-12-09T03:54:00,WEB
2531,84,5,184.47,2025-08-27T17:25:00,MAGASIN
2532,35,4,1071.5,2025-09-23T13:14:00,WEB
2533,107,3,390.94,2025-12-21T07:22:00,WEB
2534,172,6,819.16,2025-09-24T04:03:00,MAGASIN
2535,180,1,413.88,2025-12-31T17:46:00,MAGASIN
2536,157,2,874.6,2025-08-23T02:31:00,MAGASIN
2537,80,2,798.66,2025-12-30T21:38:00,WEB
2538,40,4,32.51,2026-01-22T12:45:00,B2B
2539,19,2,555.28,2025-08-27T06:31:00,B2B
2540,199,2,352.52,2025-08-18T17:03:00,B2B
2541,94,1,709.19,2025-08-22T09:08:00,MAGASIN
2542,31,6,932.19,2026-01-25T22:19:00,MAGASIN
2543,16,1,181.62,2025-04-03T05:06:00,MAGASIN
2544,10,3,304.37,2025-07-06T08:46:00,B2B
2545,97,6,573.61,2025-08-07T05:42:00,WEB
2546,161,4,104.87,2025-05-19T23:07:00,MAGASIN
2547,43,7,536.97,2025-07-14T10:13:00,MAGASIN
2548,23,5,819.89,2025-10-23T21:13:00,MAGASIN
2549,153,8,643.6,2026-01-17T15:54:00,MAGASIN
2550,111,5,678.39,2025-12-20T05:46:00,B2B
2551,66,7,244.73,2025-12-31T14:48:00,B2B
2552,130,2,369.85,2025-07-30T08:41:00,B2B
2553,153,6,497.75,2025-09-20T22:38:00,WEB
2554,67,4,630.23,2025-05-17T05:42:00,MAGASIN
2555,131,8,110.28,2025-12-06T03:41:00,WEB
2556,145,3,567.97,2025-11-23T14:39:00,MAGASIN
2557,187,5,824.71,2025-12-11T20:59:00,B2B
2558,152,7,273.68,2025-12-28T20:12:00,WEB
2559,72,6,1217.49,2025-11-12T05:13:00,WEB
2560,181,7,717.05,2025-08-14T19:13:00,MAGASIN
2561,61,6,812.05,2025-10-26T00:07:00,B2B
2562,161,3,137.26,2025-03-28T12:13:00,B2B
2563,86,3,242.37,2025-04-05T12:35:00,WEB
2564,172,4,794.51,2026-01-03T18:08:00,WEB
2565,136,8,971.3,2026-02-10T20:46:00,MAGASIN
2566,17,8,70.17,2025-08-31T20:29:00,WEB
2567,143,4,845.83,2025-07-31T19:03:00,B2B
2568,46,2,1036.53,2025-09-07T21:39:00,WEB
2569,57,8,900.57,2025-05-22T08:56:00,MAGASIN
2570,83,4,117.57,2025-09-01T01:18:00,MAGASIN
2571,15,6,484.52,2025-10-07T06:03:00,MAGASIN
2572,185,8,68.71,2025-11-09T04:33:00,MAGASIN
2573,32,7,359.53,2026-01-15T20:00:00,B2B
2574,108,8,475.67,2025-05-17T14:51:00,MAGASIN
2575,81,4,78.01,2025-08-07T02:32:00,B2B
2576,113,6,828.57,2026-02-08T11:36:00,B2B
2577,165,3,1021.85,2025-05-23T13:06:00,B2B
2578,71,5,793.49,2026-01-17T10:42:00,MAGASIN
2579,197,2,186.71,2026-01-13T13:36:00,MAGASIN
2580,44,7,841.08,2025-12-24T20:27:00,B2B
2581,169,1,402.57,2025-10-24T10:45:00,WEB
2582,190,2,732.87,2025-05-21T13:05:00,B2B
2583,23,7,831.55,2025-08-29T11:55:00,MAGASIN
2584,113,4,1039.13,2025-04-15T07:32:00,WEB
2585,131,5,110.97,2025-03-15T13:43:00,MAGASIN
2586,8,1,280.28,2025-07-04T03:42:00,WEB
2587,189,8,723.96,2025-07-01T14:53:00,B2B
2588,89,2,673.26,2025-06-15T17:54:00,MAGASIN
2589,94,4,849.11,2025-10-25T01:33:00,WEB
2590,189,6,632.67,2025-07-04T01:28:00,MAGASIN
2591,117,1,662.51,2025-11-23T13:59:00,WEB
2592,110,7,388.53,2026-02-04T11:24:00,WEB
2593,183,3,875.6,2025-07-23T21:57:00,WEB
2594,96,6,116.4,2025-11-11T19:36:00,MAGASIN
2595,167,5,257.0,2026-01-25T18:17:00,WEB
2596,51,7,1025.64,2025-06-05T14:28:00,WEB
2597,13,1,825.53,2026-02-24T21:25:00,B2B
2598,125,2,765.75,2025-08-12T03:47:00,MAGASIN
2599,152,4,304.66,2025-02-28T02:23:00,B2B
2600,25,4,325.8,2025-05-16T20:21:00,B2B
2601,33,2,409.29,2025-07-30T14:00:00,MAGASIN
2602,120,6,789.73,2025-07-08T10:13:00,MAGASIN
2603,134,7,854.93,2025-02-27T09:17:00,MAGASIN
2604,106,3,275.76,2025-09-23T04:10:00,B2B
2605,133,4,647.87,2025-12-02T07:54:00,WEB
2606,192,2,230.11,2025-06-22T08:48:00,B2B
2607,197,8,232.28,2025-10-01T05:45:00,MAGASIN
2608,183,8,988.67,2025-03-17T10:09:00,WEB
2609,88,4,523.39,2025-06-20T10:18:00,B2B
2610,33,6,391.55,2025-07-18T10:20:00,MAGASIN
2611,153,2,640.45,2025-07-08T18:30:00,WEB
2612,137,4,387.69,2025-07-30T18:26:00,MAGASIN
2613,74,2,325.64,2025-10-30T13:59:00,WEB
2614,4,8,391.89,2025-09-20T05:34:00,WEB
2615,78,5,1065.15,2025-07-22T01:40:00,B2B
2616,37,2,355.79,2025-06-08T08:47:00,B2B
2617,46,2,1146.95,2025-12-23T13:03:00,WEB
2618,121,5,202.85,2026-02-06T12:57:00,WEB
2619,17,4,67.61,2025-09-21T02:36:00,B2B
2620,170,7,586.97,2025-09-14T01:34:00,WEB
2621,177,4,1226.23,2025-05-23T08:10:00,WEB
2622,21,4,1007.13,2025-09-22T21:50:00,B2B
2623,133,4,628.72,2025-10-15T21:59:00,WEB
2624,35,8,996.49,2025-07-26T11:37:00,B2B
2625,198,1,467.58,2025-07-26T08:20:00,B2B
2626,60,4,457.73,2025-08-18T09:06:00,WEB
2627,25,1,409.88,2025-03-13T06:44:00,MAGASIN
2628,192,2,239.89,2025-06-05T18:15:00,MAGASIN
2629,172,5,803.14,2026-02-08T04:13:00,B2B
2630,47,8,260.96,2025-03-13T20:02:00,B2B
2631,35,1,1085.81,2025-11-10T21:18:00,WEB
2632,73,7,785.11,2025-03-04T12:54:00,WEB
2633,131,8,86.83,2025-04-04T04:31:00,WEB
2634,90,8,569.45,2025-04-15T00:04:00,B2B
2635,123,2,91.82,2026-01-07T14:05:00,B2B
2636,76,7,486.84,2026-01-23T03:05:00,WEB
2637,151,3,187.63,2025-11-03T03:15:00,MAGASIN
2638,6,4,1115.46,2025-12-20T08:18:00,WEB
2639,134,7,674.88,2025-05-25T02:22:00,MAGASIN
2640,5,1,443.83,2025-11-01T18:36:00,MAGASIN
2641,13,6,839.05,2025-12-17T15:54:00,MAGASIN
2642,11,8,622.9,2025-08-02T12:06:00,MAGASIN
2643,56,6,800.57,2025-11-27T05:42:00,WEB
2644,14,4,749.46,2025-02-27T03:12:00,B2B
2645,19,1,488.4,2025-05-26T15:10:00,B2B
2646,152,8,299.71,2026-01-30T14:11:00,WEB
2647,139,8,424.07,2025-08-07T21:51:00,WEB
2648,97,3,569.77,2025-12-30T03:06:00,B2B
2649,83,7,149.64,2026-01-23T15:14:00,MAGASIN
2650,89,4,768.1,2025-03-23T07:20:00,WEB
2651,143,6,806.01,2025-10-24T21:49:00,WEB
2652,148,1,659.62,2025-09-20T22:11:00,WEB
2653,27,8,274.55,2026-02-10T17:35:00,MAGASIN
2654,126,4,351.81,2025-11-07T21:47:00,MAGASIN
2655,80,2,1040.89,2025-09-30T03:32:00,B2B
2656,124,7,414.49,2025-12-05T21:12:00,WEB
2657,156,5,755.85,2025-12-16T03:21:00,MAGASIN
2658,127,3,183.1,2025-06-18T15:26:00,WEB
2659,23,8,747.89,2025-09-07T23:14:00,WEB
2660,61,2,843.62,2025-11-03T19:43:00,B2B
2661,71,7,917.85,2026-01-16T04:03:00,B2B
2662,82,2,88.22,2025-04-20T11:35:00,WEB
2663,90,8,467.52,2026-01-31T10:40:00,WEB
2664,200,7,355.25,2025-12-05T17:32:00,WEB
2665,119,2,275.65,2025-03-17T09:53:00,B2B
2666,147,4,544.37,2025-03-08T03:05:00,WEB
2667,98,8,804.84,2026-02-26T02:05:00,MAGASIN
2668,33,3,366.79,2025-04-01T09:24:00,B2B
2669,71,5,829.96,2025-09-07T18:32:00,WEB
2670,51,1,831.8,2025-03-05T23:46:00,B2B
2671,164,1,959.26,2025-07-26T14:33:00,WEB
2672,189,2,570.58,2025-03-26T06:34:00,WEB
2673,154,8,243.46,2025-03-07T15:22:00,MAGASIN
2674,54,3,157.65,2025-12-03T11:25:00,MAGASIN
2675,166,4,160.57,2025-07-01T12:37:00,WEB
2676,84,8,216.6,2025-03-02T01:03:00,MAGASIN
2677,2,3,161.83,2025-10-16T00:34:00,B2B
2678,29,4,205.56,2025-12-22T19:49:00,WEB
2679,5,5,407.64,2026-01-19T19:50:00,MAGASIN
2680,178,6,328.83,2026-02-25T05:43:00,B2B
2681,166,8,139.48,2025-10-31T20:42:00,WEB
2682,109,3,356.35,2025-12-14T02:44:00,MAGASIN
2683,52,3,469.61,2025-03-15T07:57:00,MAGASIN
2684,13,3,687.75,2025-10-19T13:27:00,WEB
2685,70,2,507.24,2025-04-10T09:19:00,B2B
2686,100,8,449.01,2025-04-24T16:18:00,B2B
2687,197,4,236.35,2025-10-24T07:48:00,WEB
2688,142,4,222.79,2025-05-20T00:10:00,B2B
2689,39,6,1210.16,2025-06-09T20:32:00,B2B
2690,112,2,757.45,2025-08-17T12:49:00,MAGASIN
2691,126,4,350.06,2025-06-26T06:29:00,WEB
2692,35,2,1081.87,2025-05-06T04:27:00,B2B
2693,66,7,309.45,2026-02-11T02:48:00,MAGASIN
2694,153,6,555.53,2026-01-28T06:35:00,B2B
2695,40,7,41.29,2025-03-24T03:33:00,MAGASIN
2696,116,7,564.38,2025-07-16T09:13:00,B2B
2697,106,8,222.59,2025-03-20T01:46:00,B2B
2698,18,1,926.95,2025-08-27T03:24:00,WEB
2699,129,4,755.66,2025-11-07T22:37:00,WEB
2700,11,7,531.83,2025-12-08T15:52:00,B2B
2701,61,4,751.85,2025-12-11T15:25:00,WEB
2702,90,2,445.86,2025-06-01T06:43:00,B2B
2703,105,7,56.79,2026-01-16T17:51:00,WEB
2704,61,6,747.55,2025-06-30T18:44:00,MAGASIN
2705,154,6,218.62,2025-06-28T19:09:00,B2B
2706,83,1,119.3,2026-02-21T09:52:00,B2B
2707,77,4,757.1,2025-06-11T03:15:00,MAGASIN
2708,7,7,360.92,2025-07-19T02:01:00,B2B
2709,69,6,559.67,2025-03-10T23:01:00,WEB
2710,158,1,976.75,2025-09-21T07:12:00,WEB
2711,185,8,71.86,2025-08-19T15:46:00,WEB
2712,61,7,733.9,2025-09-29T04:24:00,MAGASIN
2713,125,8,839.7,2025-05-09T04:20:00,MAGASIN
2714,42,3,355.23,2025-03-06T10:41:00,MAGASIN
2715,194,6,324.54,2025-10-26T16:58:00,MAGASIN
2716,35,8,1001.08,2025-08-24T00:57:00,B2B
2717,121,7,161.53,2025-03-08T05:45:00,WEB
2718,28,5,416.63,2025-08-27T16:05:00,B2B
2719,174,1,354.22,2025-12-29T10:27:00,MAGASIN
2720,128,6,656.12,2026-02-23T22:59:00,B2B
2721,176,2,327.67,2025-09-01T12:27:00,MAGASIN
2722,150,3,1124.7,2025-12-15T15:44:00,WEB
2723,87,3,768.81,2025-11-10T18:52:00,B2B
2724,158,5,871.0,2025-10-06T21:48:00,B2B
2725,148,6,577.43,2025-03-28T21:02:00,B2B
2726,51,4,1025.54,2026-01-31T16:25:00,B2B
2727,84,1,212.93,2025-06-25T23:38:00,B2B
2728,17,1,70.1,2025-07-21T17:34:00,MAGASIN
2729,36,8,565.23,2025-09-30T22:15:00,MAGASIN
2730,117,4,591.54,2026-02-14T02:36:00,MAGASIN
2731,136,3,960.22,2026-01-22T15:40:00,B2B
2732,150,7,1100.98,2025-12-19T07:24:00,B2B
2733,48,5,10.53,2026-01-29T12:51:00,MAGASIN
2734,83,7,147.52,2026-01-31T06:01:00,B2B
2735,25,3,412.72,2025-03-29T10:57:00,B2B
2736,91,7,773.78,2025-09-13T15:21:00,WEB
2737,70,1,574.61,2025-04-28T16:26:00,WEB
2738,118,2,24.03,2025-04-14T18:03:00,MAGASIN
2739,176,6,320.04,2025-10-20T07:31:00,MAGASIN
2740,87,7,794.68,2025-08-16T19:46:00,B2B
2741,13,6,839.03,2025-08-10T23:23:00,WEB
2742,28,6,537.78,2026-02-21T20:52:00,MAGASIN
2743,107,7,382.12,2025-04-11T12:05:00,MAGASIN
2744,93,1,498.75,2025-09-01T04:59:00,B2B
2745,96,8,95.32,2025-07-22T13:29:00,MAGASIN
2746,122,4,783.59,2025-05-04T20:01:00,WEB
2747,58,8,776.02,2025-12-11T05:07:00,MAGASIN
2748,84,3,190.79,2026-01-15T01:10:00,WEB
2749,5,2,420.27,2026-02-13T19:31:00,WEB
2750,128,2,709.75,2025-09-22T18:44:00,MAGASIN
2751,20,1,628.27,2025-12-22T10:19:00,MAGASIN
2752,61,8,652.71,2025-07-11T17:20:00,MAGASIN
2753,64,1,954.32,2025-04-19T06:45:00,WEB
2754,42,4,382.48,2025-06-20T06:02:00,WEB
2755,56,4,1016.41,2025-11-26T07:32:00,WEB
2756,107,6,389.66,2025-08-04T06:35:00,MAGASIN
2757,192,6,237.27,2025-05-19T22:58:00,B2B
2758,148,6,638.71,2025-03-05T17:26:00,WEB
2759,14,2,775.21,2025-09-19T15:46:00,B2B
2760,86,8,249.76,2025-05-26T20:25:00,WEB
2761,159,5,418.02,2025-04-15T00:02:00,B2B
2762,134,2,865.33,2025-09-02T02:12:00,WEB
2763,110,7,317.01,2026-01-10T04:18:00,MAGASIN
2764,117,2,670.34,2026-02-08T23:05:00,WEB
2765,37,7,342.95,2025-08-10T10:26:00,WEB
2766,171,6,544.97,2025-10-29T03:17:00,WEB
2767,109,7,400.23,2025-08-26T04:21:00,MAGASIN
2768,44,4,832.95,2025-10-08T14:01:00,B2B
2769,27,7,259.02,2025-11-26T18:36:00,B2B
2770,80,2,1010.84,2025-06-02T03:35:00,MAGASIN
2771,141,4,793.97,2025-08-04T17:15:00,MAGASIN
2772,169,6,398.92,2025-11-13T17:55:00,MAGASIN
2773,20,4,705.68,2025-09-03T10:53:00,MAGASIN
2774,42,8,384.58,2025-06-12T14:30:00,WEB
2775,148,4,634.8,2025-07-13T18:13:00,B2B
2776,192,2,189.63,2025-06-24T11:56:00,WEB
2777,143,3,657.12,2025-12-01T12:27:00,B2B
2778,70,4,651.71,2025-12-27T17:20:00,B2B
2779,127,5,187.22,2026-02-19T07:32:00,MAGASIN
2780,116,4,496.4,2025-04-20T08:51:00,MAGASIN
2781,191,8,489.33,2025-09-02T10:39:00,B2B
2782,15,7,496.56,2025-12-25T07:03:00,WEB
2783,39,6,1213.05,2025-12-25T21:28:00,WEB
2784,86,6,239.96,2026-01-18T05:03:00,WEB
2785,34,7,245.8,2025-10-28T14:25:00,WEB
2786,198,2,405.63,2025-03-20T09:57:00,MAGASIN
2787,78,5,957.51,2025-09-13T17:45:00,WEB
2788,46,1,894.76,2026-01-08T12:36:00,WEB
2789,173,2,38.44,2025-08-16T02:41:00,WEB
2790,59,4,21.49,2025-06-28T10:03:00,B2B
2791,159,2,369.74,2025-11-15T15:56:00,MAGASIN
2792,159,1,410.2,2025-06-22T20:24:00,MAGASIN
2793,169,5,324.56,2025-09-03T20:41:00,WEB
2794,150,6,1137.41,2025-09-12T06:11:00,MAGASIN
2795,99,1,252.07,2025-07-02T18:22:00,MAGASIN
2796,133,1,563.93,2025-05-29T15:45:00,MAGASIN
2797,98,5,808.51,2025-05-31T19:06:00,MAGASIN
2798,167,1,244.37,2025-04-28T04:58:00,WEB
2799,186,7,770.24,2025-10-08T15:39:00,B2B
2800,2,7,166.85,2025-03-20T23:44:00,MAGASIN
2801,173,1,30.99,2025-06-10T21:07:00,MAGASIN
2802,14,1,834.07,2025-11-28T08:20:00,MAGASIN
2803,117,3,643.01,2025-12-03T17:10:00,WEB
2804,157,6,925.01,2026-01-27T15:07:00,B2B
2805,99,1,280.72,2025-09-10T05:57:00,WEB
2806,54,6,172.63,2025-12-16T18:34:00,MAGASIN
2807,14,6,956.67,2025-11-11T05:31:00,WEB
2808,25,4,327.94,2025-03-17T02:38:00,WEB
2809,38,7,422.99,2026-01-27T03:36:00,B2B
2810,144,8,206.91,2025-12-08T09:44:00,MAGASIN
2811,67,4,696.72,2025-12-30T11:42:00,B2B
2812,158,2,1064.25,2025-03-04T17:33:00,B2B
2813,13,3,870.32,2025-03-06T12:01:00,MAGASIN
2814,110,1,324.9,2026-02-05T10:52:00,B2B
2815,169,3,401.9,2025-12-03T17:27:00,WEB
2816,156,4,794.2,2025-05-27T03:22:00,WEB
2817,95,3,273.73,2025-12-09T13:56:00,WEB
2818,83,3,130.52,2025-04-27T15:21:00,WEB
2819,94,6,705.84,2026-01-05T18:28:00,B2B
2820,172,6,807.65,2025-07-18T17:26:00,WEB
2821,109,6,403.02,2025-07-09T22:47:00,MAGASIN
2822,43,3,535.35,2025-04-11T21:45:00,B2B
2823,133,8,690.55,2025-08-28T17:19:00,WEB
2824,74,4,336.63,2025-09-08T14:17:00,WEB
2825,74,4,272.75,2025-04-16T10:04:00,B2B
2826,178,3,325.76,2025-08-25T19:37:00,B2B
2827,50,6,92.94,2025-03-11T16:01:00,MAGASIN
2828,91,2,1010.22,2025-06-21T17:17:00,WEB
2829,6,7,1105.5,2025-05-30T00:24:00,B2B
2830,39,5,1103.61,2025-07-01T20:38:00,WEB
2831,27,1,272.13,2025-05-23T22:18:00,MAGASIN
2832,6,3,1333.07,2025-11-27T20:15:00,WEB
2833,94,2,790.44,2025-11-27T20:05:00,MAGASIN
2834,35,4,1063.68,2025-12-10T06:38:00,MAGASIN
2835,43,7,484.67,2025-10-31T03:52:00,B2B
2836,33,2,410.76,2025-09-28T15:40:00,MAGASIN
2837,87,1,618.37,2025-10-13T13:53:00,B2B
2838,113,8,1046.41,2025-05-21T07:09:00,MAGASIN
2839,174,2,282.43,2025-04-05T12:12:00,MAGASIN
2840,109,5,402.33,2025-11-23T17:02:00,WEB
2841,49,6,583.27,2025-08-29T15:34:00,MAGASIN
2842,50,7,92.16,2025-05-14T01:48:00,WEB
2843,114,2,21.72,2025-05-12T09:45:00,B2B
2844,26,6,511.56,2025-09-29T13:39:00,B2B
2845,187,8,850.92,2025-07-18T03:11:00,MAGASIN
2846,47,4,303.95,2025-09-11T10:42:00,B2B
2847,60,1,408.83,2025-04-14T04:12:00,B2B
2848,156,2,773.66,2025-04-25T00:37:00,B2B
2849,112,8,619.15,2025-05-11T11:24:00,MAGASIN
2850,171,2,486.5,2025-05-11T03:53:00,B2B
2851,118,5,27.21,2025-08-11T20:49:00,MAGASIN
2852,154,1,238.6,2026-02-08T19:42:00,MAGASIN
2853,127,6,192.31,2025-06-05T11:03:00,WEB
2854,54,6,153.23,2025-11-14T17:50:00,B2B
2855,199,7,405.19,2025-08-01T10:28:00,B2B
2856,95,5,271.78,2025-11-10T21:55:00,MAGASIN
2857,16,7,144.92,2025-08-29T21:41:00,WEB
2858,53,7,212.45,2025-08-24T02:10:00,MAGASIN
2859,5,6,460.31,2025-08-29T09:29:00,MAGASIN
2860,175,1,1079.26,2025-03-25T19:31:00,MAGASIN
2861,143,6,751.2,2025-05-22T11:21:00,WEB
2862,134,5,826.58,2025-11-14T15:03:00,WEB
2863,146,5,653.02,2025-09-09T18:13:00,B2B
2864,141,7,804.39,2026-02-03T10:52:00,B2B
2865,28,1,429.11,2025-03-14T15:57:00,B2B
2866,187,2,856.75,2025-09-17T20:09:00,WEB
2867,1,6,122.67,2026-01-27T06:38:00,B2B
2868,62,5,117.18,2025-06-26T03:43:00,B2B
2869,103,4,229.33,2025-07-29T15:56:00,WEB
2870,78,8,1063.92,2025-12-19T13:16:00,B2B
2871,148,3,529.57,2025-10-03T13:47:00,WEB
2872,4,5,404.0,2025-12-24T15:59:00,WEB
2873,73,5,981.22,2025-12-18T12:17:00,B2B
2874,180,7,454.76,2025-06-01T03:39:00,WEB
2875,129,3,602.93,2026-02-17T05:54:00,MAGASIN
2876,43,3,544.64,2025-09-22T11:36:00,MAGASIN
2877,200,1,434.29,2025-04-23T09:00:00,WEB
2878,151,1,228.39,2025-04-22T10:17:00,MAGASIN
2879,176,6,284.79,2025-04-14T21:56:00,MAGASIN
2880,61,2,855.3,2025-07-16T22:52:00,MAGASIN
2881,128,8,715.83,2026-02-26T06:36:00,B2B
2882,61,8,737.5,2025-06-26T12:25:00,WEB
2883,51,8,1048.43,2026-01-13T08:52:00,WEB
2884,59,4,27.93,2025-11-03T00:00:00,MAGASIN
2885,87,7,711.24,2025-05-08T10:43:00,MAGASIN
2886,49,4,725.38,2026-01-22T20:38:00,B2B
2887,59,5,26.65,2025-05-26T01:41:00,B2B
2888,111,4,647.34,2026-01-13T12:41:00,B2B
2889,8,4,215.01,2025-04-04T03:41:00,MAGASIN
2890,92,7,215.89,2025-04-05T13:48:00,MAGASIN
2891,54,7,173.35,2025-09-23T10:04:00,B2B
2892,78,6,1033.83,2025-12-02T18:28:00,WEB
2893,176,4,323.79,2025-09-21T07:18:00,B2B
2894,153,8,633.97,2025-04-19T05:47:00,WEB
2895,91,8,1022.66,2025-07-08T13:25:00,MAGASIN
2896,89,3,663.23,2025-12-27T02:22:00,B2B
2897,100,5,432.77,2026-02-23T10:42:00,B2B
2898,189,2,698.91,2025-09-14T15:58:00,WEB
2899,129,4,725.29,2026-02-22T09:04:00,WEB
2900,51,3,1046.32,2025-06-17T03:59:00,B2B
2901,30,5,357.13,2026-01-05T23:17:00,B2B
2902,161,7,131.04,2025-11-16T10:01:00,MAGASIN
2903,187,2,866.68,2025-11-23T11:44:00,MAGASIN
2904,100,8,400.65,2025-07-27T07:19:00,WEB
2905,123,5,116.9,2025-08-11T08:20:00,B2B
2906,105,4,70.58,2026-02-24T21:16:00,MAGASIN
2907,125,3,943.35,2026-01-09T10:00:00,WEB
2908,171,8,540.0,2025-12-27T04:24:00,B2B
2909,73,2,970.06,2025-05-26T12:53:00,WEB
2910,109,2,398.48,2025-07-29T00:58:00,B2B
2911,84,3,211.89,2025-08-07T23:08:00,MAGASIN
2912,41,8,688.83,2025-05-13T13:15:00,MAGASIN
2913,193,1,803.23,2025-05-13T11:36:00,WEB
2914,158,3,1098.47,2025-04-15T17:50:00,WEB
2915,136,1,953.23,2025-05-22T07:39:00,MAGASIN
2916,49,1,658.37,2025-03-03T16:42:00,B2B
2917,195,2,443.21,2026-01-17T18:57:00,MAGASIN
2918,167,3,266.92,2025-10-30T07:20:00,WEB
2919,180,2,367.62,2025-03-08T02:52:00,MAGASIN
2920,119,3,278.65,2025-12-13T17:58:00,B2B
2921,142,3,199.17,2025-11-05T16:24:00,WEB
2922,18,2,839.89,2025-03-06T20:45:00,B2B
2923,121,4,156.41,2025-05-25T02:31:00,B2B
2924,120,7,796.68,2025-07-17T06:08:00,MAGASIN
2925,163,5,1020.61,2025-11-25T19:23:00,WEB
2926,85,2,588.78,2025-09-24T15:17:00,WEB
2927,87,8,685.69,2025-10-11T17:59:00,MAGASIN
2928,98,2,715.37,2025-09-21T02:17:00,B2B
2929,158,2,941.73,2025-05-02T07:16:00,MAGASIN
2930,152,2,305.41,2026-01-25T18:00:00,MAGASIN
2931,166,4,178.93,2025-05-03T20:42:00,B2B
2932,30,2,290.7,2025-03-05T03:32:00,MAGASIN
2933,6,6,1362.53,2026-02-26T09:12:00,WEB
2934,14,5,938.15,2025-10-05T16:06:00,B2B
2935,43,1,545.93,2025-12-16T01:27:00,B2B
2936,68,2,895.79,2025-08-01T21:17:00,B2B
2937,105,3,58.4,2025-10-10T22:27:00,MAGASIN
2938,168,7,598.46,2025-10-30T19:45:00,WEB
2939,4,6,479.11,2025-06-24T01:18:00,MAGASIN
2940,122,7,996.88,2025-12-07T18:34:00,MAGASIN
2941,184,6,835.72,2025-12-23T12:01:00,WEB
2942,22,7,362.51,2025-10-30T13:29:00,MAGASIN
2943,106,5,255.54,2025-10-07T01:33:00,WEB
2944,123,2,91.67,2025-11-21T18:17:00,MAGASIN
2945,199,1,453.68,2025-11-27T04:19:00,B2B
2946,198,6,458.91,2025-03-13T20:07:00,B2B
2947,21,2,868.97,2026-01-30T20:42:00,MAGASIN
2948,197,6,194.12,2025-10-22T13:20:00,B2B
2949,42,1,304.24,2026-01-08T15:57:00,MAGASIN
2950,178,4,329.41,2025-09-07T10:46:00,WEB
2951,102,1,949.29,2025-12-15T09:54:00,MAGASIN
2952,119,5,261.72,2025-07-02T07:11:00,B2B
2953,20,4,624.84,2025-05-30T16:41:00,WEB
2954,192,1,233.88,2025-09-01T22:00:00,MAGASIN
2955,161,1,131.43,2025-11-24T07:50:00,B2B
2956,21,5,1012.29,2025-06-10T18:41:00,WEB
2957,189,4,698.95,2026-02-16T15:12:00,B2B
2958,119,5,250.46,2025-12-13T13:24:00,B2B
2959,193,1,712.07,2026-02-16T21:23:00,B2B
2960,187,4,822.1,2025-10-23T15:37:00,MAGASIN
2961,159,6,413.84,2026-01-12T02:55:00,MAGASIN
2962,7,8,402.14,2025-08-11T11:56:00,B2B
2963,28,7,425.61,2025-03-13T00:35:00,WEB
2964,80,3,818.99,2025-04-04T23:01:00,MAGASIN
2965,136,5,959.61,2025-06-04T21:28:00,B2B
2966,101,3,188.25,2025-11-03T15:44:00,WEB
2967,113,3,908.69,2025-09-21T08:12:00,MAGASIN
2968,200,7,434.76,2025-11-18T03:35:00,B2B
2969,20,7,555.66,2026-02-23T02:43:00,WEB
2970,29,8,194.64,2025-03-05T18:05:00,B2B
2971,8,2,246.44,2025-07-17T22:16:00,B2B
2972,97,4,468.48,2025-07-17T19:54:00,B2B
2973,148,4,657.26,2025-09-02T07:44:00,WEB
2974,124,1,461.72,2025-08-23T01:31:00,MAGASIN
2975,107,6,416.09,2025-08-12T12:36:00,WEB
2976,81,7,79.4,2025-08-11T10:31:00,MAGASIN
2977,22,2,406.43,2025-12-17T22:01:00,B2B
2978,177,1,1009.29,2025-03-09T13:20:00,MAGASIN
2979,196,6,116.03,2025-05-11T10:29:00,WEB
2980,47,6,264.52,2025-09-06T19:38:00,WEB
2981,8,4,224.0,2025-11-22T12:05:00,B2B
2982,166,5,141.76,2025-05-28T22:07:00,B2B
2983,111,4,684.78,2026-02-21T15:47:00,MAGASIN
2984,152,8,311.06,2025-05-26T12:47:00,MAGASIN
2985,177,1,1271.52,2026-01-24T01:45:00,B2B
2986,145,4,544.9,2026-02-22T06:00:00,MAGASIN
2987,126,7,278.87,2025-09-03T06:41:00,MAGASIN
2988,28,5,532.07,2026-02-05T13:33:00,MAGASIN
2989,91,8,772.75,2025-05-22T08:58:00,WEB
2990,157,1,862.59,2025-12-15T02:02:00,B2B
2991,2,5,134.63,2025-08-10T17:35:00,B2B
2992,196,2,113.37,2025-06-07T17:11:00,WEB
2993,136,4,784.91,2025-08-16T19:34:00,WEB
2994,21,7,902.53,2025-03-05T17:36:00,WEB
2995,18,8,1050.82,2025-02-28T09:40:00,B2B
2996,175,5,974.21,2025-03-19T18:16:00,WEB
2997,70,8,650.76,2025-05-26T06:14:00,WEB
2998,25,3,415.01,2025-10-17T13:07:00,WEB
2999,10,6,267.26,2026-02-07T06:09:00,WEB
3000,11,6,617.24,2025-07-21T18:44:00,B2B
3001,21,7,1014.25,2025-07-15T07:23:00,MAGASIN
3002,58,2,874.13,2025-05-07T17:27:00,WEB
3003,184,2,1046.59,2025-09-27T18:59:00,B2B
3004,169,5,410.31,2025-11-10T06:04:00,MAGASIN
3005,80,1,1020.82,2025-09-30T11:49:00,WEB
3006,176,4,314.02,2025-08-27T09:01:00,B2B
3007,42,8,314.46,2025-11-02T16:57:00,MAGASIN
3008,62,5,103.52,2025-09-16T14:41:00,WEB
3009,64,3,733.44,2026-01-25T00:58:00,B2B
3010,100,7,430.47,2026-01-05T08:31:00,WEB
3011,145,1,452.19,2025-05-09T04:56:00,B2B
3012,167,5,264.17,2025-08-07T09:34:00,B2B
3013,148,6,634.36,2025-12-28T21:12:00,WEB
3014,104,3,355.41,2025-09-16T08:16:00,MAGASIN
3015,186,1,780.45,2025-12-16T07:59:00,B2B
3016,180,6,463.33,2025-08-19T23:59:00,WEB
3017,71,2,916.8,2025-09-03T10:06:00,MAGASIN
3018,96,8,102.61,2025-12-08T08:37:00,MAGASIN
3019,6,3,1089.81,2025-12-30T09:40:00,B2B
3020,55,1,339.57,2025-09-15T17:31:00,MAGASIN
3021,165,8,1165.91,2025-03-01T11:16:00,B2B
3022,117,3,711.43,2026-02-24T02:07:00,B2B
3023,72,4,1106.77,2025-12-16T16:19:00,WEB
3024,94,7,896.04,2025-06-20T08:21:00,WEB
3025,140,6,142.93,2025-11-14T18:43:00,WEB
3026,130,5,294.37,2025-12-09T10:19:00,B2B
3027,187,1,776.69,2025-06-22T09:38:00,WEB
3028,112,6,694.15,2025-05-31T13:17:00,WEB
3029,77,6,745.87,2026-01-13T01:23:00,WEB
3030,146,4,680.15,2025-10-14T11:26:00,B2B
3031,172,6,795.75,2026-01-11T11:38:00,B2B
3032,126,4,275.64,2025-09-12T20:55:00,B2B
3033,101,4,190.91,2025-10-17T03:56:00,WEB
3034,171,8,563.51,2025-07-16T14:32:00,B2B
3035,115,2,779.05,2026-02-17T17:56:00,MAGASIN
3036,128,8,658.29,2025-05-11T10:57:00,B2B
3037,134,7,853.98,2025-07-17T02:15:00,MAGASIN
3038,3,6,967.38,2025-03-12T01:59:00,WEB
3039,104,3,398.02,2025-12-15T21:35:00,WEB
3040,85,2,587.94,2025-05-30T00:35:00,WEB
3041,60,2,515.4,2025-12-21T21:42:00,MAGASIN
3042,183,3,881.41,2025-04-11T04:28:00,B2B
3043,192,7,238.29,2025-03-25T07:33:00,B2B
3044,65,7,272.02,2025-08-01T22:10:00,B2B
3045,90,4,557.18,2025-04-18T10:31:00,B2B
3046,86,6,216.21,2025-03-09T18:49:00,B2B
3047,35,5,1102.23,2025-08-13T12:39:00,B2B
3048,154,6,246.65,2025-06-23T06:32:00,MAGASIN
3049,98,4,868.84,2025-12-17T23:08:00,WEB
3050,184,2,1063.16,2026-01-15T17:19:00,MAGASIN
3051,37,2,420.13,2025-10-07T04:27:00,B2B
3052,66,8,299.14,2025-03-12T13:08:00,B2B
3053,125,4,915.78,2025-10-01T02:19:00,MAGASIN
3054,59,2,27.32,2025-11-22T19:18:00,B2B
3055,62,7,114.81,2025-08-11T05:09:00,MAGASIN
3056,92,1,192.87,2025-06-03T15:36:00,WEB
3057,53,3,209.45,2025-05-07T09:03:00,WEB
3058,110,3,399.26,2025-06-29T20:03:00,B2B
3059,37,5,346.34,2025-09-26T11:06:00,WEB
3060,145,1,518.39,2025-04-24T22:36:00,MAGASIN
3061,147,5,681.61,2025-07-02T07:48:00,MAGASIN
3062,109,5,325.48,2025-08-03T00:39:00,B2B
3063,152,8,303.06,2025-11-28T15:43:00,MAGASIN
3064,22,3,470.27,2025-05-31T02:43:00,MAGASIN
3065,149,3,128.63,2025-07-07T14:23:00,MAGASIN
3066,151,2,223.97,2025-03-13T21:51:00,MAGASIN
3067,88,2,426.23,2025-12-18T03:17:00,MAGASIN
3068,99,5,284.95,2026-02-10T13:42:00,B2B
3069,85,3,587.75,2025-11-01T09:00:00,WEB
3070,128,8,735.06,2025-08-20T21:21:00,MAGASIN
3071,46,3,1131.61,2025-07-21T23:30:00,WEB
3072,131,5,100.06,2025-10-27T18:33:00,B2B
3073,80,7,1039.33,2025-10-10T03:46:00,MAGASIN
3074,36,4,713.38,2025-10-31T06:01:00,MAGASIN
3075,115,7,974.46,2025-06-25T16:57:00,B2B
3076,45,2,45.45,2025-04-15T10:04:00,B2B
3077,157,7,928.41,2025-05-23T19:52:00,MAGASIN
3078,175,2,859.73,2025-12-12T12:37:00,B2B
3079,51,3,935.68,2025-03-11T17:59:00,WEB
3080,29,3,179.3,2025-09-11T09:59:00,MAGASIN
3081,118,8,27.01,2025-04-15T01:17:00,WEB
3082,65,6,242.35,2025-09-26T00:08:00,B2B
3083,113,2,1022.18,2026-01-05T16:07:00,B2B
3084,107,8,416.85,2025-11-11T20:17:00,MAGASIN
3085,100,5,407.22,2025-09-17T04:14:00,B2B
3086,72,7,944.72,2025-06-01T14:37:00,MAGASIN
3087,4,1,491.7,2025-11-20T12:25:00,WEB
3088,35,7,972.1,2025-11-21T02:49:00,MAGASIN
3089,126,2,338.7,2025-04-22T19:36:00,B2B
3090,2,3,151.06,2025-10-29T06:11:00,B2B
3091,141,1,731.53,2025-06-21T16:33:00,B2B
3092,164,5,853.95,2025-05-11T08:58:00,WEB
3093,149,1,103.73,2025-03-14T03:53:00,B2B
3094,162,5,527.67,2025-11-06T00:18:00,MAGASIN
3095,49,6,736.95,2026-02-13T18:56:00,B2B
3096,121,1,200.07,2025-03-12T23:00:00,MAGASIN
3097,46,3,1163.44,2026-01-29T12:45:00,MAGASIN
3098,139,4,492.51,2025-05-08T01:38:00,MAGASIN
3099,136,1,977.69,2025-09-30T10:36:00,MAGASIN
3100,4,2,385.76,2025-10-03T08:05:00,WEB
3101,91,2,772.63,2025-12-26T08:48:00,WEB
3102,108,6,424.07,2026-01-28T00:35:00,B2B
3103,129,6,732.83,2025-07-05T01:33:00,MAGASIN
3104,32,7,434.34,2026-02-16T16:07:00,B2B
3105,79,6,531.69,2026-02-19T11:08:00,WEB
3106,16,6,185.66,2025-12-09T15:02:00,WEB
3107,156,5,713.68,2025-04-07T00:40:00,WEB
3108,138,7,539.05,2025-08-17T09:35:00,MAGASIN
3109,72,3,1166.74,2025-02-26T07:41:00,MAGASIN
3110,179,2,1112.42,2025-11-10T09:44:00,WEB
3111,126,2,281.36,2026-02-18T08:45:00,MAGASIN
3112,47,3,238.94,2025-09-13T00:18:00,MAGASIN
3113,124,7,462.92,2025-12-04T03:14:00,MAGASIN
3114,185,4,69.31,2025-10-12T13:58:00,MAGASIN
3115,121,8,164.48,2025-08-03T12:31:00,WEB
3116,21,1,963.93,2025-03-06T03:57:00,WEB
3117,154,2,212.15,2025-12-26T07:03:00,B2B
3118,69,8,579.01,2025-04-21T16:21:00,MAGASIN
3119,78,2,973.5,2025-10-03T22:52:00,B2B
3120,173,7,39.1,2025-11-03T21:40:00,B2B
3121,135,1,707.3,2025-03-31T23:28:00,WEB
3122,118,6,26.48,2026-01-07T01:47:00,MAGASIN
3123,189,3,558.2,2025-11-20T08:57:00,WEB
3124,100,6,445.7,2026-02-18T20:18:00,MAGASIN
3125,63,6,1207.44,2025-03-17T14:06:00,WEB
3126,46,4,1180.02,2025-12-06T11:13:00,WEB
3127,12,2,187.93,2025-07-01T09:45:00,WEB
3128,170,1,717.49,2026-01-23T22:33:00,MAGASIN
3129,89,5,758.48,2025-05-13T08:55:00,MAGASIN
3130,21,1,875.37,2025-05-29T19:04:00,B2B
3131,124,8,364.56,2025-09-19T10:06:00,B2B
3132,192,1,228.84,2025-07-19T01:59:00,WEB
3133,158,7,956.85,2026-02-21T04:37:00,MAGASIN
3134,22,3,470.79,2025-05-21T05:52:00,WEB
3135,81,7,65.34,2025-09-24T16:37:00,MAGASIN
3136,150,8,1002.57,2025-09-15T16:48:00,WEB
3137,149,3,117.84,2025-06-15T03:23:00,MAGASIN
3138,133,7,710.33,2025-12-27T02:30:00,B2B
3139,111,4,678.57,2025-10-21T13:18:00,WEB
3140,72,3,983.77,2025-11-30T23:34:00,B2B
3141,171,3,599.41,2025-09-06T13:27:00,MAGASIN
3142,90,1,464.1,2025-03-24T01:15:00,WEB
3143,104,4,315.22,2025-10-19T00:42:00,MAGASIN
3144,130,6,287.97,2025-10-30T14:25:00,MAGASIN
3145,156,3,711.52,2025-07-16T00:50:00,WEB
3146,130,4,298.42,2025-10-02T22:29:00,B2B
3147,49,3,716.35,2025-06-15T21:25:00,WEB
3148,23,8,797.6,2025-07-10T02:54:00,WEB
3149,12,3,183.46,2026-01-30T08:05:00,WEB
3150,80,6,927.12,2025-07-09T15:54:00,MAGASIN
3151,129,5,760.16,2025-04-05T08:00:00,MAGASIN
3152,193,1,810.92,2026-01-11T16:45:00,B2B
3153,164,3,756.36,2025-12-28T15:08:00,WEB
3154,3,2,988.55,2026-01-10T00:08:00,B2B
3155,147,3,546.83,2026-01-02T12:18:00,MAGASIN
3156,149,3,125.6,2025-07-03T08:51:00,B2B
3157,115,7,972.69,2025-10-02T13:36:00,B2B
3158,80,7,1014.6,2025-05-15T05:04:00,B2B
3159,163,4,904.56,2025-11-13T11:39:00,WEB
3160,125,1,936.3,2025-04-10T05:54:00,B2B
3161,177,2,1008.44,2025-04-24T18:16:00,B2B
3162,58,4,889.5,2025-06-04T19:07:00,MAGASIN
3163,146,8,529.13,2025-05-29T03:09:00,MAGASIN
3164,35,7,876.14,2025-08-04T10:17:00,WEB
3165,187,3,853.2,2025-07-07T09:17:00,B2B
3166,163,7,1027.25,2025-03-07T11:38:00,WEB
3167,138,7,492.52,2025-08-20T04:32:00,WEB
3168,154,8,243.36,2025-06-20T10:30:00,B2B
3169,130,1,370.77,2026-02-06T09:40:00,WEB
3170,135,3,805.36,2025-11-20T03:14:00,MAGASIN
3171,58,4,1008.9,2025-10-07T09:11:00,B2B
3172,185,3,55.65,2025-07-19T08:25:00,WEB
3173,115,1,796.2,2025-07-13T16:19:00,WEB
3174,67,7,670.6,2026-02-25T00:13:00,WEB
3175,54,3,176.6,2026-01-23T16:47:00,B2B
3176,113,3,1059.84,2025-04-11T07:27:00,B2B
3177,199,3,437.6,2025-05-01T02:08:00,WEB
3178,102,4,826.37,2026-01-29T07:27:00,B2B
3179,9,8,73.97,2025-04-26T00:23:00,B2B
3180,154,1,238.36,2025-07-28T19:48:00,WEB
3181,58,5,813.61,2025-09-29T04:55:00,WEB
3182,117,1,728.37,2025-04-06T06:04:00,WEB
3183,125,2,923.83,2025-12-31T01:32:00,B2B
3184,162,6,523.09,2025-05-03T11:45:00,WEB
3185,186,1,722.69,2025-04-17T15:54:00,B2B
3186,179,7,1116.31,2025-07-08T18:43:00,WEB
3187,42,8,380.97,2026-01-28T21:04:00,MAGASIN
3188,96,7,117.66,2025-07-24T09:57:00,B2B
3189,20,8,677.7,2025-12-28T09:53:00,WEB
3190,184,3,1089.29,2026-02-03T08:09:00,B2B
3191,141,1,773.4,2025-12-12T18:55:00,B2B
3192,150,7,1163.02,2026-02-10T13:58:00,WEB
3193,28,2,538.45,2025-06-29T16:42:00,WEB
3194,181,5,785.78,2026-01-12T15:34:00,WEB
3195,22,3,461.25,2025-10-23T17:01:00,MAGASIN
3196,107,5,381.51,2025-04-15T21:38:00,MAGASIN
3197,177,4,988.07,2025-08-15T17:46:00,WEB
3198,131,7,99.95,2025-09-09T23:57:00,WEB
3199,54,6,170.57,2025-11-27T13:06:00,B2B
3200,23,7,820.0,2025-08-23T16:35:00,WEB
3201,167,7,238.04,2025-04-18T10:06:00,B2B
3202,26,4,502.19,2025-10-14T21:41:00,WEB
3203,141,7,778.69,2025-10-09T05:56:00,MAGASIN
3204,147,1,678.34,2025-03-21T15:48:00,MAGASIN
3205,134,5,659.85,2026-02-06T11:47:00,B2B
3206,66,7,295.25,2025-08-24T20:11:00,WEB
3207,22,1,363.19,2026-02-09T14:21:00,MAGASIN
3208,110,5,364.63,2025-10-29T07:44:00,B2B
3209,157,2,937.28,2025-05-08T18:19:00,B2B
3210,25,7,411.68,2025-11-10T16:24:00,WEB
3211,33,6,319.37,2025-05-04T16:52:00,WEB
3212,192,2,183.67,2026-01-01T01:05:00,WEB
3213,147,2,648.95,2025-12-17T07:11:00,MAGASIN
3214,110,3,314.52,2025-10-27T06:53:00,B2B
3215,160,3,753.95,2025-10-12T12:53:00,MAGASIN
3216,127,8,149.69,2025-08-06T20:17:00,WEB
3217,159,2,337.37,2026-01-09T08:51:00,MAGASIN
3218,61,4,822.89,2025-03-03T13:24:00,MAGASIN
3219,93,4,608.02,2026-01-15T12:45:00,B2B
3220,194,8,335.49,2025-12-18T01:41:00,B2B
3221,6,5,1324.44,2025-03-09T23:24:00,WEB
3222,171,8,617.05,2026-01-11T10:25:00,B2B
3223,138,3,535.1,2026-01-18T06:19:00,WEB
3224,141,3,697.15,2026-01-08T11:48:00,WEB
3225,2,4,166.16,2025-06-04T10:06:00,B2B
3226,169,8,402.25,2025-10-31T19:15:00,MAGASIN
3227,36,5,648.62,2025-12-07T10:48:00,B2B
3228,186,4,766.6,2025-08-09T07:13:00,WEB
3229,27,5,227.63,2025-09-04T19:01:00,B2B
3230,72,8,1184.11,2025-09-02T05:00:00,WEB
3231,179,2,1100.76,2025-07-15T10:41:00,MAGASIN
3232,1,6,120.64,2025-07-07T05:41:00,WEB
3233,47,6,297.65,2025-11-07T18:23:00,WEB
3234,77,5,745.9,2025-03-24T06:12:00,WEB
3235,31,6,937.51,2025-09-16T23:12:00,B2B
3236,116,8,623.78,2025-09-17T15:29:00,MAGASIN
3237,191,6,487.52,2025-03-21T09:59:00,WEB
3238,183,1,953.89,2026-01-04T01:33:00,WEB
3239,50,8,77.5,2025-07-14T20:44:00,B2B
3240,122,3,814.9,2025-10-05T07:44:00,WEB
3241,30,6,354.51,2025-11-30T07:05:00,WEB
3242,141,3,792.6,2026-01-31T06:06:00,MAGASIN
3243,186,8,787.04,2025-04-04T07:06:00,B2B
3244,47,3,292.77,2026-02-08T05:08:00,B2B
3245,30,1,288.3,2025-04-01T01:09:00,MAGASIN
3246,51,6,808.75,2025-03-16T15:29:00,MAGASIN
3247,187,3,689.48,2025-06-21T05:52:00,B2B
3248,3,3,986.26,2025-09-18T21:59:00,MAGASIN
3249,44,8,863.98,2025-04-26T06:01:00,WEB
3250,147,4,686.1,2025-09-09T04:16:00,MAGASIN
3251,111,1,658.62,2025-10-31T18:07:00,B2B
3252,2,8,162.1,2025-06-29T03:58:00,B2B
3253,27,8,252.52,2026-01-03T12:57:00,MAGASIN
3254,76,7,509.11,2026-02-20T07:28:00,WEB
3255,148,3,630.55,2025-03-18T22:26:00,WEB
3256,22,3,370.17,2025-12-17T03:05:00,WEB
3257,12,1,170.39,2025-05-09T05:21:00,WEB
3258,148,5,567.25,2026-01-01T20:11:00,B2B
3259,16,4,149.05,2025-08-03T14:07:00,MAGASIN
3260,121,3,202.67,2025-03-07T12:21:00,MAGASIN
3261,81,7,79.08,2025-06-12T15:27:00,MAGASIN
3262,179,3,1006.82,2025-05-14T02:16:00,B2B
3263,110,8,407.5,2026-01-19T13:41:00,B2B
3264,146,6,541.29,2025-03-19T04:01:00,WEB
3265,125,2,819.25,2025-05-05T14:32:00,WEB
3266,23,2,808.71,2025-04-03T01:13:00,MAGASIN
3267,57,7,952.79,2025-11-04T12:21:00,WEB
3268,46,4,1137.52,2025-10-13T23:39:00,B2B
3269,185,7,72.0,2025-07-26T16:08:00,B2B
3270,70,4,566.15,2025-05-25T09:57:00,WEB
3271,78,3,854.7,2025-12-29T20:06:00,B2B
3272,87,5,783.76,2025-04-27T01:03:00,B2B
3273,182,7,1070.42,2025-09-13T02:23:00,MAGASIN
3274,60,7,511.48,2025-03-29T11:33:00,WEB
3275,58,2,968.92,2025-11-07T09:03:00,B2B
3276,1,2,123.84,2025-05-12T06:57:00,MAGASIN
3277,105,4,73.31,2025-05-18T18:49:00,MAGASIN
3278,41,7,640.63,2025-09-02T15:02:00,WEB
3279,21,2,801.4,2025-04-04T05:29:00,WEB
3280,84,2,232.18,2025-07-11T04:53:00,MAGASIN
3281,103,1,235.38,2025-04-04T17:43:00,WEB
3282,137,4,369.05,2026-02-12T14:21:00,MAGASIN
3283,156,2,613.13,2026-02-09T23:34:00,B2B
3284,139,2,521.78,2025-04-24T06:16:00,MAGASIN
3285,22,7,461.95,2025-07-01T05:12:00,WEB
3286,74,1,330.51,2025-03-05T16:15:00,MAGASIN
3287,87,1,778.71,2025-03-28T10:43:00,MAGASIN
3288,97,8,573.44,2026-01-01T22:24:00,WEB
3289,95,2,314.34,2026-02-17T13:22:00,MAGASIN
3290,139,7,472.51,2025-09-11T17:14:00,WEB
3291,91,6,779.51,2025-02-27T06:48:00,B2B
3292,94,7,860.44,2025-08-13T00:15:00,B2B
3293,63,5,1223.32,2025-07-05T07:54:00,WEB
3294,133,2,575.92,2026-02-23T08:20:00,B2B
3295,161,4,106.74,2025-11-28T22:55:00,B2B
3296,56,1,788.33,2025-06-20T03:11:00,B2B
3297,109,3,393.49,2025-10-22T01:49:00,B2B
3298,140,2,112.23,2026-01-14T03:13:00,MAGASIN
3299,189,8,721.95,2025-07-04T10:54:00,B2B
3300,8,8,271.17,2025-06-14T15:41:00,WEB
3301,112,1,783.06,2026-01-26T15:05:00,WEB
3302,156,8,759.81,2025-07-31T13:29:00,WEB
3303,77,6,683.17,2025-05-23T14:09:00,WEB
3304,23,7,638.51,2026-01-25T15:24:00,MAGASIN
3305,169,5,336.32,2026-02-12T01:04:00,WEB
3306,78,5,1061.39,2025-09-20T05:33:00,WEB
3307,38,2,342.16,2025-07-26T12:45:00,B2B
3308,117,4,669.63,2025-05-04T02:57:00,WEB
3309,191,7,555.52,2025-06-23T12:16:00,B2B
3310,77,3,755.11,2026-02-19T16:54:00,B2B
3311,127,1,146.34,2025-08-03T12:10:00,MAGASIN
3312,72,6,945.88,2026-01-28T08:32:00,MAGASIN
3313,84,1,183.07,2025-03-18T04:34:00,MAGASIN
3314,146,3,596.58,2025-12-14T09:53:00,MAGASIN
3315,156,4,676.2,2025-08-27T18:03:00,WEB
3316,162,8,532.77,2025-11-30T10:39:00,MAGASIN
3317,33,7,411.46,2026-01-07T17:39:00,WEB
3318,2,2,161.8,2025-03-20T06:52:00,MAGASIN
3319,165,1,1103.07,2026-01-31T18:40:00,B2B
3320,103,8,205.42,2025-09-21T23:11:00,B2B
3321,96,4,115.3,2025-10-30T20:12:00,WEB
3322,179,4,913.21,2025-09-14T10:49:00,WEB
3323,50,2,93.31,2025-06-11T15:26:00,WEB
3324,145,3,446.91,2026-01-01T12:51:00,WEB
3325,134,8,849.88,2026-01-25T11:36:00,MAGASIN
3326,184,1,1058.92,2025-11-12T19:50:00,B2B
3327,183,1,761.66,2025-07-03T23:54:00,MAGASIN
3328,180,6,466.95,2025-09-07T08:44:00,WEB
3329,26,3,527.21,2026-01-04T06:26:00,B2B
3330,50,5,85.7,2026-02-19T03:56:00,MAGASIN
3331,152,5,307.46,2025-10-13T01:15:00,WEB
3332,112,7,761.8,2025-05-05T01:36:00,WEB
3333,116,2,598.88,2026-01-05T08:53:00,WEB
3334,94,8,778.39,2025-03-09T15:53:00,WEB
3335,159,3,402.89,2025-11-12T23:57:00,MAGASIN
3336,34,4,225.4,2025-07-11T21:35:00,MAGASIN
3337,170,4,744.61,2025-03-08T12:02:00,B2B
3338,159,8,399.96,2025-04-12T00:50:00,WEB
3339,35,3,894.49,2025-07-15T23:07:00,B2B
3340,55,1,339.74,2025-07-26T08:33:00,B2B
3341,183,2,947.36,2026-01-10T08:02:00,MAGASIN
3342,11,2,600.9,2026-02-11T02:11:00,MAGASIN
3343,85,3,458.37,2025-04-01T22:41:00,WEB
3344,107,7,418.63,2025-02-28T12:55:00,B2B
3345,92,4,235.59,2025-06-30T02:20:00,B2B
3346,200,4,347.44,2025-05-09T18:13:00,WEB
3347,55,3,278.78,2025-09-22T15:27:00,MAGASIN
3348,126,7,308.05,2025-04-26T00:15:00,WEB
3349,103,6,240.43,2025-09-20T17:24:00,MAGASIN
3350,142,2,242.27,2025-10-18T10:45:00,B2B
3351,198,5,456.24,2025-09-04T02:45:00,B2B
3352,181,2,624.86,2026-01-18T11:58:00,WEB
3353,140,2,136.64,2025-05-17T18:51:00,B2B
3354,69,5,567.04,2025-04-08T05:09:00,B2B
3355,78,5,962.58,2025-06-03T12:10:00,B2B
3356,80,5,1002.56,2025-09-11T21:16:00,B2B
3357,95,8,240.57,2025-12-17T04:13:00,MAGASIN
3358,98,1,902.38,2025-06-26T21:46:00,MAGASIN
3359,70,4,589.66,2025-05-29T19:32:00,B2B
3360,102,2,833.25,2025-12-21T17:14:00,WEB
3361,94,3,890.82,2025-09-08T00:24:00,WEB
3362,45,1,43.57,2025-07-30T09:32:00,B2B
3363,174,8,291.31,2025-05-15T23:45:00,MAGASIN
3364,66,7,305.56,2025-05-16T11:50:00,WEB
3365,55,2,285.58,2025-04-26T21:12:00,B2B
3366,41,2,762.61,2025-06-10T00:47:00,MAGASIN
3367,160,5,813.44,2025-05-30T03:40:00,MAGASIN
3368,101,2,190.68,2025-09-02T20:17:00,MAGASIN
3369,118,6,25.79,2025-08-08T03:34:00,B2B
3370,193,7,785.94,2025-12-06T02:31:00,B2B
3371,32,5,435.14,2025-10-12T12:34:00,WEB
3372,152,8,297.21,2025-09-04T17:19:00,WEB
3373,99,4,278.35,2025-10-25T06:44:00,WEB
3374,1,2,118.36,2025-12-24T03:51:00,B2B
3375,176,5,312.34,2025-05-16T20:47:00,MAGASIN
3376,92,4,194.05,2026-01-29T06:24:00,MAGASIN
3377,7,3,451.26,2025-03-29T18:51:00,WEB
3378,18,8,832.68,2025-07-23T10:02:00,B2B
3379,104,4,316.53,2025-03-07T06:50:00,B2B
3380,105,8,72.57,2025-10-01T22:17:00,B2B
3381,170,8,734.49,2025-06-22T16:40:00,WEB
3382,48,6,8.18,2025-03-23T04:38:00,MAGASIN
3383,37,2,420.65,2025-11-07T12:39:00,MAGASIN
3384,87,4,709.79,2025-10-20T02:48:00,WEB
3385,110,4,362.97,2025-07-03T22:33:00,WEB
3386,77,5,745.45,2026-02-15T17:20:00,MAGASIN
3387,47,2,302.57,2026-01-20T04:14:00,WEB
3388,194,8,329.06,2025-11-26T23:04:00,MAGASIN
3389,42,2,317.81,2025-08-07T00:13:00,WEB
3390,82,1,69.75,2025-12-10T11:08:00,WEB
3391,4,6,430.59,2025-06-04T17:14:00,MAGASIN
3392,39,5,944.53,2025-05-06T05:48:00,B2B
3393,137,7,294.6,2025-08-12T07:23:00,MAGASIN
3394,103,6,240.33,2025-11-26T07:38:00,B2B
3395,51,1,1052.3,2025-09-19T18:18:00,WEB
3396,27,5,282.43,2026-01-09T10:07:00,MAGASIN
3397,118,3,27.1,2025-06-17T15:15:00,MAGASIN
3398,169,6,323.29,2026-01-30T18:19:00,MAGASIN
3399,114,4,17.71,2025-04-24T09:30:00,MAGASIN
3400,13,5,873.03,2025-06-11T12:23:00,B2B
3401,7,6,462.07,2025-10-14T18:04:00,WEB
3402,134,5,855.86,2025-04-08T22:41:00,WEB
3403,27,5,223.4,2026-02-23T02:28:00,B2B
3404,195,6,402.27,2026-01-18T13:16:00,MAGASIN
3405,35,2,847.55,2025-04-02T17:31:00,MAGASIN
3406,102,5,965.51,2025-03-18T23:41:00,B2B
3407,61,4,660.76,2026-02-21T04:16:00,B2B
3408,153,2,636.18,2025-09-23T20:03:00,B2B
3409,48,5,9.47,2025-12-18T09:04:00,WEB
3410,72,2,1067.11,2025-07-20T13:45:00,WEB
3411,189,7,625.12,2025-07-16T06:39:00,WEB
3412,26,7,517.68,2025-09-28T16:35:00,B2B
3413,30,2,297.72,2025-08-03T07:37:00,MAGASIN
3414,80,2,817.6,2025-06-18T20:33:00,WEB
3415,141,3,781.39,2025-09-18T10:20:00,B2B
3416,53,3,213.74,2025-09-13T22:00:00,MAGASIN
3417,43,4,533.04,2025-03-08T20:10:00,MAGASIN
3418,70,2,626.56,2026-01-30T21:55:00,MAGASIN
3419,166,8,138.99,2025-09-23T09:44:00,WEB
3420,176,8,261.25,2025-05-11T10:54:00,WEB
3421,34,4,248.34,2025-06-15T22:49:00,WEB
3422,178,3,331.6,2025-10-15T08:13:00,MAGASIN
3423,192,8,211.04,2026-02-04T05:49:00,WEB
3424,115,5,952.05,2025-11-20T10:16:00,WEB
3425,46,5,1138.43,2025-03-16T09:57:00,MAGASIN
3426,162,6,477.52,2025-03-25T14:35:00,B2B
3427,34,1,202.15,2025-06-24T01:49:00,MAGASIN
3428,193,4,641.65,2025-03-05T20:14:00,MAGASIN
3429,131,7,109.88,2025-03-09T16:47:00,WEB
3430,90,4,572.32,2025-05-04T09:37:00,B2B
3431,168,1,761.2,2025-03-11T17:28:00,B2B
3432,129,1,724.72,2025-12-18T06:41:00,MAGASIN
3433,116,4,555.92,2025-07-27T01:52:00,B2B
3434,71,5,1026.39,2026-01-02T02:04:00,WEB
3435,154,1,234.56,2025-10-14T14:31:00,MAGASIN
3436,126,3,301.79,2025-08-05T03:59:00,B2B
3437,198,3,444.1,2025-10-22T02:27:00,B2B
3438,5,1,364.08,2025-03-14T03:49:00,MAGASIN
3439,108,8,526.63,2025-05-20T19:20:00,B2B
3440,81,4,78.66,2026-02-24T04:51:00,MAGASIN
3441,31,3,1052.9,2025-06-08T06:54:00,MAGASIN
3442,82,4,86.88,2025-11-29T01:03:00,WEB
3443,37,4,421.15,2025-09-23T15:52:00,WEB
3444,15,4,482.27,2025-05-18T07:01:00,B2B
3445,150,5,1115.08,2025-05-25T02:50:00,MAGASIN
3446,33,3,366.34,2025-06-14T00:41:00,WEB
3447,31,8,1179.83,2026-01-16T22:28:00,WEB
3448,51,3,1033.59,2026-01-01T16:19:00,B2B
3449,82,3,90.04,2026-01-16T15:38:00,WEB
3450,115,3,993.42,2025-12-09T08:59:00,B2B
3451,157,8,954.02,2025-10-15T15:50:00,B2B
3452,175,8,952.76,2025-11-16T22:47:00,WEB
3453,166,1,163.54,2025-06-03T17:10:00,MAGASIN
3454,38,1,425.89,2026-01-31T11:18:00,B2B
3455,64,1,951.99,2025-04-05T09:29:00,B2B
3456,171,7,618.88,2025-06-24T12:28:00,WEB
3457,125,2,920.08,2025-09-17T09:07:00,WEB
3458,57,4,960.53,2025-06-16T05:58:00,B2B
3459,192,5,212.01,2025-03-18T22:40:00,WEB
3460,174,8,360.91,2025-08-16T20:21:00,B2B
3461,135,2,790.21,2025-12-10T00:17:00,B2B
3462,103,3,190.49,2025-10-06T06:58:00,WEB
3463,41,3,699.7,2025-10-15T02:52:00,MAGASIN
3464,116,4,614.87,2025-07-13T19:57:00,B2B
3465,178,1,334.17,2026-01-25T20:32:00,WEB
3466,178,7,331.02,2025-07-09T09:05:00,WEB
3467,29,1,204.21,2025-07-27T09:15:00,WEB
3468,178,1,298.07,2025-02-28T08:53:00,WEB
3469,133,1,724.29,2025-10-29T23:09:00,B2B
3470,35,4,1121.2,2025-03-18T02:14:00,MAGASIN
3471,144,4,163.36,2025-11-04T14:53:00,MAGASIN
3472,200,6,460.73,2025-03-02T13:10:00,MAGASIN
3473,158,4,1049.52,2026-01-29T16:28:00,WEB
3474,69,4,561.21,2026-01-04T16:32:00,B2B
3475,147,6,670.95,2025-03-08T23:10:00,B2B
3476,161,2,134.23,2025-04-17T06:29:00,B2B
3477,119,4,221.43,2025-12-18T01:49:00,WEB
3478,135,1,623.57,2025-04-14T05:51:00,B2B
3479,170,7,727.44,2025-11-11T05:54:00,MAGASIN
3480,71,7,1032.45,2025-07-06T06:34:00,MAGASIN
3481,139,2,431.88,2025-08-12T05:56:00,B2B
3482,101,8,176.14,2026-02-06T09:19:00,B2B
3483,192,7,235.46,2025-10-18T15:08:00,MAGASIN
3484,140,6,137.05,2026-01-16T22:54:00,MAGASIN
3485,113,3,911.88,2025-09-14T13:04:00,B2B
3486,27,1,279.92,2025-06-02T08:52:00,MAGASIN
3487,58,1,920.74,2025-12-21T18:19:00,MAGASIN
3488,125,6,954.67,2025-12-07T20:17:00,MAGASIN
3489,125,3,946.72,2025-10-26T21:05:00,MAGASIN
3490,74,2,332.41,2025-08-13T11:05:00,WEB
3491,119,8,282.43,2025-08-23T05:32:00,WEB
3492,29,5,202.25,2025-08-02T23:38:00,WEB
3493,101,6,194.73,2025-04-06T09:42:00,B2B
3494,60,5,466.74,2025-03-10T03:26:00,B2B
3495,130,8,371.3,2026-01-09T10:16:00,WEB
3496,41,3,706.17,2025-05-13T21:12:00,MAGASIN
3497,100,1,343.21,2025-09-13T16:12:00,B2B
3498,17,2,63.83,2026-02-20T23:58:00,WEB
3499,139,4,539.15,2025-12-29T07:07:00,MAGASIN
3500,123,5,107.07,2026-01-21T05:26:00,MAGASIN
3501,54,3,136.66,2025-11-23T13:57:00,MAGASIN
3502,60,3,514.53,2025-12-06T08:05:00,WEB
3503,68,6,914.78,2025-10-04T14:02:00,WEB
3504,133,8,695.26,2025-02-28T04:07:00,WEB
3505,174,8,359.71,2026-01-19T09:41:00,WEB
3506,143,7,673.22,2025-07-11T05:11:00,MAGASIN
3507,2,7,149.24,2025-12-27T17:30:00,B2B
3508,43,4,415.2,2025-07-10T11:55:00,B2B
3509,155,4,667.5,2026-02-11T06:29:00,WEB
3510,145,1,462.21,2025-04-25T21:49:00,MAGASIN
3511,22,3,363.36,2025-08-03T17:40:00,WEB
3512,123,2,103.84,2026-02-09T18:03:00,B2B
3513,84,2,234.07,2025-04-21T17:48:00,B2B
3514,74,5,337.49,2025-11-01T08:17:00,MAGASIN
3515,129,5,763.5,2026-02-12T00:03:00,WEB
3516,179,3,1094.94,2026-01-28T22:44:00,B2B
3517,18,3,1031.63,2025-06-15T03:53:00,B2B
3518,102,7,825.92,2025-07-21T02:31:00,MAGASIN
3519,25,8,396.78,2025-12-02T04:13:00,B2B
3520,56,8,902.94,2025-08-31T21:47:00,B2B
3521,137,5,384.15,2025-05-31T20:41:00,B2B
3522,98,8,889.99,2025-05-14T04:06:00,WEB
3523,18,3,1075.52,2026-02-25T07:14:00,B2B
3524,110,6,409.83,2025-10-22T07:39:00,WEB
3525,11,6,609.67,2025-08-04T06:42:00,B2B
3526,55,5,310.23,2026-01-30T20:57:00,MAGASIN
3527,141,8,698.62,2025-03-01T04:21:00,WEB
3528,121,6,197.66,2026-02-02T19:02:00,MAGASIN
3529,184,2,1092.39,2025-03-25T18:04:00,MAGASIN
3530,96,5,94.86,2025-10-03T02:11:00,WEB
3531,161,1,120.89,2025-10-23T03:00:00,B2B
3532,34,6,223.17,2025-10-21T10:30:00,B2B
3533,97,8,577.65,2025-03-22T08:27:00,WEB
3534,82,2,87.79,2025-08-02T17:26:00,MAGASIN
3535,104,8,326.8,2025-04-14T15:00:00,MAGASIN
3536,118,4,26.66,2025-07-03T00:52:00,B2B
3537,29,8,196.43,2025-08-11T15:26:00,MAGASIN
3538,74,6,333.46,2025-09-24T15:59:00,B2B
3539,93,7,619.58,2025-09-09T23:18:00,WEB
3540,144,5,160.42,2026-01-21T03:43:00,MAGASIN
3541,138,4,548.72,2025-09-12T01:35:00,MAGASIN
3542,152,4,279.08,2025-08-28T21:55:00,B2B
3543,163,7,1141.75,2025-11-22T10:21:00,B2B
3544,12,6,183.88,2025-05-27T15:35:00,B2B
3545,68,4,989.08,2025-09-07T02:16:00,B2B
3546,50,2,96.96,2025-07-17T18:33:00,MAGASIN
3547,139,5,539.88,2025-09-12T11:48:00,WEB
3548,115,7,945.43,2026-01-04T18:34:00,B2B
3549,183,8,954.32,2025-08-26T13:28:00,WEB
3550,152,8,303.73,2025-05-27T07:07:00,WEB
3551,132,1,888.59,2025-04-13T11:39:00,B2B
3552,193,8,702.38,2025-10-03T03:41:00,MAGASIN
3553,22,8,459.27,2025-04-05T09:28:00,WEB
3554,74,8,290.17,2025-03-14T09:59:00,B2B
3555,88,6,531.44,2025-05-20T00:28:00,WEB
3556,107,5,388.41,2025-10-31T18:06:00,WEB
3557,22,2,464.28,2025-09-15T10:37:00,MAGASIN
3558,22,6,428.27,2025-08-14T18:36:00,B2B
3559,145,2,548.89,2025-05-26T22:08:00,B2B
3560,39,1,1198.63,2026-02-03T06:40:00,MAGASIN
3561,109,5,367.87,2025-02-26T10:58:00,WEB
3562,163,5,1095.87,2025-05-14T17:05:00,WEB
3563,85,4,569.01,2025-06-08T07:48:00,MAGASIN
3564,68,4,990.53,2025-03-30T19:38:00,B2B
3565,176,3,327.92,2025-06-15T03:49:00,WEB
3566,110,7,362.45,2025-09-15T17:44:00,B2B
3567,197,2,231.04,2026-02-09T05:59:00,B2B
3568,22,1,471.95,2026-02-06T23:47:00,WEB
3569,105,2,58.23,2025-07-03T07:00:00,WEB
3570,66,5,247.03,2025-03-08T04:02:00,WEB
3571,37,8,385.44,2025-03-08T08:11:00,MAGASIN
3572,188,5,79.34,2025-12-06T12:57:00,B2B
3573,30,6,325.41,2025-11-15T12:48:00,B2B
3574,41,8,717.41,2026-01-20T05:31:00,MAGASIN
3575,97,3,565.54,2025-10-02T19:22:00,MAGASIN
3576,29,1,199.08,2025-06-29T02:58:00,WEB
3577,79,7,559.88,2026-02-16T06:46:00,WEB
3578,68,2,987.23,2025-06-22T00:40:00,MAGASIN
3579,25,3,416.45,2025-11-14T16:53:00,MAGASIN
3580,70,8,572.3,2025-08-17T18:54:00,B2B
3581,8,4,268.58,2025-07-10T12:54:00,WEB
3582,144,7,164.15,2025-03-08T11:27:00,MAGASIN
3583,157,8,941.98,2025-03-18T17:19:00,WEB
3584,9,3,59.54,2025-06-02T14:16:00,WEB
3585,56,6,982.22,2025-08-23T12:19:00,MAGASIN
3586,169,2,324.36,2025-10-15T02:23:00,WEB
3587,49,6,703.28,2025-05-07T12:45:00,B2B
3588,100,6,387.45,2025-10-10T05:14:00,B2B
3589,75,5,592.19,2025-08-26T02:18:00,WEB
3590,81,3,80.86,2026-01-21T23:52:00,MAGASIN
3591,130,8,360.12,2026-02-26T03:32:00,B2B
3592,163,7,1089.35,2026-02-15T14:52:00,MAGASIN
3593,2,1,149.23,2025-10-03T10:26:00,WEB
3594,37,2,433.6,2026-02-06T22:27:00,WEB
3595,77,3,698.39,2025-09-02T02:39:00,B2B
3596,99,3,288.96,2025-11-25T18:21:00,B2B
3597,83,5,141.18,2025-10-04T20:31:00,WEB
3598,128,4,569.47,2025-04-25T00:51:00,B2B
3599,106,1,246.94,2025-07-03T23:07:00,B2B
3600,166,8,180.84,2025-12-16T01:45:00,B2B
3601,49,6,727.15,2026-01-15T09:04:00,MAGASIN
3602,78,8,1053.3,2025-06-24T23:58:00,B2B
3603,2,8,168.47,2025-08-10T19:31:00,WEB
3604,88,4,528.34,2025-05-23T18:31:00,MAGASIN
3605,40,7,41.02,2025-12-06T19:39:00,MAGASIN
3606,78,4,1076.93,2025-07-08T16:03:00,MAGASIN
3607,1,2,109.21,2025-10-16T10:44:00,MAGASIN
3608,64,1,948.9,2025-04-24T13:13:00,MAGASIN
3609,139,6,534.44,2025-03-08T18:57:00,MAGASIN
3610,12,2,181.03,2025-03-09T23:43:00,MAGASIN
3611,94,1,702.24,2025-05-04T06:57:00,MAGASIN
3612,66,1,274.72,2025-03-24T05:07:00,MAGASIN
3613,187,8,671.1,2025-08-04T07:42:00,WEB
3614,134,5,859.99,2025-12-09T18:38:00,WEB
3615,100,6,406.15,2025-07-02T13:37:00,WEB
3616,80,3,911.37,2025-05-05T18:29:00,MAGASIN
3617,155,4,749.4,2025-12-14T12:52:00,WEB
3618,157,5,921.84,2025-12-18T18:12:00,WEB
3619,15,6,503.46,2025-11-29T17:28:00,B2B
3620,141,8,803.92,2026-01-19T01:42:00,B2B
3621,180,4,409.22,2025-03-23T13:31:00,MAGASIN
3622,31,3,914.84,2025-10-20T22:42:00,WEB
3623,183,4,1000.99,2025-08-18T19:12:00,WEB
3624,87,6,687.57,2025-11-14T17:14:00,WEB
3625,124,8,462.98,2025-03-31T10:47:00,B2B
3626,112,6,766.89,2025-05-28T12:28:00,WEB
3627,92,5,193.69,2025-04-10T11:06:00,MAGASIN
3628,89,8,769.39,2025-11-06T03:59:00,B2B
3629,83,2,146.59,2025-10-12T02:11:00,MAGASIN
3630,146,4,585.76,2025-08-01T06:31:00,MAGASIN
3631,118,6,25.83,2026-02-14T13:35:00,B2B
3632,89,6,701.41,2025-08-24T20:58:00,B2B
3633,161,2,109.36,2025-05-15T07:35:00,MAGASIN
3634,23,6,800.43,2025-05-18T07:22:00,MAGASIN
3635,188,8,82.59,2025-12-24T05:31:00,B2B
3636,48,7,10.44,2025-06-12T17:19:00,WEB
3637,44,5,840.12,2025-11-23T22:36:00,MAGASIN
3638,200,2,400.76,2025-08-04T04:11:00,MAGASIN
3639,88,5,548.93,2025-10-23T13:12:00,B2B
3640,33,2,351.82,2025-04-23T14:15:00,B2B
3641,1,3,110.68,2025-03-22T16:49:00,MAGASIN
3642,179,8,996.25,2025-10-23T19:39:00,MAGASIN
3643,31,3,1186.42,2025-10-27T22:09:00,B2B
3644,157,1,970.89,2025-09-13T10:15:00,MAGASIN
3645,21,8,1001.28,2025-12-18T21:13:00,WEB
3646,102,4,960.69,2026-01-23T21:27:00,B2B
3647,117,1,581.08,2025-03-30T21:24:00,MAGASIN
3648,90,1,565.9,2025-03-14T13:41:00,MAGASIN
3649,28,2,518.11,2025-11-05T20:51:00,WEB
3650,1,8,119.55,2025-11-20T15:08:00,B2B
3651,6,6,1250.23,2025-10-07T02:00:00,WEB
3652,66,8,274.64,2026-01-01T03:25:00,B2B
3653,151,5,226.06,2025-11-20T10:25:00,WEB
3654,86,4,247.09,2025-04-17T14:25:00,MAGASIN
3655,200,1,453.66,2025-07-16T06:06:00,WEB
3656,171,5,603.93,2025-09-11T06:41:00,MAGASIN
3657,114,8,21.58,2025-08-17T03:00:00,MAGASIN
3658,109,7,396.19,2025-06-23T19:39:00,MAGASIN
3659,193,5,805.13,2025-10-19T15:38:00,B2B
3660,10,7,292.05,2025-07-16T08:41:00,MAGASIN
3661,195,4,438.59,2026-02-19T10:47:00,B2B
3662,126,2,272.15,2026-02-17T02:18:00,WEB
3663,114,6,22.07,2025-10-11T18:09:00,MAGASIN
3664,87,4,684.44,2025-03-11T15:24:00,WEB
3665,134,7,825.44,2025-06-05T04:28:00,WEB
3666,200,4,446.08,2025-09-07T23:49:00,WEB
3667,67,7,673.67,2025-04-05T06:00:00,WEB
3668,126,2,341.92,2025-11-06T08:04:00,WEB
3669,176,8,325.0,2025-09-08T19:50:00,B2B
3670,161,3,129.8,2026-02-03T22:14:00,MAGASIN
3671,55,5,351.26,2025-12-20T22:48:00,B2B
3672,123,4,116.7,2025-05-19T14:37:00,MAGASIN
3673,14,3,834.11,2026-01-08T13:18:00,MAGASIN
3674,104,7,401.54,2025-07-29T05:43:00,WEB
3675,130,7,367.99,2025-04-14T14:21:00,WEB
3676,139,6,538.42,2025-03-08T20:07:00,WEB
3677,76,6,628.9,2025-09-15T16:16:00,WEB
3678,128,4,740.31,2025-06-20T13:23:00,MAGASIN
3679,139,4,426.03,2026-01-12T07:19:00,WEB
3680,28,7,534.52,2025-07-27T11:46:00,MAGASIN
3681,132,1,897.04,2025-04-24T21:54:00,MAGASIN
3682,98,3,796.19,2025-09-28T04:10:00,WEB
3683,174,5,370.92,2025-03-22T05:53:00,B2B
3684,67,1,704.79,2025-07-22T12:19:00,WEB
3685,91,2,1021.33,2025-11-26T10:30:00,MAGASIN
3686,118,6,26.49,2025-11-03T12:54:00,WEB
3687,94,7,862.85,2025-12-04T05:47:00,B2B
3688,84,7,184.26,2025-09-10T20:39:00,B2B
3689,55,1,304.09,2025-04-28T14:29:00,B2B
3690,110,8,404.15,2025-08-01T00:08:00,WEB
3691,22,3,376.13,2025-10-10T05:02:00,MAGASIN
3692,199,5,397.47,2025-10-17T20:41:00,B2B
3693,99,4,284.23,2025-06-11T05:51:00,B2B
3694,26,5,474.3,2025-04-03T04:46:00,WEB
3695,164,3,916.97,2025-04-19T22:27:00,B2B
3696,21,7,890.52,2025-03-11T02:28:00,WEB
3697,68,8,811.69,2025-06-03T10:07:00,MAGASIN
3698,34,1,260.54,2025-07-07T21:26:00,WEB
3699,158,5,880.42,2025-10-21T20:18:00,WEB
3700,193,8,723.52,2025-03-21T21:28:00,B2B
3701,30,6,295.31,2025-11-02T00:24:00,WEB
3702,6,6,1363.46,2025-10-10T21:24:00,B2B
3703,150,5,1145.17,2025-03-06T04:26:00,MAGASIN
3704,32,8,441.25,2025-10-02T18:36:00,MAGASIN
3705,114,5,22.76,2026-02-12T14:38:00,MAGASIN
3706,135,6,799.16,2025-06-15T05:19:00,MAGASIN
3707,144,2,203.87,2026-02-01T00:45:00,WEB
3708,58,2,969.31,2025-05-18T05:53:00,B2B
3709,150,3,1160.99,2025-10-19T11:58:00,MAGASIN
3710,139,6,427.3,2025-10-17T02:19:00,B2B
3711,118,3,25.76,2025-08-06T16:54:00,MAGASIN
3712,3,7,955.63,2025-07-18T09:07:00,B2B
3713,199,3,400.17,2025-05-06T12:08:00,MAGASIN
3714,83,5,129.05,2025-03-20T22:07:00,B2B
3715,168,3,604.94,2025-11-05T12:24:00,B2B
3716,129,8,748.74,2025-08-07T04:18:00,WEB
3717,73,5,941.54,2026-01-19T18:55:00,B2B
3718,98,1,900.67,2025-08-31T04:03:00,MAGASIN
3719,181,7,784.34,2025-12-14T09:51:00,WEB
3720,70,4,657.51,2025-08-15T21:53:00,B2B
3721,137,8,333.23,2026-01-28T01:40:00,WEB
3722,42,5,389.41,2025-06-17T00:37:00,MAGASIN
3723,190,1,658.5,2025-05-11T10:44:00,WEB
3724,147,5,547.01,2025-06-08T16:09:00,B2B
3725,91,7,893.83,2026-02-04T20:33:00,B2B
3726,195,7,351.67,2025-07-09T09:27:00,B2B
3727,36,5,712.87,2025-04-16T09:11:00,B2B
3728,54,1,179.09,2025-11-02T03:35:00,B2B
3729,145,4,553.01,2025-12-24T11:14:00,B2B
3730,177,7,1142.89,2025-12-31T03:37:00,WEB
3731,34,4,231.21,2025-08-09T06:48:00,MAGASIN
3732,173,4,38.91,2025-07-10T21:31:00,WEB
3733,138,1,548.11,2025-07-08T14:35:00,MAGASIN
3734,65,7,242.23,2025-09-07T14:40:00,WEB
3735,57,7,788.12,2025-11-11T11:48:00,MAGASIN
3736,54,3,172.11,2025-03-26T19:04:00,MAGASIN
3737,73,3,865.81,2026-01-08T22:46:00,B2B
3738,141,3,631.7,2026-02-11T14:19:00,B2B
3739,189,4,693.24,2025-06-16T00:58:00,MAGASIN
3740,86,8,246.53,2025-03-04T05:09:00,B2B
3741,121,6,200.82,2025-04-27T23:55:00,B2B
3742,175,3,1046.68,2025-04-16T19:04:00,MAGASIN
3743,114,1,20.36,2025-10-03T13:04:00,B2B
3744,2,6,150.1,2026-02-01T00:01:00,B2B
3745,164,2,942.62,2026-01-16T16:22:00,MAGASIN
3746,106,7,227.38,2025-09-20T04:45:00,WEB
3747,144,4,206.75,2026-01-13T16:25:00,B2B
3748,176,4,327.48,2025-10-22T06:48:00,B2B
3749,117,4,736.14,2025-03-04T11:56:00,MAGASIN
3750,73,8,755.56,2025-03-19T10:56:00,WEB
3751,108,2,413.32,2025-03-21T00:40:00,MAGASIN
3752,166,2,143.34,2026-02-21T11:16:00,B2B
3753,39,3,964.25,2025-12-04T16:56:00,B2B
3754,149,6,100.0,2025-02-26T02:27:00,B2B
3755,38,1,336.07,2026-01-25T22:17:00,B2B
3756,177,2,1215.41,2026-02-23T08:50:00,MAGASIN
3757,168,8,603.36,2025-09-26T00:32:00,MAGASIN
3758,24,5,558.17,2025-10-13T21:00:00,MAGASIN
3759,79,5,543.41,2025-10-21T19:39:00,MAGASIN
3760,69,5,576.37,2026-01-10T08:28:00,WEB
3761,192,8,183.24,2026-02-04T19:47:00,B2B
3762,164,4,933.34,2026-01-16T22:22:00,MAGASIN
3763,153,2,639.38,2026-02-21T14:19:00,WEB
3764,197,3,229.29,2025-10-27T14:03:00,B2B
3765,40,5,41.46,2025-12-15T12:58:00,WEB
3766,53,2,208.36,2026-01-29T11:12:00,B2B
3767,76,5,572.46,2026-01-24T06:31:00,B2B
3768,139,7,482.4,2026-01-13T01:30:00,WEB
3769,180,3,450.64,2025-05-14T10:52:00,B2B
3770,127,6,182.84,2025-02-28T06:20:00,MAGASIN
3771,177,5,1243.66,2026-01-25T22:14:00,MAGASIN
3772,89,3,741.33,2025-11-10T22:36:00,WEB
3773,106,3,285.1,2025-09-13T20:40:00,B2B
3774,132,1,840.86,2026-02-05T14:22:00,WEB
3775,71,7,1008.15,2025-05-14T23:37:00,B2B
3776,165,6,1162.36,2025-03-27T21:30:00,MAGASIN
3777,13,5,870.55,2025-06-26T17:07:00,WEB
3778,144,8,200.29,2025-09-10T19:36:00,B2B
3779,134,5,851.36,2025-09-28T20:46:00,WEB
3780,142,1,240.69,2025-11-29T02:01:00,WEB
3781,192,8,238.81,2026-02-19T23:51:00,WEB
3782,139,3,529.71,2025-11-17T13:09:00,WEB
3783,80,2,1046.53,2025-08-21T08:03:00,B2B
3784,52,3,500.53,2025-06-12T11:06:00,WEB
3785,26,5,504.35,2025-11-03T13:07:00,B2B
3786,78,2,823.97,2025-04-01T01:28:00,WEB
3787,89,6,688.92,2025-07-10T00:42:00,B2B
3788,60,4,501.33,2025-10-31T22:43:00,MAGASIN
3789,171,6,610.71,2025-05-22T21:28:00,B2B
3790,90,4,502.03,2025-09-04T23:06:00,MAGASIN
3791,93,1,475.61,2025-04-27T04:43:00,B2B
3792,168,5,754.25,2025-10-27T09:01:00,MAGASIN
3793,46,4,1135.0,2025-03-07T07:36:00,B2B
3794,88,1,417.57,2025-12-08T20:00:00,MAGASIN
3795,140,5,113.73,2025-06-18T02:17:00,MAGASIN
3796,116,6,632.59,2026-01-24T17:06:00,B2B
3797,72,7,1214.75,2025-09-13T21:26:00,B2B
3798,26,5,498.95,2025-07-19T20:20:00,B2B
3799,68,1,812.27,2025-07-09T05:03:00,WEB
3800,5,1,464.1,2025-07-11T09:10:00,B2B
3801,108,1,429.01,2026-01-06T00:59:00,B2B
3802,57,2,790.88,2025-07-16T16:41:00,WEB
3803,52,3,512.31,2026-01-09T12:37:00,MAGASIN
3804,158,8,990.29,2025-09-15T17:54:00,MAGASIN
3805,140,7,136.99,2026-01-06T18:01:00,MAGASIN
3806,165,1,890.85,2026-02-10T19:40:00,B2B
3807,86,2,245.06,2025-05-30T16:39:00,MAGASIN
3808,38,8,335.91,2025-10-13T23:18:00,WEB
3809,166,8,182.03,2025-03-03T07:14:00,MAGASIN
3810,89,2,769.17,2025-04-11T06:01:00,MAGASIN
3811,112,5,772.95,2025-11-26T20:20:00,B2B
3812,182,5,1124.48,2026-01-20T11:14:00,B2B
3813,72,5,986.03,2025-06-20T09:19:00,WEB
3814,165,7,1142.17,2025-04-19T00:06:00,MAGASIN
3815,2,6,167.12,2025-08-22T21:07:00,WEB
3816,2,5,159.91,2025-08-29T01:48:00,MAGASIN
3817,65,5,218.51,2025-05-18T20:37:00,B2B
3818,37,7,425.02,2025-06-07T08:42:00,B2B
3819,127,4,183.79,2025-12-31T15:20:00,MAGASIN
3820,59,1,26.79,2026-02-01T06:54:00,MAGASIN
3821,18,2,931.44,2025-04-03T15:00:00,B2B
3822,120,7,745.87,2025-12-02T21:06:00,WEB
3823,130,5,359.38,2025-10-02T16:57:00,WEB
3824,193,8,622.57,2025-09-07T12:59:00,MAGASIN
3825,142,3,193.0,2025-06-01T03:26:00,WEB
3826,21,4,812.39,2025-07-07T03:55:00,B2B
3827,132,1,932.53,2025-06-20T16:10:00,MAGASIN
3828,79,7,532.2,2025-11-04T12:39:00,WEB
3829,112,7,613.14,2025-11-09T03:15:00,MAGASIN
3830,54,3,177.8,2025-11-16T07:46:00,WEB
3831,16,5,183.63,2025-04-20T15:45:00,B2B
3832,75,1,739.45,2025-12-07T11:38:00,B2B
3833,47,5,289.38,2025-08-23T06:01:00,B2B
3834,187,4,844.55,2025-12-27T23:28:00,B2B
3835,72,1,1183.74,2025-09-13T00:17:00,B2B
3836,133,3,721.18,2025-06-29T16:29:00,MAGASIN
3837,151,5,230.82,2025-03-27T15:29:00,B2B
3838,199,2,439.53,2025-11-15T19:42:00,MAGASIN
3839,185,5,69.34,2025-08-01T20:46:00,WEB
3840,49,4,713.58,2025-06-30T22:50:00,B2B
3841,101,4,198.07,2025-10-01T03:25:00,MAGASIN
3842,166,6,183.36,2025-07-04T09:18:00,MAGASIN
3843,192,8,237.77,2025-10-21T05:52:00,B2B
3844,49,7,581.67,2025-07-29T12:52:00,B2B
3845,27,5,227.35,2026-01-03T06:00:00,MAGASIN
3846,197,8,209.51,2025-10-07T13:18:00,WEB
3847,90,3,525.0,2025-08-20T23:29:00,MAGASIN
3848,122,4,983.38,2025-07-29T14:06:00,MAGASIN
3849,127,2,166.44,2025-11-26T20:42:00,WEB
3850,16,1,187.25,2025-04-21T13:27:00,WEB
3851,44,7,823.64,2025-11-07T19:45:00,WEB
3852,92,6,243.5,2025-06-17T14:30:00,B2B
3853,52,7,521.3,2025-08-09T08:46:00,MAGASIN
3854,103,1,229.27,2025-06-05T16:41:00,B2B
3855,152,8,309.94,2025-10-06T23:21:00,B2B
3856,150,4,1007.56,2025-10-13T04:16:00,B2B
3857,51,6,1059.83,2025-11-06T04:15:00,MAGASIN
3858,27,6,246.34,2025-09-30T19:15:00,WEB
3859,117,2,745.31,2025-06-02T06:22:00,B2B
3860,123,1,118.29,2026-01-12T17:33:00,WEB
3861,100,8,432.15,2025-11-06T18:10:00,B2B
3862,165,8,895.19,2025-03-31T09:38:00,MAGASIN
3863,77,5,734.39,2025-06-22T08:13:00,WEB
3864,88,4,486.33,2025-11-04T09:14:00,WEB
3865,154,2,215.22,2025-03-07T10:52:00,WEB
3866,63,7,1065.35,2025-03-26T22:12:00,MAGASIN
3867,120,3,650.39,2025-11-12T01:47:00,MAGASIN
3868,122,8,1012.51,2025-11-14T02:20:00,MAGASIN
3869,160,3,756.68,2026-01-19T20:28:00,MAGASIN
3870,190,7,600.0,2025-12-16T11:19:00,WEB
3871,57,6,966.77,2025-03-19T20:01:00,B2B
3872,164,8,847.58,2025-11-10T14:41:00,MAGASIN
3873,10,5,299.09,2025-07-12T04:17:00,B2B
3874,196,3,130.28,2025-05-03T16:06:00,B2B
3875,26,7,421.33,2025-07-31T19:02:00,B2B
3876,114,3,19.59,2025-05-11T11:26:00,WEB
3877,188,8,64.33,2025-07-10T10:46:00,MAGASIN
3878,96,3,113.06,2025-06-28T16:35:00,WEB
3879,93,6,481.84,2026-02-21T16:00:00,B2B
3880,51,4,1009.96,2025-06-15T05:57:00,WEB
3881,39,3,936.56,2026-02-24T03:30:00,WEB
3882,124,7,450.51,2025-12-25T07:49:00,MAGASIN
3883,107,7,427.64,2025-10-16T22:04:00,MAGASIN
3884,34,1,256.04,2025-12-14T18:03:00,WEB
3885,100,7,431.41,2026-01-15T01:34:00,B2B
3886,93,7,544.68,2025-08-07T10:49:00,WEB
3887,14,5,739.68,2025-11-07T06:09:00,B2B
3888,45,4,43.48,2025-03-19T00:27:00,B2B
3889,183,2,758.01,2025-11-23T11:04:00,WEB
3890,197,5,211.66,2025-05-08T06:37:00,WEB
3891,43,8,436.2,2025-11-11T13:24:00,MAGASIN
3892,174,8,357.37,2026-02-13T00:08:00,MAGASIN
3893,13,3,774.22,2025-07-20T15:06:00,MAGASIN
3894,151,7,235.91,2025-07-06T01:22:00,MAGASIN
3895,129,2,581.27,2025-03-04T10:34:00,MAGASIN
3896,183,2,996.5,2026-02-03T23:01:00,B2B
3897,121,8,194.26,2025-08-05T11:18:00,MAGASIN
3898,4,1,437.34,2025-04-01T16:16:00,MAGASIN
3899,56,3,989.04,2025-12-19T16:39:00,MAGASIN
3900,155,5,824.33,2026-01-06T18:44:00,WEB
3901,48,2,10.32,2025-12-13T00:04:00,WEB
3902,166,1,182.18,2025-05-07T15:54:00,B2B
3903,104,6,408.5,2025-10-16T12:50:00,MAGASIN
3904,114,7,17.76,2025-09-16T10:15:00,WEB
3905,78,6,1046.14,2026-02-13T04:19:00,B2B
3906,158,8,1041.12,2025-08-21T02:29:00,B2B
3907,170,4,746.55,2025-02-27T20:42:00,WEB
3908,26,5,421.39,2025-10-28T18:28:00,B2B
3909,148,5,526.01,2025-07-10T22:22:00,MAGASIN
3910,107,2,433.67,2025-05-20T05:52:00,WEB
3911,19,1,622.85,2025-10-17T14:23:00,B2B
3912,27,4,252.49,2025-03-26T10:44:00,B2B
3913,14,7,751.69,2025-02-28T06:03:00,WEB
3914,138,1,546.62,2025-11-22T04:54:00,WEB
3915,124,1,367.56,2025-09-07T17:18:00,WEB
3916,20,6,706.28,2025-11-10T00:12:00,B2B
3917,116,1,561.9,2025-11-01T05:13:00,WEB
3918,52,4,500.19,2025-06-08T23:05:00,MAGASIN
3919,66,4,275.24,2025-12-04T03:02:00,B2B
3920,157,5,963.36,2025-04-07T14:53:00,MAGASIN
3921,53,3,172.27,2026-02-19T22:03:00,WEB
3922,140,7,142.69,2025-11-29T01:02:00,WEB
3923,144,8,201.98,2025-06-03T21:21:00,MAGASIN
3924,24,2,675.3,2025-10-04T09:19:00,WEB
3925,125,4,947.13,2025-12-02T01:40:00,WEB
3926,28,6,536.13,2025-07-27T21:31:00,MAGASIN
3927,72,4,958.82,2025-12-12T20:14:00,MAGASIN
3928,65,8,271.51,2025-03-07T01:35:00,MAGASIN
3929,59,6,26.49,2025-04-07T01:47:00,WEB
3930,99,5,248.79,2025-12-25T09:51:00,MAGASIN
3931,101,8,199.09,2025-09-11T15:53:00,MAGASIN
3932,99,4,286.45,2025-02-28T23:02:00,WEB
3933,15,3,476.12,2025-12-21T04:28:00,MAGASIN
3934,38,2,365.25,2025-11-04T17:04:00,B2B
3935,83,1,134.55,2025-11-08T03:28:00,WEB
3936,43,5,530.88,2025-11-19T22:34:00,MAGASIN
3937,198,5,363.13,2025-09-08T20:52:00,MAGASIN
3938,158,8,867.4,2025-03-18T02:51:00,WEB
3939,139,7,519.59,2025-06-16T04:14:00,MAGASIN
3940,166,3,183.1,2025-06-29T07:33:00,B2B
3941,76,8,578.85,2025-07-27T12:14:00,B2B
3942,25,3,369.35,2025-05-31T22:01:00,WEB
3943,82,3,71.76,2025-12-25T20:58:00,MAGASIN
3944,21,7,891.82,2026-01-01T13:36:00,B2B
3945,176,6,313.93,2025-04-18T09:12:00,MAGASIN
3946,30,3,295.51,2025-04-21T19:20:00,B2B
3947,18,1,1047.88,2025-10-11T18:06:00,B2B
3948,84,3,209.4,2025-10-20T09:21:00,WEB
3949,75,6,726.69,2026-02-04T07:40:00,B2B
3950,86,1,239.24,2025-08-12T05:57:00,B2B
3951,122,5,810.13,2025-04-14T03:07:00,WEB
3952,197,5,240.05,2026-02-26T11:58:00,B2B
3953,194,1,262.18,2025-05-10T03:37:00,WEB
3954,174,3,291.41,2026-01-04T05:27:00,MAGASIN
3955,1,8,121.71,2025-07-03T08:48:00,B2B
3956,24,6,534.49,2025-11-01T23:50:00,MAGASIN
3957,100,8,443.93,2025-07-12T22:38:00,B2B
3958,35,6,1103.34,2025-10-30T06:41:00,MAGASIN
3959,179,8,1092.08,2025-05-01T03:54:00,MAGASIN
3960,64,3,741.77,2025-03-04T12:27:00,WEB
3961,198,1,457.13,2025-09-24T21:33:00,MAGASIN
3962,36,2,683.01,2025-12-23T02:08:00,WEB
3963,78,5,854.33,2025-09-21T03:02:00,MAGASIN
3964,38,5,422.08,2025-08-02T01:56:00,MAGASIN
3965,100,2,452.57,2026-02-25T08:54:00,WEB
3966,174,8,371.26,2025-10-31T23:21:00,B2B
3967,78,7,928.14,2026-02-21T09:48:00,WEB
3968,11,4,586.99,2025-04-07T18:17:00,WEB
3969,6,2,1075.11,2025-12-07T21:32:00,WEB
3970,182,4,960.53,2025-03-28T14:48:00,WEB
3971,94,1,860.19,2026-01-14T18:22:00,MAGASIN
3972,41,7,704.4,2025-05-28T10:33:00,WEB
3973,76,7,620.88,2025-04-20T07:11:00,MAGASIN
3974,196,3,115.59,2026-02-09T05:42:00,WEB
3975,130,6,299.53,2025-11-21T21:04:00,B2B
3976,153,1,613.97,2025-03-11T07:30:00,WEB
3977,98,2,902.1,2025-06-08T08:04:00,B2B
3978,42,8,304.53,2025-03-06T16:04:00,WEB
3979,119,4,251.36,2026-01-12T14:16:00,WEB
3980,198,1,450.31,2025-06-11T07:14:00,WEB
3981,162,4,424.35,2025-04-13T10:07:00,B2B
3982,185,5,61.89,2025-03-20T09:17:00,MAGASIN
3983,64,8,750.85,2025-12-08T15:05:00,MAGASIN
3984,155,3,799.02,2025-03-31T21:45:00,MAGASIN
3985,101,2,156.08,2025-06-07T11:17:00,WEB
3986,6,6,1390.2,2025-08-08T05:08:00,WEB
3987,95,1,279.37,2025-08-23T00:16:00,B2B
3988,135,3,722.96,2025-08-15T21:02:00,MAGASIN
3989,52,5,410.45,2025-11-05T03:12:00,MAGASIN
3990,40,6,42.1,2025-05-16T22:49:00,MAGASIN
3991,22,8,459.45,2025-10-11T08:33:00,WEB
3992,15,5,479.11,2025-12-13T15:54:00,B2B
3993,107,6,435.79,2025-08-18T19:33:00,MAGASIN
3994,66,7,300.57,2025-09-27T16:59:00,WEB
3995,119,7,287.7,2025-08-12T02:00:00,MAGASIN
3996,19,4,489.75,2025-04-17T01:30:00,WEB
3997,123,7,117.65,2025-08-16T00:22:00,B2B
3998,124,3,443.84,2025-09-23T00:49:00,B2B
3999,80,2,927.89,2025-11-28T06:18:00,MAGASIN
4000,35,3,1111.8,2025-07-23T20:50:00,B2B
4001,157,8,771.66,2025-07-12T04:24:00,B2B
4002,130,2,363.63,2025-05-04T14:16:00,B2B
4003,32,3,452.28,2025-07-07T12:35:00,WEB
4004,10,7,305.11,2025-06-30T17:51:00,WEB
4005,129,5,686.5,2025-06-05T21:59:00,WEB
4006,118,2,23.99,2025-08-12T12:02:00,B2B
4007,194,7,322.11,2025-09-17T21:01:00,WEB
4008,29,6,179.85,2025-12-23T07:59:00,WEB
4009,119,8,224.72,2026-02-23T20:34:00,MAGASIN
4010,5,3,401.05,2025-03-24T16:48:00,MAGASIN
4011,103,6,229.85,2025-10-25T02:25:00,WEB
4012,139,6,526.24,2025-08-12T01:52:00,MAGASIN
4013,94,2,865.85,2025-12-05T05:59:00,B2B
4014,107,4,349.8,2025-03-01T06:38:00,MAGASIN
4015,75,1,751.74,2025-09-06T22:57:00,MAGASIN
4016,192,1,204.65,2025-08-06T03:36:00,B2B
4017,132,1,917.89,2025-05-06T13:24:00,MAGASIN
4018,149,2,100.22,2025-09-07T07:20:00,MAGASIN
4019,96,8,115.8,2026-01-29T18:53:00,B2B
4020,100,7,356.1,2025-03-23T22:50:00,B2B
4021,47,2,234.74,2025-10-18T04:28:00,WEB
4022,112,2,789.99,2025-02-26T08:25:00,WEB
4023,67,4,677.2,2025-08-14T21:13:00,B2B
4024,57,4,962.77,2025-08-17T11:12:00,MAGASIN
4025,73,8,941.25,2025-03-05T14:46:00,B2B
4026,37,7,440.37,2025-07-03T06:13:00,WEB
4027,112,2,764.35,2026-01-02T13:01:00,B2B
4028,20,7,694.36,2026-02-25T04:36:00,WEB
4029,113,8,1028.19,2025-07-22T10:59:00,B2B
4030,41,7,695.45,2026-01-08T14:13:00,WEB
4031,75,1,672.71,2025-12-12T09:22:00,B2B
4032,35,8,892.74,2025-11-15T23:53:00,WEB
4033,160,5,818.2,2025-08-08T12:10:00,WEB
4034,96,7,93.33,2025-09-19T06:23:00,MAGASIN
4035,142,7,252.3,2025-05-15T14:08:00,B2B
4036,143,1,654.43,2025-03-22T11:04:00,WEB
4037,96,8,102.87,2025-05-08T12:38:00,MAGASIN
4038,88,7,487.91,2025-07-10T05:22:00,B2B
4039,21,6,970.25,2025-07-24T21:48:00,B2B
4040,59,3,22.31,2025-06-25T11:47:00,WEB
4041,183,5,775.42,2025-04-24T08:47:00,B2B
4042,119,7,251.59,2025-08-23T05:02:00,WEB
4043,28,2,517.29,2025-03-18T08:38:00,B2B
4044,111,2,531.42,2025-04-08T05:03:00,B2B
4045,89,2,702.23,2026-01-13T08:40:00,WEB
4046,72,1,1168.01,2025-07-30T22:51:00,MAGASIN
4047,99,3,231.29,2025-07-20T04:34:00,WEB
4048,42,8,382.66,2025-06-13T01:07:00,MAGASIN
4049,98,4,705.88,2025-06-20T17:56:00,B2B
4050,45,5,36.76,2025-11-19T10:23:00,MAGASIN
4051,12,1,146.87,2025-07-21T08:25:00,WEB
4052,118,2,26.69,2025-08-21T10:23:00,B2B
4053,183,8,792.95,2026-02-19T21:50:00,B2B
4054,55,5,355.44,2025-03-12T12:42:00,WEB
4055,71,7,998.79,2026-02-13T08:17:00,MAGASIN
4056,111,7,682.82,2025-09-02T18:25:00,MAGASIN
4057,9,5,59.35,2025-09-12T12:30:00,B2B
4058,86,3,248.36,2025-12-12T19:05:00,MAGASIN
4059,5,7,373.48,2025-09-02T00:17:00,B2B
4060,116,5,602.29,2025-04-04T20:41:00,MAGASIN
4061,22,1,471.11,2025-11-11T14:51:00,B2B
4062,141,8,692.76,2025-11-30T21:01:00,B2B
4063,110,7,411.09,2025-06-03T08:19:00,B2B
4064,172,2,792.87,2025-06-21T04:36:00,WEB
4065,124,2,449.84,2025-12-13T16:58:00,WEB
4066,130,4,293.23,2025-08-07T12:22:00,B2B
4067,191,2,545.69,2025-08-02T02:34:00,B2B
4068,27,4,274.28,2025-07-25T10:16:00,MAGASIN
4069,10,7,292.68,2026-01-25T02:59:00,MAGASIN
4070,182,6,1005.55,2026-02-14T05:01:00,B2B
4071,147,5,670.1,2025-06-23T06:48:00,MAGASIN
4072,178,5,259.5,2025-08-07T23:12:00,B2B
4073,114,5,17.9,2026-02-19T00:31:00,WEB
4074,54,5,176.94,2025-09-20T14:09:00,WEB
4075,95,7,245.09,2025-07-22T11:55:00,MAGASIN
4076,57,3,982.41,2025-10-29T05:01:00,MAGASIN
4077,30,8,357.33,2025-08-14T21:58:00,MAGASIN
4078,101,6,154.35,2025-06-14T02:00:00,WEB
4079,172,8,818.88,2025-03-16T22:05:00,B2B
4080,30,4,367.59,2025-06-03T06:47:00,WEB
4081,88,2,493.55,2025-08-08T02:03:00,B2B
4082,22,4,453.53,2026-02-21T15:52:00,B2B
4083,94,1,852.84,2025-08-31T18:30:00,B2B
4084,113,7,1010.56,2025-08-31T10:29:00,MAGASIN
4085,41,7,807.27,2025-09-08T00:59:00,B2B
4086,80,2,810.73,2026-01-30T20:17:00,B2B
4087,155,3,640.78,2025-12-07T18:44:00,WEB
4088,66,5,270.41,2026-02-12T01:13:00,MAGASIN
4089,89,3,776.84,2025-03-08T19:52:00,WEB
4090,99,5,220.84,2025-05-26T11:56:00,B2B
4091,44,6,836.08,2025-09-07T01:23:00,MAGASIN
4092,20,2,681.1,2025-03-01T08:50:00,B2B
4093,16,6,184.18,2026-01-18T07:49:00,MAGASIN
4094,142,7,247.61,2025-12-30T09:28:00,MAGASIN
4095,52,6,505.96,2025-11-04T07:15:00,MAGASIN
4096,39,5,1203.42,2025-12-09T22:04:00,B2B
4097,58,7,1002.27,2025-08-24T05:11:00,WEB
4098,123,1,108.1,2025-06-19T00:49:00,B2B
4099,148,3,653.45,2025-04-25T23:16:00,B2B
4100,148,2,661.42,2026-01-22T00:32:00,B2B
4101,59,8,24.85,2026-01-31T18:16:00,WEB
4102,126,2,351.81,2025-08-13T01:30:00,MAGASIN
4103,39,3,1200.06,2025-09-30T21:58:00,MAGASIN
4104,5,4,442.69,2026-02-20T06:47:00,B2B
4105,23,5,838.55,2025-02-28T16:20:00,MAGASIN
4106,138,5,557.83,2026-01-23T13:09:00,B2B
4107,18,3,1018.34,2025-11-01T22:30:00,B2B
4108,119,3,259.55,2025-05-12T06:27:00,B2B
4109,116,8,608.47,2026-01-20T17:02:00,MAGASIN
4110,130,8,370.97,2025-03-20T11:28:00,MAGASIN
4111,4,8,391.56,2025-03-18T00:31:00,MAGASIN
4112,184,8,870.11,2025-07-08T00:58:00,B2B
4113,95,3,248.33,2025-08-19T16:07:00,MAGASIN
4114,49,6,736.93,2025-09-22T21:46:00,WEB
4115,161,5,136.19,2025-10-21T06:17:00,MAGASIN
4116,150,6,1114.44,2025-10-20T15:50:00,WEB
4117,11,3,497.03,2025-08-20T01:25:00,WEB
4118,17,1,70.03,2025-06-02T07:22:00,MAGASIN
4119,114,2,19.64,2026-02-26T07:18:00,WEB
4120,63,2,959.26,2025-09-06T04:07:00,B2B
4121,102,1,1071.37,2025-05-16T00:32:00,WEB
4122,65,8,279.4,2025-06-18T08:39:00,B2B
4123,31,8,1139.68,2025-07-19T06:46:00,WEB
4124,121,2,203.13,2025-12-31T23:06:00,MAGASIN
4125,30,8,296.98,2025-10-19T14:34:00,MAGASIN
4126,24,7,686.76,2025-05-16T01:55:00,MAGASIN
4127,100,5,343.56,2025-04-17T20:15:00,MAGASIN
4128,162,5,430.97,2025-10-07T13:53:00,WEB
4129,148,3,587.63,2025-10-27T00:59:00,WEB
4130,17,1,70.64,2025-12-30T08:19:00,WEB
4131,42,6,357.61,2025-12-06T15:06:00,WEB
4132,31,4,1183.94,2026-01-26T11:15:00,WEB
4133,51,1,1027.0,2025-06-01T08:38:00,B2B
4134,145,4,555.75,2025-12-06T00:43:00,B2B
4135,186,6,762.4,2025-12-30T16:48:00,B2B
4136,105,6,70.49,2025-10-12T17:52:00,WEB
4137,146,4,603.85,2025-08-31T12:53:00,B2B
4138,133,4,633.03,2025-03-27T08:09:00,MAGASIN
4139,195,1,365.83,2025-09-22T16:01:00,MAGASIN
4140,129,5,757.69,2025-12-16T09:06:00,B2B
4141,160,7,830.96,2025-09-18T10:42:00,MAGASIN
4142,154,3,247.0,2025-06-05T15:59:00,WEB
4143,111,7,683.84,2025-09-26T00:37:00,WEB
4144,1,7,98.5,2025-08-09T07:22:00,MAGASIN
4145,88,4,486.13,2025-12-06T07:48:00,MAGASIN
4146,161,1,106.9,2026-01-20T20:19:00,MAGASIN
4147,167,4,268.35,2025-05-12T06:14:00,MAGASIN
4148,10,1,298.92,2025-08-29T10:20:00,MAGASIN
4149,171,4,612.47,2025-05-28T10:18:00,MAGASIN
4150,20,7,705.52,2026-01-22T05:54:00,B2B
4151,194,7,300.05,2025-03-17T15:57:00,B2B
4152,9,6,70.55,2026-01-19T07:08:00,B2B
4153,127,8,191.29,2025-10-26T12:58:00,B2B
4154,136,5,932.57,2025-05-02T09:07:00,MAGASIN
4155,47,3,271.48,2025-06-02T13:38:00,MAGASIN
4156,59,7,26.79,2025-08-02T03:00:00,MAGASIN
4157,187,2,869.65,2025-06-17T03:24:00,MAGASIN
4158,31,3,1128.36,2025-05-29T05:56:00,B2B
4159,83,2,146.35,2026-02-16T19:31:00,WEB
4160,165,2,902.95,2025-10-14T09:05:00,MAGASIN
4161,182,6,1065.01,2025-08-17T19:45:00,WEB
4162,118,8,26.83,2025-08-04T07:27:00,MAGASIN
4163,67,7,689.3,2025-10-09T13:28:00,WEB
4164,104,4,414.38,2025-06-27T17:45:00,MAGASIN
4165,58,1,906.74,2025-10-10T09:54:00,MAGASIN
4166,61,5,847.76,2025-03-30T18:37:00,MAGASIN
4167,31,3,1167.77,2025-04-08T07:09:00,MAGASIN
4168,193,1,630.05,2026-01-02T21:52:00,MAGASIN
4169,125,2,912.86,2025-05-28T08:14:00,WEB
4170,90,7,499.54,2025-07-28T03:45:00,MAGASIN
4171,162,5,470.58,2025-03-10T16:20:00,WEB
4172,181,6,814.12,2026-01-16T15:45:00,WEB
4173,90,5,558.74,2025-07-22T00:50:00,B2B
4174,182,5,1066.4,2025-07-07T11:36:00,WEB
4175,79,1,539.97,2025-05-08T21:19:00,B2B
4176,58,6,985.34,2025-05-18T20:37:00,B2B
4177,95,5,253.95,2026-01-28T22:41:00,WEB
4178,86,7,219.56,2026-02-23T06:44:00,WEB
4179,172,5,740.74,2025-04-27T13:03:00,B2B
4180,120,8,792.54,2025-08-26T12:33:00,WEB
4181,5,1,447.06,2026-01-16T01:40:00,MAGASIN
4182,76,1,624.63,2025-04-10T21:38:00,MAGASIN
4183,152,5,309.58,2025-12-01T23:54:00,WEB
4184,35,3,1073.95,2026-02-05T05:41:00,MAGASIN
4185,7,3,369.47,2025-09-27T21:17:00,WEB
4186,119,8,276.4,2025-06-09T08:47:00,B2B
4187,62,8,100.88,2025-12-12T17:58:00,WEB
4188,26,4,409.01,2025-08-11T00:56:00,WEB
4189,148,8,654.83,2025-06-08T05:37:00,B2B
4190,94,3,889.39,2025-09-15T06:40:00,WEB
4191,163,6,1144.68,2025-12-27T13:43:00,MAGASIN
4192,108,1,465.55,2025-10-02T16:25:00,WEB
4193,61,1,678.68,2025-05-26T07:42:00,B2B
4194,9,7,71.65,2025-10-15T03:53:00,MAGASIN
4195,93,1,479.39,2025-05-12T02:36:00,WEB
4196,85,8,572.47,2025-05-09T02:57:00,WEB
4197,5,1,456.41,2025-07-22T17:24:00,WEB
4198,70,6,662.26,2026-02-23T03:40:00,B2B
4199,100,6,441.53,2025-10-27T08:58:00,B2B
4200,129,1,674.3,2025-04-21T06:38:00,WEB
4201,14,6,930.63,2026-01-07T07:45:00,MAGASIN
4202,47,8,268.59,2025-08-25T12:44:00,MAGASIN
4203,71,3,1015.63,2025-05-01T13:59:00,WEB
4204,148,4,627.39,2025-08-16T06:46:00,MAGASIN
4205,32,1,357.46,2025-10-12T12:41:00,B2B
4206,161,5,131.2,2025-08-11T23:35:00,WEB
4207,163,4,1024.05,2026-02-16T04:33:00,MAGASIN
4208,80,2,1014.63,2025-07-29T11:05:00,WEB
4209,127,8,185.13,2025-11-21T00:24:00,WEB
4210,164,5,923.11,2025-11-20T10:49:00,B2B
4211,161,4,135.46,2026-01-20T01:51:00,B2B
4212,32,2,356.81,2025-03-14T22:47:00,MAGASIN
4213,187,1,772.78,2026-02-09T09:13:00,B2B
4214,154,2,195.65,2025-05-10T01:35:00,WEB
4215,3,7,765.89,2025-08-13T10:28:00,MAGASIN
4216,51,2,831.69,2025-07-20T13:58:00,MAGASIN
4217,137,2,385.87,2025-03-24T18:29:00,B2B
4218,192,1,231.5,2026-01-02T15:57:00,B2B
4219,59,5,21.82,2025-08-18T04:27:00,WEB
4220,169,4,323.74,2025-06-08T14:45:00,MAGASIN
4221,125,3,912.45,2025-08-22T00:27:00,WEB
4222,198,4,459.46,2025-03-22T12:27:00,MAGASIN
4223,5,1,443.14,2025-11-14T18:07:00,MAGASIN
4224,29,3,175.1,2025-08-16T02:26:00,MAGASIN
4225,126,4,342.41,2025-06-12T12:40:00,MAGASIN
4226,89,2,698.03,2025-04-12T06:55:00,WEB
4227,24,5,598.3,2025-12-07T11:10:00,WEB
4228,59,7,27.77,2025-06-18T08:12:00,B2B
4229,197,2,229.65,2026-01-13T23:28:00,MAGASIN
4230,165,7,1163.22,2025-10-08T04:54:00,B2B
4231,151,8,236.49,2025-10-17T07:23:00,WEB
4232,36,6,683.09,2025-12-12T08:39:00,WEB
4233,194,2,330.39,2026-02-23T12:11:00,WEB
4234,105,6,71.84,2025-08-13T16:03:00,WEB
4235,50,5,95.47,2025-05-23T06:22:00,MAGASIN
4236,195,1,431.31,2026-02-14T18:44:00,MAGASIN
4237,34,8,251.62,2025-07-05T11:10:00,WEB
4238,35,6,983.52,2025-03-21T05:37:00,WEB
4239,77,2,597.91,2026-01-08T19:14:00,WEB
4240,45,2,39.68,2025-06-24T00:49:00,B2B
4241,39,2,1217.54,2025-02-28T04:44:00,WEB
4242,122,2,987.11,2025-11-15T10:30:00,B2B
4243,107,5,343.67,2025-05-01T02:06:00,B2B
4244,154,2,243.33,2025-04-08T19:36:00,B2B
4245,33,8,397.33,2025-04-28T14:55:00,WEB
4246,1,8,122.22,2025-10-27T17:48:00,B2B
4247,123,1,120.11,2025-11-05T07:50:00,B2B
4248,140,6,139.99,2025-12-09T08:57:00,B2B
4249,171,4,632.28,2025-10-07T14:02:00,WEB
4250,54,5,175.88,2025-08-14T15:30:00,WEB
4251,146,2,649.08,2025-10-22T20:55:00,WEB
4252,33,3,397.35,2026-01-20T03:27:00,B2B
4253,91,2,795.64,2025-12-05T17:33:00,WEB
4254,9,3,70.78,2025-10-31T19:45:00,MAGASIN
4255,169,6,414.58,2025-02-28T18:49:00,B2B
4256,175,5,1047.46,2025-08-25T09:59:00,WEB
4257,140,2,141.79,2026-01-29T21:12:00,WEB
4258,121,1,155.85,2025-06-25T17:57:00,MAGASIN
4259,72,3,1110.58,2025-11-04T09:38:00,B2B
4260,88,5,491.29,2025-08-19T03:53:00,MAGASIN
4261,194,4,335.49,2026-02-24T21:34:00,WEB
4262,130,8,285.35,2025-08-10T12:32:00,WEB
4263,189,2,700.08,2025-07-26T11:01:00,B2B
4264,24,8,665.41,2025-12-14T06:36:00,MAGASIN
4265,112,1,759.97,2025-12-30T08:05:00,WEB
4266,41,3,777.58,2025-03-18T19:22:00,MAGASIN
4267,145,7,498.74,2025-03-02T13:55:00,WEB
4268,26,1,498.44,2025-09-09T15:06:00,WEB
4269,186,4,790.37,2025-06-06T00:09:00,B2B
4270,70,3,512.15,2026-02-17T09:12:00,MAGASIN
4271,179,1,895.01,2025-04-10T04:31:00,B2B
4272,110,6,390.49,2025-05-08T01:55:00,B2B
4273,128,1,587.71,2025-03-24T07:31:00,WEB
4274,115,5,967.13,2025-03-08T05:01:00,WEB
4275,18,7,1055.69,2025-09-15T10:30:00,B2B
4276,111,7,651.36,2025-06-19T06:26:00,WEB
4277,141,3,775.36,2026-02-15T17:25:00,B2B
4278,94,8,850.48,2025-04-19T14:09:00,WEB
4279,74,2,298.67,2025-03-22T12:59:00,B2B
4280,143,6,669.05,2026-01-12T20:26:00,MAGASIN
4281,98,8,887.58,2025-05-29T08:48:00,MAGASIN
4282,144,6,167.44,2025-12-29T01:44:00,WEB
4283,116,6,556.56,2025-07-07T02:54:00,WEB
4284,7,3,467.73,2025-11-20T20:10:00,WEB
4285,48,7,9.53,2025-05-16T17:21:00,WEB
4286,119,2,230.75,2025-11-06T03:20:00,WEB
4287,6,1,1344.31,2026-01-03T10:25:00,B2B
4288,38,3,410.61,2025-10-11T03:57:00,WEB
4289,138,4,555.0,2026-02-04T17:26:00,B2B
4290,120,7,643.18,2026-01-31T16:00:00,B2B
4291,48,7,10.43,2025-12-15T05:50:00,B2B
4292,183,6,949.9,2025-11-15T09:33:00,MAGASIN
4293,186,6,688.71,2025-11-16T18:15:00,MAGASIN
4294,11,7,618.62,2025-08-07T09:37:00,B2B
4295,4,6,483.95,2025-05-07T08:47:00,WEB
4296,171,4,632.43,2025-06-30T15:37:00,B2B
4297,133,4,574.14,2026-02-24T01:35:00,B2B
4298,67,2,554.02,2025-07-15T22:43:00,WEB
4299,39,5,980.14,2025-12-19T09:14:00,B2B
4300,18,7,836.91,2025-11-10T09:16:00,MAGASIN
4301,10,5,303.34,2025-07-12T20:00:00,B2B
4302,138,3,444.43,2025-11-09T05:32:00,WEB
4303,1,8,120.13,2025-06-28T22:05:00,MAGASIN
4304,191,5,535.99,2025-03-12T18:43:00,MAGASIN
4305,33,4,412.87,2025-12-15T20:59:00,WEB
4306,168,5,789.23,2026-02-08T22:23:00,WEB
4307,199,5,353.92,2025-12-13T08:59:00,MAGASIN
4308,178,2,325.22,2025-05-23T22:45:00,WEB
4309,27,5,286.27,2025-05-25T06:19:00,WEB
4310,192,5,183.25,2025-09-03T23:10:00,WEB
4311,164,6,847.33,2025-03-12T04:26:00,B2B
4312,25,8,405.74,2025-10-06T07:25:00,WEB
4313,67,3,544.47,2025-12-01T17:50:00,WEB
4314,43,6,545.4,2026-02-22T14:34:00,MAGASIN
4315,179,8,1137.04,2025-09-30T19:36:00,B2B
4316,140,5,142.47,2026-01-30T10:33:00,WEB
4317,89,1,773.86,2026-01-15T21:33:00,MAGASIN
4318,164,5,734.53,2025-03-03T20:07:00,B2B
4319,105,1,69.79,2025-07-08T11:49:00,WEB
4320,157,3,938.09,2025-08-01T00:49:00,WEB
4321,121,3,176.37,2026-02-17T18:57:00,WEB
4322,18,1,1026.79,2025-04-30T19:43:00,B2B
4323,92,5,221.44,2026-02-24T02:38:00,B2B
4324,100,5,403.85,2025-12-13T05:09:00,B2B
4325,126,3,351.53,2025-10-08T09:02:00,B2B
4326,54,2,153.26,2025-06-03T06:24:00,MAGASIN
4327,80,5,1018.87,2025-08-11T19:59:00,WEB
4328,188,6,63.17,2025-06-28T21:24:00,WEB
4329,175,8,1097.3,2025-11-16T14:16:00,MAGASIN
4330,66,3,301.02,2026-01-11T20:43:00,B2B
4331,198,2,419.7,2025-10-31T10:18:00,B2B
4332,34,1,206.45,2025-06-18T22:48:00,B2B
4333,75,3,747.3,2025-07-05T20:06:00,MAGASIN
4334,77,8,763.49,2026-01-28T10:18:00,B2B
4335,35,3,998.49,2025-12-23T13:16:00,MAGASIN
4336,108,5,433.59,2026-02-01T23:43:00,B2B
4337,147,6,657.76,2025-12-05T15:53:00,WEB
4338,181,6,700.95,2025-07-22T14:34:00,WEB
4339,21,1,985.77,2026-01-11T19:14:00,MAGASIN
4340,91,8,804.49,2025-08-28T03:23:00,B2B
4341,70,8,640.98,2025-09-18T11:31:00,WEB
4342,169,7,374.99,2025-06-18T11:35:00,B2B
4343,183,2,759.2,2025-11-06T14:16:00,B2B
4344,196,5,144.78,2026-02-20T17:50:00,MAGASIN
4345,29,7,196.22,2025-03-04T15:13:00,MAGASIN
4346,174,5,353.46,2025-10-03T01:20:00,WEB
4347,25,1,320.2,2026-02-18T14:24:00,B2B
4348,11,1,497.1,2025-09-08T07:54:00,MAGASIN
4349,109,6,309.48,2026-01-19T14:35:00,B2B
4350,171,2,549.41,2025-05-28T16:30:00,B2B
4351,118,1,20.82,2026-02-08T13:31:00,WEB
4352,24,1,660.59,2025-05-25T22:29:00,B2B
4353,85,1,592.48,2025-03-27T17:40:00,WEB
4354,29,4,202.52,2025-07-21T15:58:00,B2B
4355,77,3,763.48,2025-12-12T01:08:00,B2B
4356,86,6,237.85,2026-02-25T17:10:00,B2B
4357,25,6,328.47,2025-09-07T05:38:00,B2B
4358,95,3,270.94,2025-10-12T21:22:00,WEB
4359,87,6,760.14,2025-11-08T11:09:00,MAGASIN
4360,28,8,408.24,2026-02-26T17:52:00,MAGASIN
4361,39,6,1057.46,2025-11-16T06:48:00,WEB
4362,69,2,580.0,2025-07-01T05:51:00,WEB
4363,19,5,608.07,2025-05-23T20:05:00,WEB
4364,105,8,71.82,2025-11-27T11:53:00,WEB
4365,4,3,401.13,2025-12-26T12:47:00,WEB
4366,90,1,459.22,2025-11-14T12:40:00,WEB
4367,58,2,974.55,2025-11-17T02:54:00,MAGASIN
4368,185,3,62.52,2025-09-21T17:44:00,WEB
4369,33,2,371.08,2025-11-15T01:09:00,MAGASIN
4370,86,4,235.95,2025-04-29T15:05:00,WEB
4371,1,2,122.9,2025-09-30T10:14:00,MAGASIN
4372,88,5,551.5,2025-04-27T06:42:00,WEB
4373,57,4,867.09,2025-07-24T22:59:00,MAGASIN
4374,52,4,521.49,2025-08-21T16:47:00,B2B
4375,71,2,783.47,2025-07-15T12:53:00,MAGASIN
4376,115,6,962.1,2025-08-13T12:26:00,WEB
4377,67,4,601.06,2025-06-12T10:25:00,MAGASIN
4378,175,6,1101.78,2025-06-05T08:21:00,MAGASIN
4379,123,4,91.68,2026-02-05T01:13:00,MAGASIN
4380,145,5,557.67,2025-03-14T02:27:00,MAGASIN
4381,100,7,453.17,2025-08-04T09:48:00,MAGASIN
4382,194,7,293.87,2025-11-27T01:27:00,B2B
4383,148,8,630.59,2025-09-08T14:29:00,MAGASIN
4384,47,2,297.22,2025-10-02T17:06:00,B2B
4385,49,4,668.07,2025-05-11T15:50:00,B2B
4386,191,3,556.74,2025-05-30T07:53:00,WEB
4387,191,7,545.99,2026-02-19T14:57:00,WEB
4388,73,5,949.97,2025-07-06T09:02:00,B2B
4389,21,4,816.72,2025-10-27T13:29:00,MAGASIN
4390,159,3,404.04,2025-10-12T00:42:00,WEB
4391,199,1,434.46,2025-08-03T06:27:00,B2B
4392,64,4,920.7,2025-03-22T04:36:00,MAGASIN
4393,109,4,400.28,2025-05-25T01:51:00,B2B
4394,36,5,566.55,2025-07-01T01:13:00,WEB
4395,72,6,1227.49,2025-10-18T12:34:00,B2B
4396,32,7,350.25,2025-06-13T11:37:00,B2B
4397,153,5,634.35,2025-06-07T20:08:00,WEB
4398,76,6,623.8,2025-10-04T07:07:00,MAGASIN
4399,145,6,565.67,2025-04-23T21:20:00,B2B
4400,68,2,1000.51,2025-11-02T11:41:00,WEB
4401,42,2,397.8,2025-12-27T06:28:00,MAGASIN
4402,188,2,81.3,2025-10-19T09:11:00,MAGASIN
4403,23,7,814.66,2026-01-01T08:19:00,B2B
4404,35,5,1119.53,2025-03-11T15:02:00,MAGASIN
4405,164,1,772.0,2025-10-14T12:40:00,MAGASIN
4406,139,6,490.12,2025-12-29T18:54:00,B2B
4407,79,8,540.33,2025-08-19T10:12:00,MAGASIN
4408,129,4,653.88,2025-07-01T23:41:00,MAGASIN
4409,50,8,94.02,2025-12-25T03:16:00,WEB
4410,131,3,111.0,2026-01-01T00:52:00,MAGASIN
4411,95,2,285.51,2025-10-26T04:20:00,B2B
4412,170,6,663.16,2026-01-15T04:10:00,B2B
4413,68,6,981.67,2025-12-12T15:58:00,B2B
4414,120,3,823.1,2025-10-30T12:22:00,B2B
4415,171,6,619.58,2025-08-27T18:06:00,B2B
4416,113,8,838.48,2026-02-09T18:37:00,WEB
4417,91,6,1013.31,2025-09-19T14:52:00,WEB
4418,76,8,629.05,2025-11-27T05:53:00,B2B
4419,177,7,1254.76,2025-07-12T16:45:00,B2B
4420,61,8,817.74,2026-02-12T03:33:00,MAGASIN
4421,1,2,124.87,2025-07-16T21:22:00,WEB
4422,123,7,118.75,2025-11-22T19:22:00,MAGASIN
4423,101,7,195.62,2025-12-24T21:04:00,B2B
4424,122,5,990.69,2025-05-17T00:36:00,WEB
4425,14,4,841.9,2025-04-03T23:47:00,B2B
4426,110,1,319.19,2025-12-23T11:20:00,MAGASIN
4427,175,8,1063.82,2025-09-09T07:44:00,MAGASIN
4428,137,7,372.16,2025-09-10T06:40:00,B2B
4429,164,8,828.97,2025-08-11T00:53:00,WEB
4430,107,1,415.81,2026-02-21T16:04:00,WEB
4431,144,3,202.89,2025-06-01T09:59:00,WEB
4432,23,5,655.36,2025-03-20T00:16:00,WEB
4433,4,1,436.26,2025-04-23T08:57:00,B2B
4434,67,1,690.52,2025-03-09T08:18:00,B2B
4435,83,4,143.86,2025-10-02T10:54:00,WEB
4436,161,6,136.05,2025-11-25T15:20:00,WEB
4437,144,3,159.28,2026-01-30T20:37:00,MAGASIN
4438,8,4,268.06,2025-04-28T12:48:00,WEB
4439,164,6,932.11,2025-04-07T02:07:00,MAGASIN
4440,38,4,425.91,2025-10-15T13:10:00,B2B
4441,145,7,513.98,2026-02-12T02:09:00,B2B
4442,56,8,880.96,2025-08-14T11:09:00,B2B
4443,16,7,186.27,2026-02-21T10:57:00,MAGASIN
4444,183,7,948.12,2025-10-01T23:38:00,MAGASIN
4445,46,5,1157.22,2026-02-15T01:13:00,B2B
4446,72,1,1180.07,2025-07-09T04:59:00,B2B
4447,145,4,495.96,2025-09-15T16:54:00,MAGASIN
4448,75,7,722.05,2026-01-02T12:03:00,WEB
4449,167,2,258.03,2026-01-23T16:01:00,B2B
4450,27,3,218.97,2025-07-29T00:25:00,WEB
4451,95,4,273.09,2025-09-12T03:49:00,MAGASIN
4452,186,7,684.37,2025-06-15T06:40:00,WEB
4453,157,5,941.63,2025-09-13T11:28:00,B2B
4454,56,2,814.72,2025-04-15T12:29:00,WEB
4455,85,2,469.67,2025-11-26T03:45:00,WEB
4456,166,5,161.74,2025-04-17T18:00:00,B2B
4457,80,6,1028.26,2025-07-09T07:44:00,B2B
4458,16,3,161.66,2025-10-30T22:30:00,WEB
4459,168,7,768.87,2025-09-11T02:58:00,MAGASIN
4460,20,2,630.99,2025-06-12T16:32:00,MAGASIN
4461,9,2,56.61,2025-05-23T01:22:00,B2B
4462,194,4,323.81,2025-06-29T07:57:00,WEB
4463,118,1,26.12,2025-06-11T03:19:00,WEB
4464,66,6,299.98,2025-11-01T02:52:00,MAGASIN
4465,23,2,801.0,2025-05-14T02:10:00,MAGASIN
4466,2,5,163.77,2025-08-25T00:17:00,B2B
4467,164,3,917.22,2026-01-21T10:39:00,WEB
4468,45,1,35.89,2026-02-26T23:26:00,B2B
4469,168,8,757.48,2025-04-04T10:41:00,WEB
4470,114,3,21.89,2025-12-07T18:28:00,WEB
4471,149,4,126.1,2026-01-17T15:24:00,B2B
4472,143,2,732.97,2026-02-04T00:01:00,WEB
4473,107,2,419.57,2025-04-30T02:22:00,WEB
4474,116,4,627.51,2026-01-12T21:00:00,WEB
4475,177,4,976.58,2025-07-09T02:40:00,WEB
4476,140,6,140.08,2025-12-30T01:38:00,B2B
4477,71,1,1033.35,2025-03-23T23:29:00,WEB
4478,122,3,807.57,2025-11-02T05:31:00,B2B
4479,138,2,528.79,2026-01-04T07:28:00,B2B
4480,193,1,786.62,2025-07-17T11:06:00,B2B
4481,94,6,809.2,2025-05-28T02:20:00,MAGASIN
4482,65,3,250.92,2025-08-22T16:16:00,WEB
4483,152,7,311.31,2025-06-27T01:45:00,WEB
4484,151,7,210.86,2025-08-15T23:03:00,MAGASIN
4485,141,8,778.37,2025-11-09T08:07:00,MAGASIN
4486,93,8,561.09,2025-12-29T19:53:00,B2B
4487,112,3,693.04,2025-04-24T11:17:00,B2B
4488,47,8,237.15,2025-11-01T15:50:00,MAGASIN
4489,168,5,777.25,2025-12-01T11:26:00,WEB
4490,75,7,683.33,2026-02-25T03:19:00,B2B
4491,148,6,664.12,2025-06-12T04:22:00,MAGASIN
4492,160,2,849.78,2025-03-20T00:46:00,WEB
4493,77,3,778.46,2026-01-09T08:22:00,WEB
4494,177,6,1260.12,2025-07-28T15:05:00,WEB
4495,80,7,1033.72,2025-12-02T15:59:00,B2B
4496,75,2,672.47,2025-08-03T17:55:00,B2B
4497,185,7,68.09,2025-10-02T20:29:00,MAGASIN
4498,57,8,865.49,2025-05-02T23:44:00,MAGASIN
4499,30,3,319.37,2026-02-06T10:09:00,B2B
4500,194,1,329.93,2025-03-08T06:11:00,MAGASIN
4501,193,3,801.08,2025-05-16T02:23:00,MAGASIN
4502,129,1,767.26,2025-07-17T19:43:00,WEB
4503,85,4,532.25,2026-02-17T06:16:00,MAGASIN
4504,39,7,1113.46,2025-04-26T10:11:00,MAGASIN
4505,72,6,1112.13,2025-06-04T01:10:00,MAGASIN
4506,189,6,561.28,2025-02-26T22:58:00,B2B
4507,83,5,147.05,2025-05-08T21:15:00,WEB
4508,18,7,1022.31,2025-06-17T05:50:00,MAGASIN
4509,185,6,61.55,2025-12-16T11:55:00,WEB
4510,121,1,157.21,2025-03-23T05:33:00,B2B
4511,183,8,862.08,2025-12-17T23:56:00,B2B
4512,81,5,78.43,2025-07-05T21:45:00,WEB
4513,142,2,218.61,2025-03-05T05:15:00,B2B
4514,24,4,695.16,2026-02-17T22:41:00,MAGASIN
4515,96,7,114.64,2025-05-12T20:18:00,B2B
4516,165,4,1163.8,2026-02-23T13:25:00,WEB
4517,178,7,339.82,2025-12-04T15:00:00,WEB
4518,24,1,682.47,2026-01-25T22:33:00,B2B
4519,130,2,287.32,2025-08-18T21:27:00,MAGASIN
4520,147,7,611.9,2025-09-13T17:33:00,WEB
4521,92,1,241.75,2025-03-20T21:25:00,B2B
4522,93,1,606.3,2025-11-02T09:41:00,MAGASIN
4523,46,6,1054.85,2026-01-24T14:50:00,B2B
4524,155,2,832.16,2025-12-22T14:56:00,MAGASIN
4525,18,3,822.72,2026-01-16T03:10:00,MAGASIN
4526,140,8,121.67,2025-11-13T23:58:00,MAGASIN
4527,167,3,215.36,2025-06-13T05:32:00,B2B
4528,92,8,215.05,2025-11-02T09:13:00,B2B
4529,191,5,437.71,2025-04-03T20:59:00,WEB
4530,95,3,310.26,2026-02-10T08:52:00,WEB
4531,191,1,546.95,2025-11-20T08:36:00,B2B
4532,21,4,794.66,2025-10-28T23:01:00,WEB
4533,188,6,82.59,2025-08-26T19:15:00,WEB
4534,75,5,759.28,2025-12-24T18:28:00,MAGASIN
4535,67,2,670.29,2025-10-29T11:13:00,WEB
4536,136,7,982.2,2026-01-02T16:47:00,MAGASIN
4537,3,6,946.29,2025-07-23T20:09:00,MAGASIN
4538,172,4,728.69,2025-06-19T19:47:00,B2B
4539,159,1,421.62,2025-06-10T18:13:00,B2B
4540,95,3,300.41,2025-12-11T21:08:00,B2B
4541,150,1,1135.01,2025-05-09T06:47:00,B2B
4542,146,4,537.89,2025-11-06T17:58:00,MAGASIN
4543,49,2,592.31,2025-04-10T03:22:00,WEB
4544,6,3,1089.52,2026-02-17T07:51:00,B2B
4545,170,2,717.98,2025-05-23T20:43:00,WEB
4546,165,7,1134.53,2025-11-27T06:45:00,B2B
4547,3,6,871.45,2025-05-25T07:11:00,B2B
4548,112,1,694.97,2025-07-07T10:25:00,MAGASIN
4549,72,5,1232.4,2025-07-27T15:43:00,B2B
4550,89,7,768.4,2025-10-10T07:43:00,B2B
4551,48,8,10.72,2026-02-12T19:24:00,WEB
4552,66,3,242.54,2025-12-10T03:44:00,MAGASIN
4553,24,5,545.24,2025-07-04T11:26:00,MAGASIN
4554,103,4,231.64,2025-04-01T02:22:00,B2B
4555,101,6,156.77,2025-06-11T11:34:00,MAGASIN
4556,70,1,659.11,2025-10-23T15:26:00,WEB
4557,84,4,237.35,2025-07-26T09:24:00,MAGASIN
4558,107,4,373.5,2025-11-07T15:38:00,B2B
4559,19,2,494.78,2025-06-29T12:07:00,MAGASIN
4560,181,5,707.58,2025-09-23T02:33:00,B2B
4561,69,1,573.67,2025-06-03T01:22:00,MAGASIN
4562,124,1,462.86,2025-08-14T20:54:00,MAGASIN
4563,43,4,422.51,2025-04-05T13:03:00,WEB
4564,90,6,464.23,2025-08-30T18:49:00,WEB
4565,6,5,1381.28,2025-10-02T17:33:00,WEB
4566,137,5,345.87,2025-05-29T02:16:00,MAGASIN
4567,137,2,346.45,2025-06-18T14:40:00,WEB
4568,104,3,365.56,2025-07-20T03:47:00,B2B
4569,4,1,454.2,2025-06-12T05:18:00,MAGASIN
4570,166,1,144.17,2025-11-05T10:38:00,MAGASIN
4571,120,8,795.19,2025-10-09T10:32:00,WEB
4572,2,8,167.6,2026-01-30T13:39:00,MAGASIN
4573,178,4,338.66,2025-11-13T17:08:00,MAGASIN
4574,192,2,213.34,2025-07-01T00:52:00,B2B
4575,109,4,391.08,2026-01-08T07:28:00,WEB
4576,6,3,1325.97,2025-08-10T20:08:00,B2B
4577,134,6,827.57,2025-12-11T11:47:00,MAGASIN
4578,12,8,183.83,2025-03-04T07:06:00,B2B
4579,177,5,1266.9,2025-07-27T19:58:00,MAGASIN
4580,5,2,419.49,2026-01-11T07:34:00,MAGASIN
4581,121,3,194.18,2025-08-06T16:13:00,B2B
4582,140,2,126.8,2025-10-05T05:32:00,MAGASIN
4583,141,2,790.44,2025-06-14T01:05:00,B2B
4584,92,2,241.23,2025-11-19T20:23:00,B2B
4585,138,3,534.44,2025-07-02T10:16:00,B2B
4586,68,7,991.76,2025-10-30T12:32:00,B2B
4587,136,7,947.13,2025-04-06T06:12:00,WEB
4588,121,4,175.47,2025-07-03T14:39:00,B2B
4589,115,3,879.5,2025-07-12T15:17:00,MAGASIN
4590,32,1,438.0,2025-07-15T21:52:00,WEB
4591,132,2,900.97,2025-03-13T19:14:00,WEB
4592,196,3,115.17,2025-11-06T09:45:00,WEB
4593,116,1,628.03,2025-10-11T02:54:00,WEB
4594,139,7,521.99,2026-01-15T17:35:00,MAGASIN
4595,95,1,245.97,2025-08-06T16:52:00,WEB
4596,194,6,322.35,2025-10-16T00:28:00,MAGASIN
4597,73,3,768.8,2026-01-23T23:10:00,B2B
4598,179,6,1087.1,2025-07-06T10:15:00,B2B
4599,104,7,364.99,2025-03-26T11:17:00,B2B
4600,145,3,557.75,2025-06-19T06:17:00,B2B
4601,9,8,73.45,2025-05-05T07:22:00,B2B
4602,125,3,748.87,2026-02-18T08:18:00,MAGASIN
4603,180,4,445.35,2025-06-05T21:04:00,MAGASIN
4604,104,3,393.66,2025-10-06T23:28:00,WEB
4605,175,3,966.03,2025-03-02T11:44:00,WEB
4606,83,7,142.29,2025-03-10T17:14:00,B2B
4607,189,6,635.05,2026-02-15T12:41:00,B2B
4608,134,5,855.07,2025-06-15T06:07:00,WEB
4609,148,6,626.3,2025-10-15T08:42:00,MAGASIN
4610,137,3,382.98,2025-11-04T14:09:00,MAGASIN
4611,76,3,505.01,2025-03-01T14:48:00,MAGASIN
4612,32,4,449.18,2025-07-05T18:18:00,B2B
4613,142,5,196.63,2026-02-10T00:10:00,WEB
4614,82,8,86.91,2025-11-04T07:17:00,WEB
4615,81,2,70.6,2025-11-28T20:00:00,WEB
4616,147,1,685.55,2025-09-11T12:00:00,MAGASIN
4617,69,8,579.54,2025-03-30T22:46:00,B2B
4618,22,4,452.75,2025-11-21T09:26:00,B2B
4619,80,1,1052.15,2025-04-17T02:34:00,MAGASIN
4620,147,4,650.42,2025-05-16T12:40:00,B2B
4621,151,4,180.23,2025-11-29T23:58:00,MAGASIN
4622,77,5,743.28,2025-03-15T01:23:00,B2B
4623,99,2,283.96,2026-02-26T07:37:00,WEB
4624,15,5,434.06,2025-12-26T05:48:00,WEB
4625,71,2,1008.35,2025-08-19T20:04:00,MAGASIN
4626,44,5,858.95,2025-12-31T16:18:00,B2B
4627,96,1,114.18,2026-01-18T23:52:00,B2B
4628,41,2,805.66,2025-11-07T05:24:00,B2B
4629,81,2,79.31,2025-10-05T18:29:00,MAGASIN
4630,36,2,546.29,2025-02-26T15:10:00,MAGASIN
4631,14,2,951.79,2025-04-25T05:39:00,MAGASIN
4632,1,6,125.11,2025-04-20T08:28:00,MAGASIN
4633,170,2,736.93,2025-09-29T03:05:00,MAGASIN
4634,183,5,794.43,2025-03-11T01:53:00,WEB
4635,156,2,782.16,2025-06-23T10:45:00,B2B
4636,168,2,776.94,2026-01-02T12:43:00,WEB
4637,177,8,1212.56,2026-01-31T21:18:00,MAGASIN
4638,78,3,1044.42,2026-02-12T10:44:00,MAGASIN
4639,166,1,139.8,2025-04-10T23:21:00,MAGASIN
4640,181,8,775.36,2025-11-21T10:11:00,B2B
4641,172,4,834.81,2025-04-20T09:52:00,B2B
4642,180,3,452.75,2026-01-31T00:20:00,WEB
4643,177,8,1113.77,2025-04-16T01:54:00,MAGASIN
4644,37,8,437.59,2025-04-17T14:09:00,MAGASIN
4645,59,1,26.95,2025-09-01T05:32:00,MAGASIN
4646,64,3,849.33,2025-09-21T03:23:00,WEB
4647,171,4,566.48,2026-02-18T11:25:00,B2B
4648,121,7,202.15,2025-12-29T05:49:00,MAGASIN
4649,178,3,322.37,2025-05-24T01:38:00,MAGASIN
4650,37,7,395.71,2026-01-10T10:05:00,B2B
4651,169,5,404.74,2025-09-16T02:57:00,WEB
4652,192,3,184.71,2025-12-04T13:09:00,MAGASIN
4653,160,1,854.55,2025-08-02T23:42:00,B2B
4654,157,3,932.79,2025-03-02T09:25:00,WEB
4655,10,6,301.9,2025-03-24T00:33:00,WEB
4656,174,2,354.55,2025-06-24T19:23:00,B2B
4657,132,2,934.99,2025-09-19T16:46:00,WEB
4658,58,4,968.79,2025-05-24T14:08:00,B2B
4659,36,7,565.35,2025-04-25T09:28:00,MAGASIN
4660,31,1,1161.53,2025-02-27T18:02:00,B2B
4661,40,1,40.8,2025-04-03T12:35:00,B2B
4662,3,4,971.25,2025-10-17T15:57:00,WEB
4663,112,6,626.85,2025-04-17T12:55:00,B2B
4664,66,4,310.52,2025-04-22T12:58:00,WEB
4665,193,5,807.17,2025-03-03T01:24:00,MAGASIN
4666,152,6,313.16,2025-10-06T13:37:00,MAGASIN
4667,47,4,271.98,2026-01-20T20:09:00,B2B
4668,73,5,753.18,2025-10-11T19:49:00,B2B
4669,163,6,1031.43,2025-03-22T07:04:00,WEB
4670,40,8,39.97,2025-04-25T10:13:00,WEB
4671,158,6,879.41,2025-04-01T13:59:00,WEB
4672,114,7,19.55,2025-02-28T14:56:00,B2B
4673,44,2,687.73,2026-02-20T00:39:00,WEB
4674,27,3,225.12,2026-01-04T20:05:00,WEB
4675,98,3,821.2,2025-10-24T20:55:00,WEB
4676,95,6,283.54,2025-08-11T16:03:00,MAGASIN
4677,13,5,854.79,2025-03-16T17:48:00,MAGASIN
4678,21,6,902.24,2025-08-08T15:00:00,B2B
4679,94,6,860.89,2025-08-04T05:42:00,WEB
4680,187,8,853.96,2025-11-11T13:21:00,MAGASIN
4681,185,7,64.37,2025-12-12T12:12:00,WEB
4682,180,2,420.81,2025-03-27T11:53:00,WEB
4683,107,7,413.86,2025-09-18T09:35:00,MAGASIN
4684,63,7,1058.44,2025-08-27T13:28:00,MAGASIN
4685,22,1,417.52,2025-07-25T05:08:00,WEB
4686,154,4,194.12,2025-04-17T18:43:00,MAGASIN
4687,59,5,22.34,2025-10-04T17:33:00,B2B
4688,81,2,63.02,2025-09-03T10:49:00,WEB
4689,154,5,234.37,2025-07-14T09:20:00,B2B
4690,56,4,985.11,2025-03-05T16:34:00,WEB
4691,138,7,537.62,2025-06-27T11:11:00,WEB
4692,192,6,191.21,2026-02-08T17:39:00,MAGASIN
4693,110,6,322.51,2025-09-21T04:14:00,B2B
4694,15,7,486.03,2026-01-02T07:06:00,B2B
4695,127,7,191.83,2026-02-23T07:18:00,WEB
4696,79,7,500.54,2026-02-13T17:06:00,MAGASIN
4697,170,3,654.11,2025-10-05T19:26:00,MAGASIN
4698,128,2,722.28,2025-04-14T03:51:00,WEB
4699,100,6,455.49,2025-07-19T10:31:00,MAGASIN
4700,97,1,525.92,2025-06-21T18:29:00,B2B
4701,50,7,83.15,2025-08-19T01:32:00,WEB
4702,118,7,24.01,2025-07-31T12:16:00,WEB
4703,66,1,309.77,2025-12-08T18:35:00,B2B
4704,190,3,606.46,2025-11-18T15:05:00,WEB
4705,187,8,849.13,2025-11-29T15:16:00,MAGASIN
4706,117,7,723.2,2025-10-11T06:15:00,WEB
4707,135,2,811.92,2026-02-13T05:22:00,WEB
4708,132,2,734.16,2025-05-15T16:47:00,MAGASIN
4709,126,1,342.15,2025-11-05T03:45:00,WEB
4710,124,1,456.84,2025-09-05T17:08:00,B2B
4711,11,6,606.37,2026-01-13T04:26:00,WEB
4712,15,7,483.84,2025-05-11T11:16:00,B2B
4713,141,6,771.44,2025-07-28T00:24:00,MAGASIN
4714,4,8,493.23,2025-08-27T07:36:00,B2B
4715,196,1,144.71,2025-10-17T22:09:00,MAGASIN
4716,100,2,434.29,2025-08-08T11:20:00,MAGASIN
4717,102,4,1031.61,2025-09-12T14:27:00,WEB
4718,23,1,822.66,2025-10-01T07:10:00,MAGASIN
4719,81,8,64.96,2025-10-15T02:23:00,WEB
4720,93,5,480.91,2026-01-30T18:41:00,WEB
4721,18,4,1042.09,2025-05-27T04:22:00,B2B
4722,59,6,27.54,2025-03-21T14:12:00,WEB
4723,139,1,536.58,2025-09-04T00:32:00,MAGASIN
4724,152,6,308.75,2025-12-21T11:56:00,B2B
4725,114,3,19.82,2025-09-28T12:14:00,WEB
4726,55,1,284.99,2025-08-27T20:52:00,WEB
4727,51,8,1060.53,2025-04-16T05:33:00,WEB
4728,63,4,1196.38,2025-11-17T06:07:00,B2B
4729,64,7,810.99,2025-05-10T03:39:00,B2B
4730,162,1,543.52,2025-12-30T13:17:00,MAGASIN
4731,70,4,505.32,2025-12-27T10:51:00,B2B
4732,83,7,143.31,2025-11-24T20:06:00,MAGASIN
4733,62,6,110.65,2025-07-13T21:11:00,WEB
4734,125,5,919.68,2025-04-17T19:08:00,B2B
4735,109,1,320.05,2025-08-16T07:49:00,MAGASIN
4736,171,8,612.23,2026-02-09T19:44:00,B2B
4737,84,4,234.79,2025-12-27T02:07:00,B2B
4738,150,1,901.38,2025-06-28T00:00:00,B2B
4739,147,7,674.7,2025-07-03T14:44:00,WEB
4740,151,4,212.54,2025-10-07T12:19:00,WEB
4741,180,2,403.24,2025-08-25T03:19:00,WEB
4742,5,7,465.26,2025-03-16T21:59:00,B2B
4743,42,4,382.97,2026-01-22T18:48:00,WEB
4744,128,3,641.14,2025-07-23T07:42:00,MAGASIN
4745,139,2,526.71,2025-07-31T04:58:00,MAGASIN
4746,186,5,782.99,2025-12-23T22:35:00,B2B
4747,88,1,425.62,2025-10-09T19:42:00,MAGASIN
4748,161,2,108.47,2025-03-26T10:27:00,B2B
4749,41,2,791.84,2026-01-24T14:10:00,WEB
4750,141,6,814.66,2025-06-01T09:46:00,B2B
4751,175,5,962.94,2025-08-13T11:01:00,B2B
4752,103,3,237.31,2025-04-17T17:57:00,MAGASIN
4753,121,1,177.4,2025-10-27T07:32:00,WEB
4754,69,4,575.54,2025-06-12T02:39:00,MAGASIN
4755,96,8,118.38,2026-02-11T14:43:00,WEB
4756,42,4,319.87,2025-08-22T03:28:00,B2B
4757,66,3,296.85,2026-01-08T22:23:00,B2B
4758,12,6,169.14,2025-10-05T02:10:00,B2B
4759,167,5,256.88,2025-06-10T05:28:00,MAGASIN
4760,134,7,752.08,2026-02-01T06:59:00,B2B
4761,57,4,782.74,2025-03-26T01:14:00,WEB
4762,197,7,242.44,2025-07-10T10:10:00,B2B
4763,65,3,214.3,2025-06-26T22:23:00,WEB
4764,193,6,650.41,2025-09-30T00:08:00,B2B
4765,77,4,610.06,2025-03-14T17:10:00,MAGASIN
4766,188,6,80.75,2025-11-07T10:46:00,B2B
4767,21,7,1009.3,2025-06-18T07:58:00,WEB
4768,167,1,260.76,2025-09-03T03:17:00,MAGASIN
4769,150,3,1139.98,2025-08-21T07:49:00,WEB
4770,140,1,139.63,2025-05-17T09:44:00,MAGASIN
4771,167,4,265.06,2026-01-07T01:58:00,WEB
4772,100,7,387.62,2025-04-25T00:44:00,WEB
4773,22,7,458.35,2025-09-14T00:29:00,B2B
4774,128,8,703.73,2025-09-20T02:15:00,WEB
4775,106,4,284.29,2025-12-22T10:03:00,WEB
4776,56,1,909.86,2025-11-26T13:02:00,WEB
4777,87,4,696.77,2025-09-08T08:25:00,WEB
4778,55,7,355.17,2026-02-12T16:02:00,MAGASIN
4779,164,3,825.17,2025-10-08T13:25:00,WEB
4780,124,5,454.06,2025-10-14T01:15:00,WEB
4781,17,7,69.39,2025-06-09T17:16:00,WEB
4782,37,1,431.88,2025-06-10T19:02:00,MAGASIN
4783,96,7,117.75,2026-02-21T18:48:00,B2B
4784,6,5,1391.22,2025-07-13T01:45:00,MAGASIN
4785,33,5,370.0,2025-11-21T01:02:00,B2B
4786,191,2,546.58,2026-01-05T10:52:00,B2B
4787,158,8,1044.94,2026-01-24T07:37:00,B2B
4788,114,8,21.61,2025-07-03T20:36:00,WEB
4789,158,4,941.8,2025-06-03T22:22:00,B2B
4790,119,7,220.51,2026-01-01T21:27:00,MAGASIN
4791,143,4,806.25,2025-03-12T01:43:00,MAGASIN
4792,112,1,761.3,2025-03-21T07:04:00,B2B
4793,188,8,80.41,2025-10-05T03:20:00,WEB
4794,16,6,181.67,2025-05-22T14:50:00,WEB
4795,161,5,119.53,2025-04-17T18:28:00,WEB
4796,172,6,823.32,2025-07-20T09:40:00,WEB
4797,105,2,72.95,2025-09-20T13:19:00,MAGASIN
4798,173,5,38.76,2026-01-13T17:13:00,MAGASIN
4799,45,7,44.8,2025-03-26T14:07:00,B2B
4800,163,5,915.34,2025-09-21T14:25:00,MAGASIN
4801,7,5,463.56,2025-12-17T09:46:00,MAGASIN
4802,147,3,532.82,2026-01-10T13:30:00,WEB
4803,181,5,795.25,2025-02-27T07:08:00,WEB
4804,21,3,791.56,2026-02-20T13:51:00,MAGASIN
4805,31,1,1076.37,2025-08-18T18:42:00,WEB
4806,39,2,1232.89,2025-04-11T02:10:00,WEB
4807,104,3,361.55,2025-10-20T14:46:00,MAGASIN
4808,157,3,931.49,2026-02-07T10:34:00,WEB
4809,165,7,1130.1,2025-06-18T22:01:00,MAGASIN
4810,113,1,1059.13,2026-01-23T22:24:00,WEB
4811,124,6,372.1,2025-10-30T07:04:00,MAGASIN
4812,88,8,536.18,2025-05-18T15:16:00,MAGASIN
4813,122,2,785.59,2025-03-17T01:04:00,B2B
4814,165,7,1148.98,2025-04-16T20:16:00,WEB
4815,140,2,142.5,2025-06-15T06:29:00,B2B
4816,195,2,444.8,2025-08-26T06:23:00,WEB
4817,36,4,552.43,2025-04-24T17:31:00,B2B
4818,166,8,156.22,2026-01-23T05:37:00,WEB
4819,46,2,1129.64,2026-02-22T22:07:00,WEB
4820,181,2,719.67,2025-05-10T14:58:00,WEB
4821,133,6,691.19,2025-04-30T22:09:00,WEB
4822,2,7,165.62,2026-01-25T14:33:00,MAGASIN
4823,37,8,431.51,2025-04-08T14:49:00,B2B
4824,50,8,92.59,2025-03-31T10:52:00,WEB
4825,121,1,202.59,2026-01-10T19:35:00,WEB
4826,181,3,716.77,2025-04-13T19:35:00,MAGASIN
4827,100,3,432.71,2026-01-31T20:46:00,MAGASIN
4828,65,8,275.46,2025-07-18T16:59:00,B2B
4829,101,3,150.25,2025-06-14T20:55:00,MAGASIN
4830,151,7,226.09,2025-03-11T07:26:00,B2B
4831,18,4,926.1,2025-09-01T07:49:00,B2B
4832,73,8,783.7,2025-06-03T07:05:00,WEB
4833,85,2,452.05,2025-04-21T07:29:00,MAGASIN
4834,55,2,348.67,2025-06-20T19:48:00,MAGASIN
4835,165,4,1009.7,2025-04-16T18:15:00,MAGASIN
4836,199,4,453.22,2025-05-31T08:57:00,WEB
4837,73,1,851.79,2025-09-08T01:41:00,MAGASIN
4838,47,5,229.74,2025-12-31T17:34:00,WEB
4839,9,3,59.58,2025-04-04T14:23:00,WEB
4840,173,2,38.72,2026-02-20T01:30:00,B2B
4841,118,7,26.77,2025-06-18T12:13:00,MAGASIN
4842,1,5,110.02,2025-09-19T14:39:00,MAGASIN
4843,128,6,640.31,2025-11-01T09:47:00,WEB
4844,177,6,1227.66,2025-11-16T09:51:00,B2B
4845,122,2,783.88,2025-12-05T18:36:00,MAGASIN
4846,75,4,717.79,2025-07-28T04:50:00,MAGASIN
4847,199,3,350.93,2025-09-02T01:09:00,WEB
4848,191,1,544.45,2025-12-20T04:29:00,B2B
4849,91,4,868.04,2025-06-12T01:22:00,WEB
4850,170,5,648.78,2026-02-09T21:47:00,B2B
4851,101,8,198.11,2025-05-17T19:33:00,WEB
4852,156,3,766.65,2025-10-15T11:56:00,B2B
4853,162,4,526.04,2025-12-31T06:02:00,WEB
4854,199,8,429.76,2025-04-21T14:59:00,B2B
4855,177,6,1249.47,2026-01-05T13:23:00,WEB
4856,195,1,443.01,2025-10-25T13:34:00,MAGASIN
4857,99,2,273.86,2026-02-17T02:37:00,B2B
4858,26,8,505.11,2026-01-04T04:20:00,MAGASIN
4859,143,2,804.72,2025-07-05T08:13:00,B2B
4860,143,5,837.1,2025-06-29T05:32:00,MAGASIN
4861,175,2,1063.09,2025-08-25T00:06:00,B2B
4862,17,7,70.26,2025-09-26T17:13:00,B2B
4863,136,3,879.66,2025-06-05T06:45:00,WEB
4864,1,1,124.02,2025-04-29T09:44:00,B2B
4865,141,7,640.87,2025-05-20T19:11:00,B2B
4866,126,6,276.97,2025-06-21T20:23:00,MAGASIN
4867,163,4,1126.26,2026-01-31T02:32:00,WEB
4868,122,7,1012.27,2025-03-31T20:36:00,WEB
4869,26,4,403.1,2026-02-23T22:14:00,MAGASIN
4870,43,1,515.52,2025-08-02T14:35:00,B2B
4871,110,8,398.07,2025-11-30T04:28:00,MAGASIN
4872,152,5,299.26,2025-02-26T21:14:00,B2B
4873,180,3,368.95,2025-04-27T11:48:00,MAGASIN
4874,112,5,784.39,2025-04-27T03:13:00,B2B
4875,14,4,922.83,2026-01-19T12:54:00,WEB
4876,81,2,80.58,2025-03-05T09:31:00,B2B
4877,166,3,177.27,2025-09-03T09:27:00,WEB
4878,136,2,968.57,2025-12-23T16:59:00,MAGASIN
4879,84,3,237.12,2025-07-24T22:58:00,B2B
4880,164,2,939.32,2025-11-24T16:02:00,B2B
4881,135,1,772.43,2026-01-18T03:51:00,WEB
4882,161,4,137.32,2025-03-14T10:38:00,MAGASIN
4883,16,2,182.03,2026-02-10T09:09:00,MAGASIN
4884,186,6,641.82,2025-03-03T22:58:00,MAGASIN
4885,18,8,1045.36,2025-12-29T13:28:00,WEB
4886,161,2,129.89,2026-01-15T01:56:00,B2B
4887,78,2,1024.17,2025-12-04T18:14:00,MAGASIN
4888,30,3,355.69,2025-06-14T09:11:00,B2B
4889,47,7,229.94,2025-07-02T22:48:00,WEB
4890,64,1,914.7,2025-07-17T04:23:00,MAGASIN
4891,127,2,186.35,2025-04-25T21:58:00,WEB
4892,32,5,363.33,2025-08-15T01:26:00,MAGASIN
4893,127,6,148.9,2025-08-01T21:58:00,MAGASIN
4894,76,4,624.06,2025-09-06T04:56:00,MAGASIN
4895,107,3,346.02,2025-09-25T08:21:00,WEB
4896,47,4,294.89,2025-03-14T17:14:00,MAGASIN
4897,199,2,448.14,2025-06-24T06:48:00,MAGASIN
4898,166,7,178.37,2025-10-11T22:20:00,WEB
4899,130,2,364.58,2026-01-06T06:37:00,MAGASIN
4900,121,1,178.86,2025-07-15T09:37:00,WEB
4901,34,8,222.55,2026-01-21T22:06:00,MAGASIN
4902,73,3,845.78,2026-02-10T16:59:00,B2B
4903,188,6,63.43,2025-10-30T06:36:00,B2B
4904,17,6,67.42,2025-04-14T09:26:00,WEB
4905,167,7,257.76,2025-12-29T10:22:00,B2B
4906,82,4,87.34,2025-10-16T01:31:00,B2B
4907,113,5,1056.33,2025-06-03T20:44:00,MAGASIN
4908,196,5,111.65,2025-10-06T10:13:00,WEB
4909,45,7,43.66,2025-11-08T04:03:00,B2B
4910,134,2,826.59,2025-02-26T16:26:00,B2B
4911,158,5,1095.17,2026-01-17T13:02:00,B2B
4912,190,3,657.34,2025-07-05T09:30:00,WEB
4913,137,7,369.76,2025-12-28T11:59:00,MAGASIN
4914,30,4,291.31,2025-03-19T03:29:00,B2B
4915,121,8,156.49,2025-03-23T01:27:00,MAGASIN
4916,15,1,491.08,2025-07-11T08:51:00,MAGASIN
4917,14,1,914.7,2025-07-29T18:20:00,WEB
4918,105,7,73.5,2025-03-22T12:00:00,MAGASIN
4919,107,1,432.29,2025-11-25T12:13:00,B2B
4920,134,8,664.29,2025-11-17T09:20:00,WEB
4921,169,1,401.16,2025-10-15T20:23:00,WEB
4922,31,7,1076.44,2025-03-16T20:29:00,MAGASIN
4923,128,8,716.71,2025-11-01T22:24:00,MAGASIN
4924,50,1,93.83,2025-12-29T02:23:00,B2B
4925,110,5,317.61,2025-07-12T23:44:00,WEB
4926,12,3,170.42,2025-11-14T21:45:00,B2B
4927,76,5,640.77,2025-06-21T20:06:00,WEB
4928,14,4,913.84,2025-06-29T20:40:00,WEB
4929,143,4,649.3,2025-06-10T19:33:00,MAGASIN
4930,21,3,1017.02,2026-02-09T19:15:00,MAGASIN
4931,104,3,367.45,2026-02-02T08:18:00,B2B
4932,94,8,885.27,2025-09-19T02:31:00,B2B
4933,111,8,664.08,2025-12-16T12:59:00,B2B
4934,120,4,645.21,2025-07-25T13:10:00,B2B
4935,165,5,1108.26,2025-05-01T01:51:00,WEB
4936,28,2,534.3,2026-02-22T03:25:00,B2B
4937,51,2,909.22,2025-11-02T13:06:00,B2B
4938,16,4,183.7,2025-03-09T10:33:00,WEB
4939,93,2,621.64,2025-06-02T07:04:00,WEB
4940,6,7,1190.08,2026-01-23T03:16:00,WEB
4941,88,1,539.88,2025-07-11T12:26:00,B2B
4942,30,8,324.19,2025-05-28T18:07:00,MAGASIN
4943,141,4,778.27,2025-10-11T02:43:00,MAGASIN
4944,47,6,242.77,2025-03-11T13:23:00,MAGASIN
4945,131,8,110.36,2025-07-10T20:29:00,WEB
4946,187,4,861.69,2025-09-19T08:23:00,B2B
4947,130,2,287.3,2025-05-27T10:12:00,MAGASIN
4948,3,8,863.23,2025-11-14T06:14:00,WEB
4949,60,8,524.19,2026-02-25T20:53:00,B2B
4950,150,3,1109.56,2025-06-03T04:31:00,B2B
4951,114,7,21.87,2026-01-11T04:11:00,B2B
4952,127,8,183.27,2025-04-03T02:36:00,MAGASIN
4953,6,7,1322.47,2025-12-21T15:37:00,MAGASIN
4954,81,8,71.46,2026-01-03T06:52:00,MAGASIN
4955,117,2,572.88,2025-03-09T23:35:00,WEB
4956,112,6,747.44,2025-07-28T12:26:00,MAGASIN
4957,163,2,987.98,2025-04-02T22:47:00,WEB
4958,50,7,87.76,2025-09-26T12:34:00,MAGASIN
4959,21,3,889.71,2025-09-26T04:25:00,WEB
4960,20,6,671.66,2025-08-30T08:07:00,MAGASIN
4961,17,2,56.97,2025-10-23T05:36:00,B2B
4962,180,1,363.79,2025-12-02T07:50:00,WEB
4963,186,3,795.31,2025-11-27T23:29:00,B2B
4964,20,4,674.45,2025-08-23T23:08:00,WEB
4965,133,5,703.9,2025-04-21T14:22:00,MAGASIN
4966,110,8,353.31,2025-06-25T15:42:00,WEB
4967,85,8,594.2,2025-12-30T05:02:00,WEB
4968,70,7,663.12,2025-05-26T15:30:00,B2B
4969,103,1,239.55,2025-10-16T21:02:00,MAGASIN
4970,123,8,108.99,2026-01-01T08:55:00,B2B
4971,74,5,260.29,2025-09-21T18:19:00,WEB
4972,55,3,343.59,2025-10-10T08:58:00,B2B
4973,175,6,1106.21,2025-09-15T00:15:00,WEB
4974,30,3,375.85,2026-02-01T22:32:00,MAGASIN
4975,99,1,220.75,2025-05-28T22:36:00,MAGASIN
4976,63,8,1113.9,2025-04-06T09:35:00,MAGASIN
4977,33,4,365.19,2025-05-07T20:25:00,WEB
4978,156,1,795.02,2025-08-25T07:27:00,B2B
4979,195,5,407.45,2025-06-09T18:43:00,B2B
4980,198,2,466.87,2026-01-23T07:27:00,B2B
4981,70,7,641.14,2025-07-10T22:16:00,WEB
4982,155,4,817.3,2025-05-26T15:29:00,MAGASIN
4983,195,7,455.5,2025-10-24T08:06:00,WEB
4984,44,2,662.08,2025-05-15T12:58:00,WEB
4985,17,7,68.56,2025-10-22T14:58:00,WEB
4986,157,6,943.72,2025-04-18T23:12:00,MAGASIN
4987,80,1,912.74,2025-03-06T23:56:00,MAGASIN
4988,75,4,727.9,2025-09-13T09:25:00,MAGASIN
4989,121,8,196.5,2026-02-14T21:07:00,B2B
4990,127,3,147.27,2025-03-25T06:45:00,MAGASIN
4991,40,4,41.59,2025-06-14T02:53:00,WEB
4992,72,1,1219.83,2026-01-29T08:44:00,WEB
4993,43,5,474.37,2025-11-10T18:46:00,B2B
4994,162,4,535.58,2025-09-16T11:30:00,WEB
4995,38,5,409.01,2025-06-25T18:06:00,WEB
4996,74,8,334.39,2025-12-12T07:05:00,MAGASIN
4997,79,4,552.79,2025-12-07T03:36:00,B2B
4998,173,4,34.56,2025-11-26T19:51:00,MAGASIN
4999,128,6,731.61,2025-06-01T17:41:00,MAGASIN
5000,117,4,591.78,2026-02-14T04:08:00,B2B
