movement_id,product_id,movement_type,direction,qty,timestamp,performed_by_user_id,reference
1,163,RETOUR,IN,87,2025-08-31T14:57:00,10,
2,102,CASSE,OUT,30,2025-07-05T23:00:00,19,
3,42,VENTE,OUT,23,2026-01-19T14:49:00,21,SALE-003508
4,123,INVENTAIRE_MOINS,OUT,40,2025-11-16T19:12:00,18,
5,157,ACHAT,IN,27,2026-02-06T18:43:00,10,PO-00024
6,96,CASSE,OUT,69,2025-08-06T07:20:00,19,
7,16,INVENTAIRE_PLUS,IN,4,2026-01-30T08:23:00,24,
8,102,RETOUR,IN,144,2026-01-25T17:05:00,10,
9,45,CASSE,OUT,57,2025-07-03T23:01:00,17,
10,115,INVENTAIRE_PLUS,IN,105,2025-08-08T15:06:00,11,
11,164,VENTE,OUT,19,2025-08-24T20:02:00,11,SALE-000439
12,53,PERTE,OUT,62,2025-12-01T16:33:00,18,
13,179,INVENTAIRE_MOINS,OUT,69,2026-02-14T09:25:00,18,
14,163,RETOUR,IN,132,2026-01-13T14:52:00,10,
15,172,PERTE,OUT,65,2025-12-05T15:37:00,17,
16,13,RETOUR,IN,66,2025-12-10T03:37:00,17,
17,167,INVENTAIRE_PLUS,IN,38,2025-07-19T17:06:00,10,
18,29,ACHAT,IN,40,2025-07-02T01:32:00,17,PO-00198
19,138,INVENTAIRE_MOINS,OUT,11,2025-11-03T09:03:00,19,
20,196,INVENTAIRE_PLUS,IN,76,2025-09-14T03:17:00,11,
21,126,ACHAT,IN,143,2025-10-12T11:17:00,11,PO-00210
22,19,CASSE,OUT,2,2025-09-12T06:57:00,10,
23,156,PERTE,OUT,6,2025-12-23T13:15:00,14,
24,9,ACHAT,IN,84,2025-08-26T06:28:00,11,PO-00069
25,160,CASSE,OUT,30,2025-07-16T15:00:00,5,
26,180,VENTE,OUT,66,2026-02-09T01:05:00,19,SALE-003609
27,122,INVENTAIRE_PLUS,IN,18,2025-07-26T10:38:00,11,
28,72,INVENTAIRE_PLUS,IN,93,2025-12-22T15:33:00,5,
29,137,INVENTAIRE_PLUS,IN,93,2025-09-03T21:30:00,14,
30,116,VENTE,OUT,2,2025-09-15T02:19:00,18,SALE-001974
31,165,PERTE,OUT,69,2025-11-02T07:28:00,17,
32,138,INVENTAIRE_MOINS,OUT,68,2025-10-18T19:04:00,5,
33,79,CASSE,OUT,62,2025-10-01T01:52:00,21,
34,27,RETOUR,IN,36,2025-12-24T11:46:00,5,
35,23,INVENTAIRE_MOINS,OUT,33,2026-01-13T15:52:00,14,
36,143,INVENTAIRE_MOINS,OUT,21,2025-10-16T16:45:00,10,
37,39,INVENTAIRE_MOINS,OUT,4,2025-11-18T18:04:00,14,
38,45,INVENTAIRE_PLUS,IN,13,2025-08-28T05:25:00,14,
39,43,ACHAT,IN,30,2026-02-23T18:46:00,11,PO-00001
40,5,INVENTAIRE_PLUS,IN,99,2025-10-31T10:36:00,10,
41,12,INVENTAIRE_MOINS,OUT,50,2026-01-26T23:25:00,10,
42,76,RETOUR,IN,24,2025-12-15T22:02:00,14,
43,142,RETOUR,IN,63,2025-09-15T21:23:00,24,
44,194,RETOUR,IN,71,2025-11-11T06:19:00,11,
45,50,RETOUR,IN,81,2025-07-28T02:10:00,10,
46,9,INVENTAIRE_PLUS,IN,5,2025-11-01T11:02:00,11,
47,1,RETOUR,IN,85,2025-08-20T05:36:00,21,
48,20,INVENTAIRE_PLUS,IN,12,2025-11-07T10:03:00,19,
49,109,ACHAT,IN,4,2025-07-10T03:35:00,18,PO-00077
50,23,PERTE,OUT,37,2026-02-26T09:26:00,18,
51,26,INVENTAIRE_PLUS,IN,69,2025-08-13T04:30:00,5,
52,134,CASSE,OUT,25,2025-11-08T10:25:00,14,
53,76,INVENTAIRE_MOINS,OUT,69,2025-08-25T05:24:00,19,
54,41,RETOUR,IN,4,2025-10-14T16:26:00,19,
55,143,VENTE,OUT,61,2025-10-14T02:18:00,21,SALE-000596
56,94,INVENTAIRE_PLUS,IN,110,2026-01-11T12:31:00,10,
57,146,RETOUR,IN,6,2025-09-02T04:45:00,11,
58,6,PERTE,OUT,56,2025-07-16T01:12:00,18,
59,117,PERTE,OUT,49,2026-02-23T14:55:00,24,
60,2,CASSE,OUT,18,2025-07-01T21:10:00,21,
61,93,RETOUR,IN,31,2025-11-01T08:31:00,17,
62,181,INVENTAIRE_PLUS,IN,36,2025-10-25T14:36:00,11,
63,20,INVENTAIRE_PLUS,IN,142,2026-01-20T15:55:00,19,
64,36,ACHAT,IN,42,2026-01-21T04:30:00,18,PO-00132
65,151,ACHAT,IN,68,2025-08-26T00:37:00,17,PO-00034
66,27,CASSE,OUT,38,2025-11-23T08:07:00,5,
67,82,INVENTAIRE_PLUS,IN,33,2026-02-26T05:51:00,11,
68,94,ACHAT,IN,148,2026-02-22T00:57:00,10,PO-00162
69,103,INVENTAIRE_PLUS,IN,88,2025-11-14T15:57:00,21,
70,44,ACHAT,IN,72,2025-07-25T08:49:00,24,PO-00042
71,144,CASSE,OUT,1,2026-02-12T21:29:00,24,
72,167,PERTE,OUT,21,2025-09-03T15:15:00,21,
73,62,RETOUR,IN,19,2025-11-19T06:01:00,18,
74,2,ACHAT,IN,90,2025-10-06T03:16:00,5,PO-00024
75,30,VENTE,OUT,23,2025-07-25T09:04:00,10,SALE-000706
76,81,ACHAT,IN,12,2025-08-20T12:46:00,21,PO-00014
77,146,ACHAT,IN,9,2025-10-31T21:09:00,19,PO-00152
78,81,VENTE,OUT,62,2025-12-23T01:07:00,10,SALE-004131
79,147,CASSE,OUT,38,2025-12-30T03:51:00,24,
80,120,INVENTAIRE_PLUS,IN,147,2026-01-03T10:38:00,11,
81,153,RETOUR,IN,30,2025-11-13T00:55:00,24,
82,37,PERTE,OUT,40,2025-08-03T06:55:00,14,
83,198,VENTE,OUT,5,2025-12-22T13:58:00,11,SALE-002882
84,199,INVENTAIRE_MOINS,OUT,29,2025-09-04T18:56:00,21,
85,76,INVENTAIRE_PLUS,IN,93,2025-11-06T15:27:00,14,
86,87,PERTE,OUT,54,2025-10-14T22:35:00,17,
87,140,INVENTAIRE_PLUS,IN,110,2025-11-04T17:23:00,24,
88,57,CASSE,OUT,39,2025-07-03T06:28:00,14,
89,141,ACHAT,IN,82,2025-08-06T16:36:00,17,PO-00104
90,36,CASSE,OUT,43,2026-02-13T09:08:00,21,
91,71,INVENTAIRE_MOINS,OUT,47,2025-11-04T04:39:00,18,
92,21,RETOUR,IN,41,2026-01-05T05:49:00,5,
93,153,RETOUR,IN,84,2026-01-30T22:29:00,17,
94,188,INVENTAIRE_PLUS,IN,27,2025-07-14T16:54:00,10,
95,26,INVENTAIRE_PLUS,IN,100,2026-02-02T04:17:00,5,
96,37,RETOUR,IN,114,2025-09-05T11:57:00,11,
97,44,INVENTAIRE_MOINS,OUT,48,2025-07-06T16:40:00,17,
98,179,PERTE,OUT,1,2025-07-13T21:18:00,11,
99,47,RETOUR,IN,145,2025-11-27T23:00:00,11,
100,107,VENTE,OUT,11,2025-12-07T20:39:00,14,SALE-001500
101,89,CASSE,OUT,57,2025-09-17T04:39:00,5,
102,113,RETOUR,IN,26,2025-08-15T09:15:00,14,
103,34,INVENTAIRE_PLUS,IN,13,2025-07-03T12:15:00,18,
104,165,ACHAT,IN,17,2026-02-14T23:35:00,17,PO-00174
105,160,RETOUR,IN,4,2026-01-05T01:03:00,10,
106,1,ACHAT,IN,9,2025-07-17T17:33:00,5,PO-00130
107,157,CASSE,OUT,9,2026-02-08T06:41:00,10,
108,57,CASSE,OUT,23,2025-10-10T12:38:00,14,
109,96,CASSE,OUT,19,2026-02-15T12:36:00,10,
110,9,RETOUR,IN,146,2025-07-01T06:00:00,5,
111,102,VENTE,OUT,10,2025-10-10T11:15:00,21,SALE-003912
112,68,INVENTAIRE_PLUS,IN,62,2025-10-27T07:43:00,11,
113,184,PERTE,OUT,25,2025-10-04T14:41:00,18,
114,58,RETOUR,IN,126,2025-11-01T11:12:00,11,
115,86,ACHAT,IN,42,2025-09-17T12:07:00,5,PO-00019
116,127,RETOUR,IN,81,2025-12-23T19:03:00,19,
117,48,RETOUR,IN,138,2025-12-23T18:23:00,5,
118,161,INVENTAIRE_PLUS,IN,39,2026-01-01T16:41:00,18,
119,25,INVENTAIRE_PLUS,IN,9,2025-10-03T22:19:00,19,
120,174,ACHAT,IN,2,2025-09-16T06:25:00,19,PO-00131
121,65,ACHAT,IN,30,2026-02-04T11:35:00,21,PO-00057
122,35,VENTE,OUT,37,2025-07-12T02:39:00,21,SALE-002737
123,194,INVENTAIRE_MOINS,OUT,42,2025-07-22T05:05:00,11,
124,23,INVENTAIRE_PLUS,IN,109,2025-12-09T18:35:00,5,
125,60,PERTE,OUT,54,2025-09-08T18:09:00,5,
126,178,RETOUR,IN,91,2025-10-16T18:56:00,17,
127,119,VENTE,OUT,17,2026-02-26T09:53:00,10,SALE-002821
128,42,INVENTAIRE_PLUS,IN,2,2026-01-11T17:33:00,11,
129,26,PERTE,OUT,9,2025-11-28T07:10:00,10,
130,134,INVENTAIRE_MOINS,OUT,1,2025-09-04T12:24:00,10,
131,112,ACHAT,IN,129,2025-11-07T17:26:00,18,PO-00086
132,141,CASSE,OUT,60,2025-09-03T08:50:00,10,
133,98,VENTE,OUT,7,2025-08-18T13:02:00,14,SALE-003922
134,137,PERTE,OUT,9,2025-10-09T11:22:00,11,
135,131,INVENTAIRE_MOINS,OUT,23,2025-08-05T07:43:00,18,
136,80,VENTE,OUT,66,2026-01-22T18:14:00,21,SALE-001332
137,1,INVENTAIRE_PLUS,IN,55,2025-09-22T14:26:00,11,
138,161,PERTE,OUT,18,2025-09-10T19:57:00,17,
139,23,RETOUR,IN,72,2025-09-12T17:14:00,11,
140,192,VENTE,OUT,9,2025-11-11T12:24:00,14,SALE-000084
141,173,INVENTAIRE_PLUS,IN,4,2026-01-25T22:20:00,14,
142,13,INVENTAIRE_PLUS,IN,39,2026-01-01T19:52:00,21,
143,128,ACHAT,IN,27,2025-12-26T12:15:00,14,PO-00011
144,199,VENTE,OUT,54,2025-12-03T22:34:00,17,SALE-003243
145,51,ACHAT,IN,89,2025-08-27T04:46:00,21,PO-00117
146,118,INVENTAIRE_PLUS,IN,25,2025-09-23T06:46:00,11,
147,197,ACHAT,IN,42,2025-09-26T21:34:00,10,PO-00121
148,77,INVENTAIRE_PLUS,IN,11,2025-07-21T18:23:00,24,
149,56,ACHAT,IN,68,2025-12-25T00:26:00,17,PO-00018
150,159,ACHAT,IN,39,2025-10-04T21:09:00,14,PO-00031
151,108,INVENTAIRE_PLUS,IN,15,2025-11-25T11:25:00,18,
152,107,INVENTAIRE_MOINS,OUT,59,2025-08-18T22:36:00,14,
153,180,ACHAT,IN,22,2025-10-03T07:09:00,19,PO-00093
154,93,INVENTAIRE_PLUS,IN,74,2025-08-11T15:41:00,5,
155,113,INVENTAIRE_MOINS,OUT,26,2025-09-04T14:22:00,14,
156,184,RETOUR,IN,89,2026-02-24T14:19:00,19,
157,43,ACHAT,IN,44,2025-11-20T19:33:00,10,PO-00023
158,76,CASSE,OUT,28,2025-08-09T10:18:00,11,
159,190,INVENTAIRE_PLUS,IN,143,2025-09-01T13:43:00,11,
160,26,VENTE,OUT,69,2025-08-22T08:22:00,10,SALE-003339
161,38,CASSE,OUT,11,2025-09-11T04:24:00,19,
162,68,INVENTAIRE_PLUS,IN,87,2025-08-04T16:04:00,11,
163,185,CASSE,OUT,59,2026-01-10T12:18:00,5,
164,94,PERTE,OUT,32,2025-12-22T17:08:00,5,
165,177,ACHAT,IN,94,2025-07-24T02:27:00,21,PO-00104
166,8,INVENTAIRE_PLUS,IN,69,2025-11-24T09:11:00,19,
167,177,CASSE,OUT,64,2025-12-04T09:35:00,17,
168,185,CASSE,OUT,26,2025-11-26T16:33:00,18,
169,145,RETOUR,IN,101,2025-11-20T00:22:00,24,
170,98,VENTE,OUT,56,2026-01-04T15:52:00,10,SALE-001451
171,88,ACHAT,IN,138,2025-09-01T23:24:00,18,PO-00215
172,159,CASSE,OUT,66,2026-02-04T13:49:00,19,
173,153,RETOUR,IN,148,2025-11-21T11:41:00,21,
174,47,ACHAT,IN,4,2025-11-02T15:52:00,14,PO-00095
175,199,VENTE,OUT,35,2026-01-11T11:53:00,17,SALE-000432
176,171,PERTE,OUT,32,2025-08-08T18:34:00,10,
177,78,CASSE,OUT,28,2025-08-27T22:32:00,19,
178,57,INVENTAIRE_MOINS,OUT,29,2026-01-31T02:03:00,5,
179,8,VENTE,OUT,64,2025-07-01T07:08:00,18,SALE-001369
180,37,VENTE,OUT,48,2025-08-24T06:32:00,10,SALE-004563
181,72,ACHAT,IN,93,2025-08-02T02:43:00,11,PO-00111
182,130,CASSE,OUT,35,2025-07-25T02:19:00,21,
183,13,ACHAT,IN,42,2025-07-19T03:01:00,5,PO-00178
184,136,RETOUR,IN,38,2026-01-01T09:31:00,21,
185,34,INVENTAIRE_MOINS,OUT,42,2025-11-14T17:48:00,21,
186,1,ACHAT,IN,12,2025-07-05T03:16:00,18,PO-00209
187,40,VENTE,OUT,4,2025-07-04T12:40:00,24,SALE-000374
188,10,ACHAT,IN,124,2025-07-22T02:49:00,11,PO-00017
189,80,RETOUR,IN,50,2026-01-27T10:59:00,17,
190,59,VENTE,OUT,28,2025-08-15T11:27:00,10,SALE-004050
191,43,PERTE,OUT,16,2026-01-07T11:21:00,18,
192,90,INVENTAIRE_MOINS,OUT,23,2025-07-09T00:59:00,11,
193,148,INVENTAIRE_MOINS,OUT,32,2025-11-30T19:14:00,18,
194,158,INVENTAIRE_PLUS,IN,55,2025-07-09T16:51:00,11,
195,39,INVENTAIRE_MOINS,OUT,30,2025-08-31T04:48:00,24,
196,155,VENTE,OUT,37,2025-11-25T08:16:00,14,SALE-002901
197,58,RETOUR,IN,110,2026-02-04T07:38:00,5,
198,121,ACHAT,IN,142,2025-11-01T22:28:00,11,PO-00100
199,156,ACHAT,IN,130,2025-08-04T18:07:00,14,PO-00098
200,10,RETOUR,IN,32,2026-01-18T11:54:00,18,
201,166,PERTE,OUT,24,2025-08-30T21:06:00,21,
202,171,INVENTAIRE_MOINS,OUT,34,2025-10-13T15:11:00,19,
203,123,RETOUR,IN,68,2026-01-24T19:47:00,14,
204,177,PERTE,OUT,21,2025-07-06T01:28:00,5,
205,163,INVENTAIRE_PLUS,IN,75,2025-12-24T19:38:00,24,
206,172,PERTE,OUT,24,2026-01-12T00:38:00,19,
207,15,INVENTAIRE_PLUS,IN,87,2026-01-03T12:19:00,5,
208,100,INVENTAIRE_PLUS,IN,123,2025-07-20T16:56:00,10,
209,137,RETOUR,IN,126,2025-12-18T20:08:00,14,
210,2,RETOUR,IN,59,2025-07-22T06:41:00,10,
211,168,PERTE,OUT,2,2025-07-14T02:56:00,14,
212,199,RETOUR,IN,15,2025-10-19T14:18:00,19,
213,59,INVENTAIRE_MOINS,OUT,47,2025-11-20T21:40:00,17,
214,122,RETOUR,IN,65,2025-10-04T21:09:00,11,
215,161,CASSE,OUT,12,2025-11-09T00:43:00,10,
216,20,CASSE,OUT,43,2025-11-09T15:59:00,10,
217,148,PERTE,OUT,42,2025-11-03T06:29:00,18,
218,48,ACHAT,IN,36,2026-02-22T15:50:00,19,PO-00041
219,171,INVENTAIRE_PLUS,IN,128,2026-02-02T19:14:00,10,
220,39,ACHAT,IN,147,2025-12-26T01:33:00,19,PO-00119
221,137,INVENTAIRE_MOINS,OUT,52,2026-02-17T05:27:00,21,
222,56,RETOUR,IN,126,2025-07-13T08:46:00,10,
223,155,PERTE,OUT,17,2025-11-06T03:36:00,5,
224,118,INVENTAIRE_MOINS,OUT,70,2025-11-11T12:45:00,14,
225,162,CASSE,OUT,26,2026-01-28T04:55:00,19,
226,85,ACHAT,IN,132,2025-09-07T00:10:00,18,PO-00047
227,60,ACHAT,IN,41,2026-01-27T05:56:00,18,PO-00216
228,7,INVENTAIRE_MOINS,OUT,49,2025-12-19T14:24:00,21,
229,73,INVENTAIRE_PLUS,IN,13,2026-02-26T19:34:00,24,
230,119,RETOUR,IN,140,2025-09-09T10:29:00,19,
231,77,INVENTAIRE_MOINS,OUT,40,2025-07-15T21:34:00,14,
232,99,INVENTAIRE_MOINS,OUT,5,2025-12-23T13:58:00,5,
233,105,RETOUR,IN,57,2025-10-29T17:58:00,19,
234,70,PERTE,OUT,60,2025-11-06T21:53:00,18,
235,36,INVENTAIRE_MOINS,OUT,29,2025-12-06T17:57:00,18,
236,152,ACHAT,IN,46,2025-11-24T12:53:00,11,PO-00136
237,42,INVENTAIRE_PLUS,IN,53,2025-11-09T14:45:00,10,
238,81,CASSE,OUT,51,2025-11-29T14:34:00,19,
239,64,RETOUR,IN,68,2025-07-18T14:13:00,14,
240,79,VENTE,OUT,40,2025-09-23T20:35:00,14,SALE-004977
241,63,CASSE,OUT,36,2025-10-01T09:42:00,14,
242,148,INVENTAIRE_MOINS,OUT,34,2026-02-22T07:12:00,24,
243,44,ACHAT,IN,85,2025-10-21T10:52:00,21,PO-00186
244,56,CASSE,OUT,13,2025-12-25T18:54:00,5,
245,195,PERTE,OUT,8,2025-09-03T18:53:00,21,
246,195,RETOUR,IN,78,2025-07-11T07:38:00,14,
247,74,INVENTAIRE_MOINS,OUT,48,2025-12-02T08:09:00,11,
248,200,ACHAT,IN,3,2026-02-16T14:43:00,19,PO-00218
249,78,ACHAT,IN,38,2025-08-25T04:46:00,5,PO-00211
250,8,INVENTAIRE_PLUS,IN,92,2026-01-30T19:11:00,10,
251,53,INVENTAIRE_MOINS,OUT,43,2025-07-22T11:05:00,18,
252,136,INVENTAIRE_MOINS,OUT,25,2025-12-04T05:39:00,21,
253,1,INVENTAIRE_MOINS,OUT,11,2025-07-05T05:21:00,14,
254,18,RETOUR,IN,142,2025-12-12T17:44:00,18,
255,102,ACHAT,IN,19,2025-12-31T06:25:00,18,PO-00013
256,53,ACHAT,IN,49,2025-07-29T10:50:00,11,PO-00009
257,64,RETOUR,IN,75,2026-01-11T15:34:00,14,
258,168,RETOUR,IN,60,2025-09-10T09:15:00,19,
259,130,INVENTAIRE_MOINS,OUT,70,2025-07-29T23:58:00,24,
260,167,INVENTAIRE_PLUS,IN,37,2025-10-04T15:36:00,5,
261,40,VENTE,OUT,63,2025-11-06T14:56:00,21,SALE-002159
262,49,CASSE,OUT,27,2025-07-26T13:57:00,11,
263,59,CASSE,OUT,7,2026-01-16T18:08:00,24,
264,157,INVENTAIRE_MOINS,OUT,51,2025-12-02T18:32:00,18,
265,187,PERTE,OUT,26,2026-01-06T19:27:00,11,
266,160,VENTE,OUT,18,2026-02-22T19:39:00,19,SALE-004700
267,28,ACHAT,IN,59,2026-02-21T16:48:00,17,PO-00105
268,120,INVENTAIRE_PLUS,IN,32,2025-09-08T10:10:00,21,
269,94,VENTE,OUT,57,2025-07-22T10:51:00,21,SALE-004995
270,157,RETOUR,IN,64,2025-07-11T00:57:00,11,
271,72,PERTE,OUT,8,2026-02-06T18:02:00,14,
272,189,CASSE,OUT,63,2026-01-14T16:59:00,14,
273,70,PERTE,OUT,6,2026-01-25T06:42:00,21,
274,18,VENTE,OUT,12,2025-11-02T01:50:00,11,SALE-001085
275,75,RETOUR,IN,15,2025-11-06T00:34:00,17,
276,170,INVENTAIRE_MOINS,OUT,14,2025-07-29T08:19:00,21,
277,83,INVENTAIRE_MOINS,OUT,14,2025-09-20T04:01:00,11,
278,68,RETOUR,IN,139,2025-12-30T06:05:00,21,
279,40,INVENTAIRE_MOINS,OUT,19,2025-12-02T07:05:00,10,
280,47,INVENTAIRE_PLUS,IN,11,2025-08-05T05:10:00,18,
281,99,INVENTAIRE_PLUS,IN,73,2025-08-28T15:02:00,24,
282,186,PERTE,OUT,63,2025-12-25T03:48:00,21,
283,147,VENTE,OUT,24,2026-02-01T19:55:00,10,SALE-000387
284,31,VENTE,OUT,31,2025-09-01T12:16:00,24,SALE-003408
285,191,VENTE,OUT,59,2025-07-23T22:05:00,21,SALE-002387
286,178,INVENTAIRE_PLUS,IN,58,2025-09-26T19:38:00,10,
287,151,CASSE,OUT,46,2026-01-12T04:40:00,10,
288,127,ACHAT,IN,37,2025-07-10T08:36:00,17,PO-00064
289,57,PERTE,OUT,21,2026-02-21T12:06:00,17,
290,39,RETOUR,IN,46,2025-11-22T02:40:00,17,
291,152,INVENTAIRE_MOINS,OUT,25,2025-07-09T17:13:00,5,
292,178,PERTE,OUT,26,2025-12-14T14:41:00,21,
293,5,INVENTAIRE_PLUS,IN,128,2025-10-19T04:23:00,18,
294,4,ACHAT,IN,43,2026-02-24T12:21:00,19,PO-00197
295,130,VENTE,OUT,41,2026-01-09T02:32:00,21,SALE-002109
296,160,PERTE,OUT,51,2025-11-09T03:18:00,14,
297,41,CASSE,OUT,54,2025-12-29T15:49:00,21,
298,128,ACHAT,IN,41,2025-07-08T12:24:00,11,PO-00005
299,108,RETOUR,IN,90,2025-10-11T21:51:00,11,
300,8,PERTE,OUT,20,2025-09-28T14:53:00,10,
301,83,INVENTAIRE_MOINS,OUT,28,2026-02-16T19:23:00,18,
302,81,INVENTAIRE_MOINS,OUT,30,2025-11-07T16:31:00,11,
303,166,INVENTAIRE_PLUS,IN,76,2025-09-09T18:58:00,19,
304,97,INVENTAIRE_PLUS,IN,67,2025-09-20T07:59:00,24,
305,87,ACHAT,IN,28,2025-12-31T03:26:00,5,PO-00012
306,70,PERTE,OUT,21,2026-02-10T03:55:00,11,
307,39,ACHAT,IN,20,2025-11-23T00:42:00,24,PO-00170
308,29,PERTE,OUT,56,2025-10-10T10:26:00,21,
309,103,ACHAT,IN,27,2025-08-15T05:53:00,24,PO-00084
310,68,VENTE,OUT,50,2025-12-09T14:12:00,11,SALE-000008
311,11,PERTE,OUT,65,2025-07-07T08:32:00,24,
312,123,RETOUR,IN,134,2025-12-05T00:36:00,19,
313,73,INVENTAIRE_MOINS,OUT,40,2025-08-12T00:53:00,19,
314,186,RETOUR,IN,47,2026-01-29T04:51:00,19,
315,38,ACHAT,IN,47,2026-02-22T14:16:00,10,PO-00012
316,73,RETOUR,IN,137,2026-01-02T20:42:00,21,
317,131,VENTE,OUT,12,2025-10-29T04:32:00,11,SALE-003329
318,151,CASSE,OUT,68,2026-02-02T03:50:00,24,
319,179,INVENTAIRE_PLUS,IN,141,2026-02-21T22:46:00,19,
320,109,INVENTAIRE_PLUS,IN,44,2025-08-30T23:57:00,5,
321,90,PERTE,OUT,70,2025-12-02T17:26:00,19,
322,49,VENTE,OUT,42,2025-09-18T22:40:00,11,SALE-002214
323,63,PERTE,OUT,1,2025-07-02T12:25:00,11,
324,107,PERTE,OUT,8,2026-02-11T09:35:00,24,
325,179,RETOUR,IN,112,2025-07-03T16:06:00,14,
326,46,PERTE,OUT,65,2025-09-23T11:17:00,14,
327,55,INVENTAIRE_MOINS,OUT,11,2025-10-20T13:20:00,10,
328,162,INVENTAIRE_MOINS,OUT,23,2025-11-17T09:54:00,14,
329,112,VENTE,OUT,1,2026-02-07T17:51:00,24,SALE-001285
330,52,PERTE,OUT,13,2025-09-07T06:06:00,24,
331,188,CASSE,OUT,24,2025-10-31T00:22:00,10,
332,136,INVENTAIRE_PLUS,IN,6,2025-11-15T08:29:00,19,
333,25,INVENTAIRE_MOINS,OUT,48,2025-07-30T05:50:00,5,
334,163,VENTE,OUT,35,2025-12-25T21:21:00,11,SALE-003827
335,156,RETOUR,IN,30,2025-11-01T07:16:00,10,
336,91,INVENTAIRE_MOINS,OUT,69,2025-09-15T16:26:00,17,
337,90,PERTE,OUT,3,2025-08-27T00:51:00,19,
338,97,RETOUR,IN,137,2025-11-20T18:21:00,18,
339,148,PERTE,OUT,42,2025-11-04T17:41:00,24,
340,152,PERTE,OUT,44,2025-12-05T16:22:00,17,
341,172,INVENTAIRE_PLUS,IN,3,2025-08-15T09:13:00,17,
342,35,VENTE,OUT,57,2025-12-20T03:30:00,11,SALE-003376
343,109,CASSE,OUT,9,2025-08-15T09:24:00,19,
344,125,ACHAT,IN,142,2025-08-10T04:31:00,17,PO-00176
345,175,INVENTAIRE_PLUS,IN,91,2025-09-04T04:06:00,17,
346,104,INVENTAIRE_PLUS,IN,50,2025-08-05T04:09:00,24,
347,78,RETOUR,IN,63,2025-12-15T09:27:00,18,
348,53,INVENTAIRE_PLUS,IN,138,2025-08-04T06:54:00,19,
349,75,VENTE,OUT,34,2025-12-14T14:00:00,11,SALE-004217
350,101,CASSE,OUT,22,2026-01-27T22:50:00,19,
351,36,VENTE,OUT,51,2025-11-16T14:25:00,5,SALE-000149
352,140,INVENTAIRE_PLUS,IN,65,2025-11-27T07:54:00,14,
353,1,PERTE,OUT,6,2025-12-04T08:41:00,24,
354,142,INVENTAIRE_PLUS,IN,122,2025-12-21T00:54:00,24,
355,89,ACHAT,IN,4,2026-01-19T09:10:00,18,PO-00004
356,13,ACHAT,IN,89,2025-08-26T11:12:00,19,PO-00027
357,152,CASSE,OUT,27,2026-02-22T12:36:00,17,
358,25,PERTE,OUT,57,2025-10-11T02:06:00,17,
359,111,ACHAT,IN,129,2025-08-16T08:02:00,5,PO-00168
360,31,PERTE,OUT,54,2025-07-17T03:09:00,5,
361,8,ACHAT,IN,110,2025-11-23T01:53:00,5,PO-00060
362,70,CASSE,OUT,33,2026-01-24T04:22:00,5,
363,101,INVENTAIRE_PLUS,IN,88,2025-11-10T06:03:00,19,
364,96,ACHAT,IN,97,2026-01-21T19:53:00,18,PO-00089
365,157,INVENTAIRE_MOINS,OUT,18,2025-12-08T10:11:00,11,
366,48,PERTE,OUT,16,2025-09-24T23:39:00,14,
367,56,CASSE,OUT,57,2025-08-07T23:44:00,21,
368,79,RETOUR,IN,78,2025-10-11T14:17:00,18,
369,96,INVENTAIRE_MOINS,OUT,42,2026-01-14T20:06:00,14,
370,137,ACHAT,IN,126,2025-07-29T21:52:00,17,PO-00086
371,187,ACHAT,IN,43,2025-08-31T04:57:00,5,PO-00190
372,64,INVENTAIRE_PLUS,IN,48,2026-02-03T21:01:00,21,
373,61,PERTE,OUT,60,2025-10-23T18:33:00,17,
374,138,PERTE,OUT,45,2025-10-07T13:15:00,18,
375,142,ACHAT,IN,150,2025-09-08T14:50:00,18,PO-00036
376,183,VENTE,OUT,52,2026-01-28T07:40:00,21,SALE-003017
377,158,ACHAT,IN,15,2025-12-02T22:27:00,5,PO-00093
378,79,CASSE,OUT,58,2025-11-02T14:43:00,21,
379,59,PERTE,OUT,46,2025-08-13T19:41:00,21,
380,136,CASSE,OUT,15,2025-07-28T09:53:00,18,
381,149,INVENTAIRE_PLUS,IN,118,2026-01-06T15:42:00,14,
382,10,RETOUR,IN,131,2025-10-13T23:46:00,14,
383,32,INVENTAIRE_MOINS,OUT,11,2025-07-18T21:16:00,14,
384,62,PERTE,OUT,55,2025-07-02T22:28:00,21,
385,130,PERTE,OUT,9,2025-11-28T18:30:00,24,
386,122,RETOUR,IN,143,2025-11-07T18:40:00,10,
387,81,RETOUR,IN,79,2025-11-14T13:07:00,14,
388,84,INVENTAIRE_MOINS,OUT,66,2026-02-14T20:28:00,10,
389,92,RETOUR,IN,49,2025-12-14T15:05:00,19,
390,128,RETOUR,IN,114,2025-08-20T11:01:00,11,
391,152,VENTE,OUT,40,2025-12-31T17:08:00,19,SALE-001119
392,151,CASSE,OUT,49,2025-09-18T10:44:00,18,
393,14,VENTE,OUT,5,2026-01-29T22:26:00,24,SALE-002788
394,123,ACHAT,IN,137,2025-07-10T16:07:00,18,PO-00042
395,25,INVENTAIRE_MOINS,OUT,67,2025-12-14T14:50:00,17,
396,100,INVENTAIRE_PLUS,IN,133,2025-12-12T04:12:00,21,
397,150,ACHAT,IN,144,2025-07-08T12:08:00,21,PO-00085
398,163,CASSE,OUT,67,2026-01-25T07:13:00,10,
399,152,ACHAT,IN,19,2025-11-06T00:23:00,21,PO-00188
400,138,VENTE,OUT,18,2025-12-12T07:26:00,14,SALE-004985
401,116,INVENTAIRE_MOINS,OUT,2,2025-07-04T13:12:00,24,
402,77,CASSE,OUT,43,2025-08-03T20:10:00,17,
403,53,ACHAT,IN,134,2025-11-18T07:54:00,10,PO-00047
404,186,ACHAT,IN,54,2025-10-14T07:39:00,19,PO-00218
405,138,ACHAT,IN,148,2025-12-26T04:29:00,24,PO-00021
406,71,CASSE,OUT,2,2025-07-14T23:13:00,11,
407,27,INVENTAIRE_PLUS,IN,13,2025-11-24T13:51:00,24,
408,109,PERTE,OUT,29,2025-07-31T12:55:00,18,
409,191,ACHAT,IN,119,2025-08-19T23:11:00,18,PO-00050
410,33,VENTE,OUT,16,2026-01-26T05:45:00,10,SALE-000086
411,64,PERTE,OUT,61,2025-12-10T19:19:00,18,
412,90,INVENTAIRE_PLUS,IN,110,2026-02-16T05:57:00,24,
413,84,VENTE,OUT,65,2025-08-27T20:58:00,17,SALE-002685
414,16,CASSE,OUT,28,2025-08-28T09:47:00,19,
415,18,INVENTAIRE_MOINS,OUT,27,2025-11-21T11:52:00,21,
416,21,RETOUR,IN,131,2025-08-26T04:35:00,14,
417,54,INVENTAIRE_PLUS,IN,16,2025-08-30T23:20:00,18,
418,140,RETOUR,IN,24,2025-11-25T03:42:00,21,
419,171,INVENTAIRE_PLUS,IN,86,2025-07-21T11:08:00,19,
420,62,PERTE,OUT,46,2025-11-30T20:54:00,19,
421,75,INVENTAIRE_PLUS,IN,11,2025-09-11T19:07:00,24,
422,62,ACHAT,IN,117,2026-02-19T18:26:00,19,PO-00197
423,167,ACHAT,IN,88,2025-07-07T16:42:00,11,PO-00134
424,22,RETOUR,IN,66,2026-02-09T01:17:00,19,
425,20,ACHAT,IN,119,2025-12-06T03:03:00,14,PO-00086
426,138,CASSE,OUT,53,2025-07-29T15:58:00,18,
427,32,INVENTAIRE_PLUS,IN,144,2025-10-10T23:52:00,21,
428,55,ACHAT,IN,125,2025-11-11T17:33:00,11,PO-00131
429,27,RETOUR,IN,70,2025-11-02T20:27:00,14,
430,152,ACHAT,IN,6,2025-10-02T10:24:00,5,PO-00108
431,127,INVENTAIRE_PLUS,IN,1,2025-10-04T18:49:00,24,
432,138,CASSE,OUT,66,2025-11-02T15:05:00,18,
433,194,VENTE,OUT,31,2025-07-29T13:26:00,21,SALE-001113
434,126,RETOUR,IN,51,2026-02-21T03:33:00,24,
435,144,VENTE,OUT,50,2025-07-27T15:11:00,5,SALE-001664
436,79,VENTE,OUT,65,2025-10-23T17:25:00,21,SALE-003631
437,167,PERTE,OUT,30,2026-01-03T11:42:00,21,
438,116,RETOUR,IN,25,2025-12-29T02:00:00,5,
439,160,CASSE,OUT,25,2025-10-18T03:05:00,19,
440,6,ACHAT,IN,102,2026-01-23T12:44:00,11,PO-00011
441,68,ACHAT,IN,60,2025-07-13T21:21:00,5,PO-00186
442,168,RETOUR,IN,35,2026-02-25T15:12:00,17,
443,17,INVENTAIRE_PLUS,IN,127,2025-09-03T05:07:00,17,
444,26,PERTE,OUT,35,2025-11-23T16:07:00,24,
445,165,INVENTAIRE_PLUS,IN,124,2025-08-28T04:41:00,10,
446,163,PERTE,OUT,36,2025-10-10T09:59:00,24,
447,122,RETOUR,IN,66,2025-07-20T05:34:00,14,
448,47,ACHAT,IN,127,2025-07-26T14:10:00,11,PO-00048
449,75,INVENTAIRE_PLUS,IN,55,2026-01-13T10:54:00,10,
450,137,VENTE,OUT,5,2026-01-08T14:36:00,24,SALE-003536
451,26,PERTE,OUT,7,2025-10-28T23:51:00,24,
452,103,INVENTAIRE_PLUS,IN,44,2026-02-12T19:11:00,5,
453,9,PERTE,OUT,51,2025-07-13T10:14:00,11,
454,18,PERTE,OUT,53,2025-10-10T05:59:00,5,
455,87,INVENTAIRE_PLUS,IN,81,2026-02-19T22:54:00,21,
456,63,INVENTAIRE_PLUS,IN,4,2026-02-20T09:47:00,21,
457,23,ACHAT,IN,116,2026-01-14T18:55:00,10,PO-00053
458,139,VENTE,OUT,66,2025-10-29T21:19:00,19,SALE-004061
459,37,ACHAT,IN,65,2025-12-08T01:11:00,17,PO-00191
460,105,INVENTAIRE_MOINS,OUT,15,2025-10-04T18:25:00,10,
461,122,INVENTAIRE_MOINS,OUT,33,2025-12-10T16:34:00,5,
462,38,CASSE,OUT,38,2025-07-22T19:49:00,18,
463,37,RETOUR,IN,4,2026-01-21T13:49:00,14,
464,151,ACHAT,IN,37,2025-08-23T02:14:00,5,PO-00150
465,70,RETOUR,IN,122,2025-07-15T18:36:00,5,
466,54,INVENTAIRE_MOINS,OUT,46,2025-12-08T20:46:00,11,
467,121,INVENTAIRE_PLUS,IN,120,2025-09-25T14:14:00,24,
468,7,PERTE,OUT,35,2025-11-30T01:38:00,24,
469,90,ACHAT,IN,34,2026-01-30T20:24:00,10,PO-00082
470,138,VENTE,OUT,22,2025-08-04T10:26:00,19,SALE-002340
471,188,INVENTAIRE_MOINS,OUT,33,2025-10-27T06:33:00,24,
472,173,ACHAT,IN,119,2025-11-21T22:02:00,5,PO-00129
473,135,RETOUR,IN,67,2026-02-20T07:13:00,14,
474,113,VENTE,OUT,15,2025-10-03T22:29:00,17,SALE-004647
475,34,RETOUR,IN,12,2026-02-14T11:24:00,24,
476,197,PERTE,OUT,51,2025-09-24T00:20:00,11,
477,51,PERTE,OUT,36,2025-10-11T15:28:00,19,
478,70,ACHAT,IN,130,2026-01-17T20:46:00,24,PO-00106
479,82,ACHAT,IN,38,2025-08-28T23:50:00,10,PO-00043
480,52,INVENTAIRE_MOINS,OUT,19,2025-07-20T23:38:00,18,
481,1,PERTE,OUT,1,2026-02-11T23:59:00,24,
482,133,RETOUR,IN,104,2025-11-02T16:23:00,10,
483,157,INVENTAIRE_PLUS,IN,134,2025-10-03T05:55:00,10,
484,65,ACHAT,IN,6,2025-10-01T21:36:00,11,PO-00211
485,61,RETOUR,IN,52,2025-07-02T09:13:00,24,
486,198,INVENTAIRE_MOINS,OUT,6,2025-11-19T23:26:00,18,
487,77,VENTE,OUT,55,2025-10-27T15:36:00,14,SALE-000333
488,13,INVENTAIRE_PLUS,IN,132,2025-12-18T02:46:00,14,
489,112,ACHAT,IN,63,2025-11-04T21:01:00,10,PO-00134
490,22,INVENTAIRE_PLUS,IN,143,2025-09-14T12:16:00,17,
491,85,INVENTAIRE_PLUS,IN,80,2026-01-19T23:48:00,17,
492,171,RETOUR,IN,53,2025-12-06T16:43:00,19,
493,106,RETOUR,IN,97,2025-10-02T04:22:00,17,
494,73,CASSE,OUT,52,2025-11-08T09:51:00,5,
495,25,ACHAT,IN,69,2025-07-16T03:14:00,5,PO-00208
496,36,VENTE,OUT,65,2026-01-19T19:19:00,14,SALE-004206
497,115,CASSE,OUT,1,2026-01-19T11:51:00,5,
498,136,ACHAT,IN,128,2025-12-21T01:40:00,11,PO-00120
499,59,CASSE,OUT,25,2025-11-13T14:50:00,14,
500,89,VENTE,OUT,2,2025-12-13T21:50:00,10,SALE-004588
501,36,CASSE,OUT,14,2025-10-09T20:17:00,19,
502,18,CASSE,OUT,45,2025-10-05T23:42:00,19,
503,30,VENTE,OUT,60,2025-09-25T18:46:00,5,SALE-002167
504,110,ACHAT,IN,22,2026-01-25T06:45:00,24,PO-00037
505,118,ACHAT,IN,45,2026-01-06T19:24:00,19,PO-00018
506,90,ACHAT,IN,68,2025-10-13T01:37:00,5,PO-00128
507,189,RETOUR,IN,58,2025-08-02T00:02:00,17,
508,80,ACHAT,IN,79,2025-09-12T18:03:00,11,PO-00113
509,108,CASSE,OUT,50,2025-07-30T23:54:00,10,
510,86,RETOUR,IN,128,2025-08-26T00:09:00,14,
511,188,ACHAT,IN,67,2025-12-28T12:25:00,19,PO-00022
512,126,PERTE,OUT,21,2025-07-01T13:12:00,10,
513,192,INVENTAIRE_MOINS,OUT,24,2025-11-18T10:00:00,24,
514,101,INVENTAIRE_MOINS,OUT,45,2025-07-03T01:10:00,19,
515,40,CASSE,OUT,10,2025-07-04T04:04:00,21,
516,105,INVENTAIRE_MOINS,OUT,66,2025-07-22T15:10:00,17,
517,122,ACHAT,IN,41,2025-10-01T22:20:00,14,PO-00093
518,4,ACHAT,IN,131,2025-12-11T07:24:00,21,PO-00078
519,38,RETOUR,IN,70,2025-08-03T17:41:00,5,
520,79,INVENTAIRE_MOINS,OUT,20,2026-01-29T19:55:00,18,
521,164,RETOUR,IN,92,2026-01-16T12:44:00,11,
522,5,CASSE,OUT,37,2025-09-15T21:11:00,10,
523,26,INVENTAIRE_MOINS,OUT,26,2025-10-10T06:55:00,24,
524,38,ACHAT,IN,110,2025-12-29T14:46:00,18,PO-00174
525,151,PERTE,OUT,9,2025-10-14T07:43:00,19,
526,138,RETOUR,IN,104,2025-12-22T23:38:00,10,
527,26,PERTE,OUT,12,2026-01-16T12:41:00,14,
528,169,VENTE,OUT,24,2025-12-25T23:53:00,19,SALE-000418
529,80,INVENTAIRE_MOINS,OUT,1,2025-07-31T16:29:00,11,
530,26,INVENTAIRE_MOINS,OUT,7,2026-02-12T17:50:00,5,
531,179,INVENTAIRE_PLUS,IN,115,2025-10-09T05:21:00,5,
532,21,RETOUR,IN,9,2025-07-01T23:47:00,17,
533,122,PERTE,OUT,14,2025-08-18T01:29:00,10,
534,151,INVENTAIRE_MOINS,OUT,6,2025-08-11T00:54:00,19,
535,40,CASSE,OUT,7,2025-08-26T07:44:00,10,
536,149,INVENTAIRE_MOINS,OUT,68,2025-12-04T12:02:00,5,
537,161,ACHAT,IN,113,2025-12-01T16:39:00,24,PO-00043
538,181,RETOUR,IN,43,2025-10-07T07:17:00,21,
539,134,INVENTAIRE_MOINS,OUT,18,2025-08-11T09:22:00,5,
540,184,ACHAT,IN,107,2026-01-30T10:59:00,24,PO-00177
541,132,INVENTAIRE_PLUS,IN,121,2025-07-28T19:52:00,14,
542,174,INVENTAIRE_MOINS,OUT,33,2025-10-26T08:11:00,10,
543,138,RETOUR,IN,59,2026-02-16T09:04:00,19,
544,144,VENTE,OUT,24,2025-08-06T14:25:00,5,SALE-004498
545,94,INVENTAIRE_MOINS,OUT,65,2026-02-18T23:50:00,17,
546,172,PERTE,OUT,18,2026-01-03T11:49:00,11,
547,32,ACHAT,IN,99,2025-09-25T02:12:00,19,PO-00142
548,91,CASSE,OUT,51,2025-09-09T08:59:00,19,
549,114,CASSE,OUT,9,2025-11-07T04:16:00,10,
550,63,CASSE,OUT,19,2026-02-04T13:57:00,10,
551,105,PERTE,OUT,50,2026-02-08T23:30:00,5,
552,56,ACHAT,IN,134,2025-08-14T15:03:00,11,PO-00073
553,55,VENTE,OUT,69,2025-07-20T16:24:00,11,SALE-002364
554,139,VENTE,OUT,29,2026-02-20T23:41:00,10,SALE-003483
555,154,VENTE,OUT,2,2025-12-08T16:58:00,11,SALE-000827
556,95,INVENTAIRE_MOINS,OUT,61,2025-08-26T12:12:00,24,
557,100,INVENTAIRE_MOINS,OUT,32,2025-12-29T02:05:00,18,
558,60,ACHAT,IN,24,2026-02-26T13:59:00,10,PO-00195
559,71,INVENTAIRE_MOINS,OUT,34,2025-08-14T19:29:00,24,
560,150,VENTE,OUT,41,2025-10-29T16:25:00,18,SALE-002630
561,191,VENTE,OUT,18,2025-10-10T21:03:00,21,SALE-004037
562,85,PERTE,OUT,30,2025-09-28T12:12:00,21,
563,130,RETOUR,IN,67,2026-01-18T11:06:00,5,
564,196,INVENTAIRE_MOINS,OUT,21,2025-12-30T00:36:00,5,
565,40,RETOUR,IN,112,2025-08-16T00:07:00,18,
566,198,RETOUR,IN,120,2026-01-21T22:38:00,10,
567,114,RETOUR,IN,53,2026-02-11T07:31:00,10,
568,93,RETOUR,IN,124,2025-10-13T03:12:00,14,
569,124,VENTE,OUT,28,2026-02-01T08:40:00,17,SALE-001870
570,136,ACHAT,IN,114,2025-12-13T21:07:00,17,PO-00129
571,84,PERTE,OUT,50,2026-02-14T18:24:00,11,
572,86,RETOUR,IN,136,2025-11-15T19:03:00,21,
573,48,CASSE,OUT,6,2025-11-04T10:33:00,17,
574,35,INVENTAIRE_PLUS,IN,97,2025-09-05T17:51:00,21,
575,18,PERTE,OUT,44,2026-01-04T00:25:00,19,
576,122,ACHAT,IN,92,2025-09-25T19:47:00,24,PO-00111
577,185,RETOUR,IN,14,2025-11-14T02:16:00,5,
578,68,INVENTAIRE_PLUS,IN,101,2025-09-28T02:46:00,11,
579,15,CASSE,OUT,31,2025-12-22T23:38:00,5,
580,176,PERTE,OUT,61,2026-01-06T05:34:00,10,
581,84,INVENTAIRE_MOINS,OUT,55,2025-12-23T23:40:00,14,
582,175,CASSE,OUT,53,2025-11-03T22:13:00,21,
583,129,INVENTAIRE_MOINS,OUT,64,2025-08-29T13:38:00,17,
584,41,ACHAT,IN,8,2025-12-27T07:44:00,11,PO-00217
585,47,RETOUR,IN,34,2025-11-02T00:47:00,11,
586,16,PERTE,OUT,19,2025-10-26T20:54:00,10,
587,119,INVENTAIRE_MOINS,OUT,55,2025-09-24T20:29:00,10,
588,109,RETOUR,IN,41,2025-09-22T06:37:00,10,
589,74,INVENTAIRE_PLUS,IN,104,2025-10-02T06:46:00,5,
590,96,ACHAT,IN,109,2025-10-01T23:47:00,11,PO-00048
591,8,INVENTAIRE_MOINS,OUT,2,2026-02-02T15:49:00,19,
592,69,ACHAT,IN,16,2025-11-10T06:59:00,10,PO-00116
593,119,VENTE,OUT,28,2025-08-04T21:35:00,14,SALE-003651
594,200,RETOUR,IN,3,2025-07-01T22:42:00,14,
595,54,RETOUR,IN,47,2025-12-24T15:36:00,14,
596,29,INVENTAIRE_MOINS,OUT,21,2025-10-05T15:10:00,21,
597,111,VENTE,OUT,70,2026-01-01T05:58:00,19,SALE-002664
598,67,RETOUR,IN,141,2025-12-05T20:16:00,14,
599,189,PERTE,OUT,60,2025-08-31T18:12:00,21,
600,47,VENTE,OUT,21,2025-07-12T05:53:00,19,SALE-001821
601,90,CASSE,OUT,55,2026-02-11T19:07:00,19,
602,184,RETOUR,IN,85,2025-07-31T18:31:00,11,
603,142,CASSE,OUT,27,2025-09-29T08:44:00,18,
604,6,ACHAT,IN,130,2025-07-22T06:33:00,17,PO-00209
605,1,RETOUR,IN,94,2025-08-18T10:06:00,5,
606,44,ACHAT,IN,27,2025-10-05T18:22:00,5,PO-00043
607,48,CASSE,OUT,39,2025-07-16T16:21:00,5,
608,72,INVENTAIRE_PLUS,IN,9,2025-09-30T16:49:00,11,
609,90,PERTE,OUT,27,2026-01-13T23:50:00,14,
610,92,ACHAT,IN,96,2025-07-10T03:09:00,18,PO-00089
611,16,INVENTAIRE_PLUS,IN,58,2025-12-02T14:39:00,5,
612,58,CASSE,OUT,27,2025-09-20T17:12:00,14,
613,50,CASSE,OUT,32,2025-11-18T18:23:00,19,
614,34,INVENTAIRE_PLUS,IN,7,2025-11-30T05:13:00,24,
615,166,ACHAT,IN,69,2025-08-18T15:55:00,11,PO-00149
616,15,RETOUR,IN,101,2025-12-08T04:22:00,11,
617,15,ACHAT,IN,128,2025-11-16T17:56:00,21,PO-00118
618,80,CASSE,OUT,21,2026-02-10T23:36:00,11,
619,153,CASSE,OUT,12,2025-10-05T17:03:00,21,
620,88,VENTE,OUT,17,2026-01-11T11:32:00,10,SALE-001877
621,26,ACHAT,IN,103,2026-01-25T10:06:00,17,PO-00122
622,82,INVENTAIRE_PLUS,IN,103,2025-12-24T11:54:00,11,
623,180,INVENTAIRE_PLUS,IN,109,2026-01-27T09:09:00,14,
624,7,INVENTAIRE_PLUS,IN,41,2025-09-11T00:04:00,24,
625,69,ACHAT,IN,70,2026-02-11T17:50:00,10,PO-00017
626,91,CASSE,OUT,46,2026-02-24T13:54:00,17,
627,54,PERTE,OUT,13,2025-10-01T03:54:00,17,
628,61,VENTE,OUT,67,2025-07-24T09:29:00,21,SALE-001145
629,67,ACHAT,IN,96,2025-09-02T00:44:00,11,PO-00040
630,24,ACHAT,IN,66,2025-09-19T02:40:00,24,PO-00203
631,29,VENTE,OUT,39,2025-08-13T06:30:00,21,SALE-000340
632,111,RETOUR,IN,148,2026-01-07T17:04:00,14,
633,194,INVENTAIRE_PLUS,IN,143,2025-11-08T12:54:00,18,
634,159,PERTE,OUT,44,2025-10-30T01:26:00,17,
635,111,INVENTAIRE_PLUS,IN,86,2025-09-17T07:10:00,18,
636,189,PERTE,OUT,70,2026-01-14T13:16:00,19,
637,182,PERTE,OUT,52,2025-08-09T18:59:00,24,
638,69,ACHAT,IN,150,2025-08-11T18:37:00,17,PO-00056
639,200,CASSE,OUT,48,2026-02-06T05:35:00,11,
640,143,ACHAT,IN,90,2026-02-24T20:26:00,11,PO-00091
641,187,INVENTAIRE_MOINS,OUT,22,2025-08-17T14:32:00,11,
642,142,INVENTAIRE_PLUS,IN,65,2025-07-16T18:19:00,5,
643,24,PERTE,OUT,21,2025-12-26T15:55:00,17,
644,146,VENTE,OUT,2,2025-09-24T01:19:00,19,SALE-003232
645,44,INVENTAIRE_MOINS,OUT,6,2026-01-23T10:35:00,5,
646,68,CASSE,OUT,7,2025-10-01T12:33:00,14,
647,48,RETOUR,IN,11,2026-02-22T01:46:00,10,
648,13,VENTE,OUT,29,2025-12-26T12:12:00,14,SALE-004414
649,159,ACHAT,IN,77,2025-07-27T09:55:00,10,PO-00152
650,57,ACHAT,IN,12,2025-11-11T23:01:00,24,PO-00037
651,119,ACHAT,IN,83,2025-11-16T15:35:00,10,PO-00176
652,192,ACHAT,IN,122,2025-11-07T19:35:00,17,PO-00056
653,182,CASSE,OUT,2,2026-02-23T05:40:00,14,
654,119,RETOUR,IN,109,2026-02-03T09:08:00,19,
655,169,ACHAT,IN,29,2026-01-05T17:10:00,19,PO-00030
656,4,CASSE,OUT,37,2025-08-28T21:33:00,17,
657,36,VENTE,OUT,50,2025-11-29T15:03:00,17,SALE-000953
658,192,ACHAT,IN,119,2025-10-29T02:03:00,19,PO-00134
659,93,RETOUR,IN,9,2025-11-10T01:47:00,17,
660,155,INVENTAIRE_PLUS,IN,12,2025-08-01T15:04:00,19,
661,18,RETOUR,IN,26,2025-10-19T06:32:00,5,
662,23,INVENTAIRE_MOINS,OUT,25,2026-01-13T14:16:00,11,
663,11,CASSE,OUT,29,2025-11-05T14:43:00,17,
664,20,PERTE,OUT,29,2025-12-20T12:33:00,18,
665,51,RETOUR,IN,147,2025-12-23T09:24:00,5,
666,43,RETOUR,IN,138,2025-11-24T00:46:00,19,
667,195,INVENTAIRE_PLUS,IN,146,2026-02-16T15:16:00,21,
668,45,RETOUR,IN,69,2026-02-10T04:00:00,5,
669,153,INVENTAIRE_PLUS,IN,87,2025-09-19T13:30:00,17,
670,45,INVENTAIRE_PLUS,IN,72,2025-12-28T13:11:00,5,
671,9,PERTE,OUT,62,2025-10-13T21:44:00,19,
672,13,INVENTAIRE_PLUS,IN,106,2025-08-22T20:42:00,14,
673,117,INVENTAIRE_PLUS,IN,68,2025-12-18T17:31:00,5,
674,102,VENTE,OUT,70,2025-08-18T09:07:00,18,SALE-003405
675,66,INVENTAIRE_MOINS,OUT,17,2025-09-06T11:12:00,14,
676,104,VENTE,OUT,48,2025-09-11T14:04:00,10,SALE-004256
677,96,VENTE,OUT,8,2026-01-19T09:30:00,11,SALE-004726
678,29,INVENTAIRE_PLUS,IN,79,2025-12-03T22:16:00,21,
679,167,INVENTAIRE_MOINS,OUT,3,2025-12-14T16:37:00,19,
680,193,VENTE,OUT,44,2025-07-11T22:46:00,14,SALE-003639
681,69,PERTE,OUT,28,2026-02-20T11:30:00,21,
682,171,RETOUR,IN,121,2025-08-31T20:25:00,11,
683,47,INVENTAIRE_MOINS,OUT,53,2025-07-14T08:02:00,17,
684,199,ACHAT,IN,132,2025-11-03T07:19:00,24,PO-00111
685,85,RETOUR,IN,12,2025-11-19T08:12:00,14,
686,147,RETOUR,IN,44,2025-09-01T07:16:00,24,
687,194,RETOUR,IN,7,2025-08-21T13:09:00,18,
688,6,CASSE,OUT,18,2026-01-22T20:16:00,21,
689,16,INVENTAIRE_PLUS,IN,109,2025-08-15T01:12:00,10,
690,140,INVENTAIRE_MOINS,OUT,4,2025-11-14T11:47:00,11,
691,16,INVENTAIRE_MOINS,OUT,21,2025-10-02T02:03:00,5,
692,122,INVENTAIRE_PLUS,IN,149,2026-01-12T07:07:00,10,
693,173,PERTE,OUT,63,2026-01-27T06:51:00,19,
694,180,ACHAT,IN,60,2025-10-31T21:31:00,5,PO-00137
695,109,CASSE,OUT,34,2026-01-14T11:23:00,17,
696,41,INVENTAIRE_PLUS,IN,138,2025-09-04T02:45:00,10,
697,173,CASSE,OUT,39,2025-09-04T03:22:00,5,
698,29,INVENTAIRE_PLUS,IN,108,2025-11-03T23:36:00,11,
699,17,INVENTAIRE_MOINS,OUT,25,2026-02-26T12:44:00,24,
700,42,CASSE,OUT,30,2025-10-06T07:13:00,17,
701,169,VENTE,OUT,19,2025-08-10T01:17:00,10,SALE-003817
702,186,INVENTAIRE_MOINS,OUT,61,2025-10-21T23:36:00,19,
703,165,ACHAT,IN,30,2025-12-01T03:27:00,5,PO-00027
704,98,CASSE,OUT,19,2025-07-11T03:28:00,10,
705,85,RETOUR,IN,12,2026-01-28T08:57:00,11,
706,106,VENTE,OUT,58,2025-07-16T22:47:00,5,SALE-004204
707,162,VENTE,OUT,59,2026-01-17T11:51:00,24,SALE-001357
708,154,PERTE,OUT,38,2025-07-28T14:07:00,24,
709,84,VENTE,OUT,3,2025-11-01T19:27:00,24,SALE-004747
710,87,PERTE,OUT,60,2025-09-18T15:55:00,10,
711,108,INVENTAIRE_MOINS,OUT,15,2025-08-26T04:04:00,19,
712,29,RETOUR,IN,104,2025-11-18T20:00:00,24,
713,9,VENTE,OUT,31,2025-09-20T20:31:00,5,SALE-001436
714,108,RETOUR,IN,72,2025-12-20T17:40:00,19,
715,162,CASSE,OUT,43,2025-10-16T02:08:00,21,
716,2,ACHAT,IN,76,2025-08-03T02:01:00,11,PO-00077
717,42,CASSE,OUT,28,2025-11-14T04:59:00,10,
718,40,INVENTAIRE_MOINS,OUT,47,2025-12-25T23:49:00,24,
719,69,INVENTAIRE_MOINS,OUT,8,2025-12-25T04:36:00,21,
720,1,RETOUR,IN,63,2025-11-22T13:52:00,17,
721,11,ACHAT,IN,109,2025-12-23T07:12:00,10,PO-00180
722,137,CASSE,OUT,36,2025-09-06T23:45:00,19,
723,180,INVENTAIRE_PLUS,IN,140,2026-01-20T20:38:00,21,
724,128,RETOUR,IN,71,2025-07-01T01:35:00,19,
725,39,PERTE,OUT,30,2025-11-09T22:36:00,19,
726,119,INVENTAIRE_MOINS,OUT,37,2025-09-30T21:52:00,18,
727,149,RETOUR,IN,45,2026-01-23T00:57:00,17,
728,48,INVENTAIRE_MOINS,OUT,24,2026-01-15T10:24:00,11,
729,3,RETOUR,IN,19,2025-11-02T05:23:00,19,
730,46,RETOUR,IN,97,2025-09-23T05:02:00,11,
731,151,PERTE,OUT,28,2025-12-06T06:13:00,21,
732,103,INVENTAIRE_MOINS,OUT,64,2025-11-03T04:49:00,18,
733,200,RETOUR,IN,32,2025-12-25T15:27:00,11,
734,13,CASSE,OUT,32,2026-02-02T13:48:00,24,
735,191,INVENTAIRE_PLUS,IN,22,2026-01-18T19:35:00,5,
736,8,ACHAT,IN,75,2025-12-12T22:19:00,21,PO-00103
737,38,VENTE,OUT,40,2025-08-21T03:18:00,14,SALE-000277
738,73,VENTE,OUT,28,2025-12-12T20:59:00,14,SALE-004232
739,148,ACHAT,IN,140,2025-10-29T19:58:00,24,PO-00112
740,165,INVENTAIRE_PLUS,IN,99,2025-12-12T18:13:00,11,
741,76,CASSE,OUT,20,2026-02-12T07:49:00,14,
742,87,VENTE,OUT,63,2025-11-09T10:22:00,10,SALE-002139
743,144,INVENTAIRE_MOINS,OUT,17,2025-07-07T05:08:00,24,
744,9,CASSE,OUT,52,2025-10-13T19:04:00,5,
745,22,RETOUR,IN,63,2025-09-19T23:32:00,19,
746,105,INVENTAIRE_PLUS,IN,111,2025-10-03T13:30:00,11,
747,194,CASSE,OUT,1,2025-12-09T16:10:00,17,
748,126,INVENTAIRE_PLUS,IN,42,2025-12-07T16:56:00,14,
749,124,CASSE,OUT,52,2026-02-02T23:57:00,21,
750,126,INVENTAIRE_PLUS,IN,44,2026-02-08T08:38:00,5,
751,58,INVENTAIRE_PLUS,IN,46,2026-02-15T19:16:00,18,
752,160,VENTE,OUT,26,2025-10-17T08:48:00,14,SALE-003766
753,11,INVENTAIRE_PLUS,IN,48,2025-08-03T14:06:00,17,
754,71,CASSE,OUT,1,2025-08-11T15:29:00,19,
755,7,INVENTAIRE_PLUS,IN,107,2025-07-20T19:11:00,14,
756,81,VENTE,OUT,61,2025-11-13T13:56:00,10,SALE-003861
757,162,INVENTAIRE_PLUS,IN,143,2025-07-23T12:55:00,21,
758,178,INVENTAIRE_PLUS,IN,43,2025-07-20T06:23:00,18,
759,21,RETOUR,IN,50,2025-12-23T22:22:00,10,
760,143,VENTE,OUT,45,2025-11-30T06:13:00,10,SALE-000782
761,83,INVENTAIRE_MOINS,OUT,34,2025-12-19T01:09:00,19,
762,172,INVENTAIRE_PLUS,IN,30,2025-07-06T11:57:00,21,
763,122,RETOUR,IN,3,2025-09-29T16:03:00,5,
764,184,RETOUR,IN,31,2025-10-11T15:59:00,14,
765,155,PERTE,OUT,23,2026-02-06T06:59:00,14,
766,151,ACHAT,IN,11,2025-12-27T07:37:00,24,PO-00142
767,103,CASSE,OUT,3,2025-09-11T09:26:00,24,
768,4,RETOUR,IN,41,2025-09-24T01:39:00,10,
769,98,RETOUR,IN,53,2025-07-20T17:14:00,14,
770,88,PERTE,OUT,26,2026-02-12T17:22:00,21,
771,77,ACHAT,IN,129,2025-07-09T07:03:00,5,PO-00196
772,197,INVENTAIRE_MOINS,OUT,6,2025-10-20T00:22:00,24,
773,124,VENTE,OUT,22,2026-02-16T02:15:00,10,SALE-004911
774,180,CASSE,OUT,29,2026-02-06T21:48:00,11,
775,100,ACHAT,IN,86,2025-10-12T15:25:00,18,PO-00144
776,13,RETOUR,IN,62,2026-01-10T02:53:00,10,
777,153,VENTE,OUT,38,2025-11-02T02:17:00,11,SALE-001203
778,5,INVENTAIRE_PLUS,IN,121,2025-09-06T23:30:00,21,
779,70,RETOUR,IN,76,2025-10-27T00:16:00,5,
780,137,PERTE,OUT,26,2026-02-06T09:12:00,10,
781,75,ACHAT,IN,147,2025-12-02T00:45:00,17,PO-00108
782,125,INVENTAIRE_MOINS,OUT,17,2025-07-18T10:49:00,14,
783,84,INVENTAIRE_MOINS,OUT,1,2025-11-25T17:00:00,11,
784,192,INVENTAIRE_PLUS,IN,137,2025-12-11T23:52:00,18,
785,125,INVENTAIRE_MOINS,OUT,1,2026-01-02T11:27:00,19,
786,13,ACHAT,IN,101,2025-12-28T22:35:00,19,PO-00062
787,112,CASSE,OUT,6,2026-01-24T00:27:00,10,
788,166,CASSE,OUT,2,2025-09-20T06:23:00,10,
789,3,VENTE,OUT,16,2026-01-15T22:09:00,14,SALE-000237
790,37,ACHAT,IN,68,2025-12-02T18:16:00,14,PO-00197
791,118,INVENTAIRE_MOINS,OUT,47,2025-12-29T20:24:00,11,
792,101,INVENTAIRE_PLUS,IN,137,2025-11-08T22:52:00,21,
793,90,INVENTAIRE_MOINS,OUT,38,2025-09-10T13:44:00,17,
794,162,PERTE,OUT,6,2025-12-07T14:13:00,24,
795,155,RETOUR,IN,85,2025-12-31T07:55:00,10,
796,143,INVENTAIRE_PLUS,IN,31,2025-08-27T06:22:00,19,
797,90,PERTE,OUT,37,2025-07-15T14:12:00,18,
798,102,PERTE,OUT,22,2025-09-27T02:37:00,11,
799,32,RETOUR,IN,14,2025-12-08T01:34:00,19,
800,4,RETOUR,IN,27,2025-08-03T10:07:00,11,
801,80,VENTE,OUT,58,2026-02-24T14:32:00,11,SALE-003454
802,104,ACHAT,IN,91,2025-08-06T21:37:00,24,PO-00094
803,7,ACHAT,IN,2,2026-02-09T09:46:00,10,PO-00109
804,128,CASSE,OUT,55,2026-02-13T12:27:00,21,
805,147,ACHAT,IN,46,2025-12-23T14:56:00,14,PO-00063
806,152,RETOUR,IN,146,2025-12-21T22:15:00,19,
807,68,CASSE,OUT,28,2026-02-02T02:09:00,18,
808,178,INVENTAIRE_MOINS,OUT,7,2025-12-07T00:31:00,10,
809,147,VENTE,OUT,68,2025-09-16T05:26:00,19,SALE-003562
810,191,INVENTAIRE_MOINS,OUT,28,2025-11-09T13:36:00,10,
811,142,RETOUR,IN,127,2025-12-21T03:18:00,24,
812,118,ACHAT,IN,96,2025-09-04T09:57:00,11,PO-00063
813,191,INVENTAIRE_MOINS,OUT,12,2025-10-11T15:45:00,5,
814,165,ACHAT,IN,42,2026-02-20T04:37:00,19,PO-00126
815,62,ACHAT,IN,123,2026-01-03T02:52:00,14,PO-00145
816,104,ACHAT,IN,48,2025-07-19T06:02:00,11,PO-00083
817,62,INVENTAIRE_MOINS,OUT,59,2025-11-22T04:05:00,11,
818,67,RETOUR,IN,61,2025-09-20T01:50:00,14,
819,185,CASSE,OUT,19,2026-02-15T19:45:00,11,
820,6,CASSE,OUT,1,2026-02-10T10:21:00,14,
821,59,PERTE,OUT,67,2025-12-17T14:52:00,14,
822,77,ACHAT,IN,135,2026-01-19T05:00:00,21,PO-00085
823,83,CASSE,OUT,35,2025-09-03T13:52:00,19,
824,15,INVENTAIRE_MOINS,OUT,42,2025-11-07T05:16:00,10,
825,52,PERTE,OUT,16,2026-02-19T23:15:00,19,
826,73,PERTE,OUT,20,2026-01-10T10:20:00,11,
827,33,RETOUR,IN,120,2026-01-02T17:56:00,19,
828,186,ACHAT,IN,102,2025-11-16T14:14:00,21,PO-00008
829,114,INVENTAIRE_PLUS,IN,93,2026-02-13T16:36:00,5,
830,86,PERTE,OUT,65,2025-08-07T14:52:00,17,
831,22,VENTE,OUT,61,2025-08-08T01:41:00,5,SALE-001084
832,127,INVENTAIRE_PLUS,IN,112,2025-10-28T12:28:00,11,
833,110,ACHAT,IN,96,2025-10-04T23:07:00,19,PO-00213
834,41,ACHAT,IN,63,2025-08-30T11:48:00,24,PO-00170
835,92,INVENTAIRE_MOINS,OUT,34,2025-11-13T00:56:00,17,
836,147,RETOUR,IN,125,2025-09-14T05:47:00,10,
837,134,INVENTAIRE_MOINS,OUT,70,2025-08-29T15:07:00,10,
838,66,INVENTAIRE_MOINS,OUT,5,2025-09-29T00:21:00,18,
839,81,RETOUR,IN,54,2026-01-21T10:11:00,19,
840,76,ACHAT,IN,57,2025-09-28T15:03:00,19,PO-00026
841,34,INVENTAIRE_PLUS,IN,141,2025-09-30T01:01:00,24,
842,167,ACHAT,IN,85,2025-09-22T14:25:00,18,PO-00059
843,65,INVENTAIRE_PLUS,IN,19,2026-01-11T02:32:00,19,
844,190,PERTE,OUT,18,2025-07-09T17:08:00,24,
845,181,INVENTAIRE_MOINS,OUT,39,2026-01-13T03:50:00,18,
846,102,INVENTAIRE_MOINS,OUT,9,2025-07-25T07:11:00,24,
847,135,ACHAT,IN,53,2025-11-03T07:19:00,24,PO-00167
848,124,INVENTAIRE_PLUS,IN,140,2025-07-24T14:56:00,19,
849,134,INVENTAIRE_PLUS,IN,20,2025-08-23T17:16:00,17,
850,148,INVENTAIRE_MOINS,OUT,40,2025-10-30T00:24:00,24,
851,70,INVENTAIRE_PLUS,IN,84,2025-10-18T10:17:00,21,
852,160,RETOUR,IN,50,2025-07-15T02:26:00,14,
853,1,INVENTAIRE_MOINS,OUT,20,2026-01-06T11:09:00,10,
854,13,VENTE,OUT,19,2025-11-12T21:36:00,19,SALE-001085
855,2,RETOUR,IN,92,2025-07-11T13:14:00,21,
856,176,RETOUR,IN,85,2025-10-22T02:01:00,24,
857,103,RETOUR,IN,127,2025-11-28T20:49:00,17,
858,121,ACHAT,IN,2,2026-02-13T11:27:00,21,PO-00087
859,134,INVENTAIRE_MOINS,OUT,68,2025-07-22T19:42:00,5,
860,92,RETOUR,IN,91,2025-12-23T13:54:00,11,
861,45,CASSE,OUT,34,2026-02-09T07:23:00,21,
862,76,ACHAT,IN,52,2025-10-14T10:02:00,24,PO-00110
863,5,ACHAT,IN,82,2025-07-31T08:05:00,5,PO-00187
864,17,ACHAT,IN,105,2026-01-08T22:04:00,17,PO-00208
865,69,ACHAT,IN,132,2025-09-15T10:57:00,11,PO-00012
866,178,ACHAT,IN,139,2025-09-23T00:26:00,14,PO-00008
867,156,CASSE,OUT,9,2026-01-03T15:18:00,5,
868,150,VENTE,OUT,61,2025-09-27T08:05:00,21,SALE-001106
869,70,ACHAT,IN,143,2025-12-20T20:47:00,18,PO-00100
870,157,ACHAT,IN,77,2025-12-07T22:31:00,14,PO-00091
871,193,INVENTAIRE_MOINS,OUT,39,2025-10-19T23:24:00,18,
872,128,PERTE,OUT,33,2025-09-06T23:04:00,18,
873,150,VENTE,OUT,18,2025-09-11T11:00:00,11,SALE-002056
874,70,ACHAT,IN,60,2026-02-03T12:02:00,24,PO-00154
875,196,INVENTAIRE_PLUS,IN,72,2025-09-23T23:31:00,14,
876,80,ACHAT,IN,25,2025-10-05T00:32:00,21,PO-00121
877,74,INVENTAIRE_MOINS,OUT,47,2025-09-23T12:53:00,17,
878,18,RETOUR,IN,69,2025-07-09T02:27:00,11,
879,52,INVENTAIRE_PLUS,IN,34,2025-07-27T04:40:00,24,
880,102,CASSE,OUT,14,2025-10-03T10:50:00,14,
881,166,PERTE,OUT,55,2026-02-19T00:19:00,18,
882,185,CASSE,OUT,22,2025-11-01T10:07:00,21,
883,75,PERTE,OUT,13,2025-07-24T09:48:00,5,
884,99,INVENTAIRE_PLUS,IN,55,2025-09-11T03:02:00,10,
885,96,INVENTAIRE_PLUS,IN,24,2025-10-30T06:28:00,11,
886,76,INVENTAIRE_MOINS,OUT,47,2025-07-31T13:24:00,17,
887,107,VENTE,OUT,54,2025-07-04T19:45:00,11,SALE-003770
888,186,INVENTAIRE_PLUS,IN,122,2026-01-27T09:21:00,24,
889,149,ACHAT,IN,44,2025-12-30T08:17:00,5,PO-00010
890,182,INVENTAIRE_MOINS,OUT,41,2025-07-31T15:05:00,24,
891,161,VENTE,OUT,36,2025-08-03T09:32:00,18,SALE-002126
892,19,INVENTAIRE_MOINS,OUT,54,2025-10-22T13:40:00,14,
893,152,VENTE,OUT,58,2025-08-19T17:31:00,24,SALE-000544
894,91,CASSE,OUT,64,2025-09-25T22:25:00,17,
895,95,INVENTAIRE_PLUS,IN,100,2026-01-15T11:08:00,24,
896,54,INVENTAIRE_PLUS,IN,132,2025-11-05T10:47:00,24,
897,6,VENTE,OUT,62,2025-11-16T21:51:00,14,SALE-004864
898,103,PERTE,OUT,15,2025-07-02T03:10:00,5,
899,162,VENTE,OUT,70,2026-02-01T19:01:00,24,SALE-004285
900,165,INVENTAIRE_PLUS,IN,26,2025-10-19T19:08:00,5,
901,167,VENTE,OUT,52,2025-11-19T01:12:00,5,SALE-000971
902,13,ACHAT,IN,57,2025-10-26T19:23:00,24,PO-00037
903,100,PERTE,OUT,29,2025-12-18T01:28:00,19,
904,170,RETOUR,IN,12,2025-12-26T01:40:00,5,
905,108,RETOUR,IN,131,2025-09-22T10:05:00,24,
906,187,PERTE,OUT,44,2025-11-28T01:32:00,5,
907,125,INVENTAIRE_PLUS,IN,26,2025-08-14T18:07:00,14,
908,26,RETOUR,IN,11,2025-09-05T13:32:00,5,
909,92,ACHAT,IN,135,2025-10-27T04:22:00,14,PO-00133
910,71,CASSE,OUT,34,2026-02-15T14:37:00,24,
911,138,ACHAT,IN,80,2026-02-10T14:04:00,21,PO-00014
912,167,VENTE,OUT,20,2025-07-02T16:19:00,18,SALE-000404
913,51,RETOUR,IN,30,2025-12-05T03:12:00,19,
914,199,VENTE,OUT,5,2025-09-30T03:32:00,21,SALE-003657
915,138,ACHAT,IN,60,2025-09-16T14:09:00,17,PO-00092
916,110,RETOUR,IN,106,2025-10-28T05:09:00,17,
917,7,PERTE,OUT,55,2025-08-25T10:41:00,5,
918,17,ACHAT,IN,82,2025-10-27T17:12:00,21,PO-00130
919,170,ACHAT,IN,91,2025-09-30T08:37:00,21,PO-00181
920,42,PERTE,OUT,57,2025-12-29T20:28:00,19,
921,144,PERTE,OUT,5,2026-01-23T05:07:00,10,
922,85,CASSE,OUT,21,2025-07-31T16:46:00,11,
923,77,INVENTAIRE_PLUS,IN,96,2026-02-09T06:38:00,17,
924,138,RETOUR,IN,100,2026-02-20T09:02:00,14,
925,77,RETOUR,IN,121,2025-08-29T15:36:00,11,
926,187,INVENTAIRE_PLUS,IN,147,2025-11-27T06:42:00,10,
927,161,INVENTAIRE_PLUS,IN,30,2025-11-10T21:32:00,5,
928,87,ACHAT,IN,43,2026-02-07T07:18:00,10,PO-00104
929,145,CASSE,OUT,13,2025-12-30T14:07:00,17,
930,171,INVENTAIRE_PLUS,IN,15,2025-08-30T05:44:00,24,
931,53,INVENTAIRE_MOINS,OUT,37,2026-02-20T00:52:00,11,
932,138,INVENTAIRE_PLUS,IN,62,2026-01-06T23:09:00,11,
933,109,CASSE,OUT,4,2025-10-02T00:19:00,19,
934,182,VENTE,OUT,25,2025-11-12T11:32:00,21,SALE-001009
935,154,INVENTAIRE_MOINS,OUT,53,2025-11-07T22:00:00,11,
936,81,PERTE,OUT,36,2026-01-13T22:52:00,11,
937,35,PERTE,OUT,35,2025-09-22T05:26:00,5,
938,19,PERTE,OUT,57,2025-11-10T06:46:00,19,
939,125,INVENTAIRE_PLUS,IN,5,2026-02-02T08:05:00,21,
940,158,ACHAT,IN,78,2025-12-18T11:53:00,17,PO-00076
941,7,PERTE,OUT,32,2025-08-12T12:56:00,21,
942,78,CASSE,OUT,56,2025-07-16T14:52:00,19,
943,14,RETOUR,IN,64,2025-10-24T19:36:00,14,
944,18,CASSE,OUT,49,2025-07-13T04:20:00,18,
945,92,PERTE,OUT,24,2025-10-25T02:32:00,19,
946,68,CASSE,OUT,6,2026-02-20T17:01:00,24,
947,83,ACHAT,IN,86,2025-12-01T21:14:00,14,PO-00213
948,70,CASSE,OUT,52,2025-10-26T19:49:00,24,
949,138,ACHAT,IN,77,2025-10-29T16:46:00,10,PO-00065
950,93,INVENTAIRE_PLUS,IN,22,2025-11-23T02:30:00,17,
951,149,PERTE,OUT,46,2026-02-03T20:44:00,21,
952,135,INVENTAIRE_PLUS,IN,82,2026-01-03T21:52:00,5,
953,75,RETOUR,IN,74,2025-12-26T09:29:00,19,
954,109,ACHAT,IN,14,2025-09-01T07:09:00,18,PO-00129
955,14,INVENTAIRE_PLUS,IN,138,2025-10-27T16:55:00,17,
956,53,CASSE,OUT,12,2025-07-01T21:44:00,14,
957,111,RETOUR,IN,44,2025-09-18T20:09:00,5,
958,125,VENTE,OUT,59,2026-02-02T22:21:00,19,SALE-004297
959,82,ACHAT,IN,85,2025-08-16T09:07:00,5,PO-00105
960,165,VENTE,OUT,19,2025-07-20T10:08:00,14,SALE-002003
961,185,RETOUR,IN,46,2025-08-30T00:48:00,5,
962,104,ACHAT,IN,50,2026-02-13T18:28:00,19,PO-00086
963,166,CASSE,OUT,3,2025-09-07T13:02:00,11,
964,44,ACHAT,IN,25,2025-12-14T19:59:00,19,PO-00105
965,123,RETOUR,IN,20,2025-12-23T13:13:00,11,
966,5,RETOUR,IN,109,2025-07-13T16:47:00,24,
967,37,ACHAT,IN,72,2026-02-17T22:40:00,14,PO-00151
968,34,ACHAT,IN,13,2025-11-23T11:52:00,5,PO-00025
969,170,VENTE,OUT,10,2026-01-28T17:44:00,24,SALE-002513
970,54,ACHAT,IN,50,2025-12-30T03:49:00,18,PO-00047
971,133,ACHAT,IN,55,2026-01-17T16:14:00,17,PO-00086
972,106,CASSE,OUT,17,2026-01-02T14:49:00,24,
973,103,RETOUR,IN,114,2025-11-09T23:49:00,17,
974,150,RETOUR,IN,50,2025-12-20T18:13:00,5,
975,187,CASSE,OUT,32,2025-11-07T09:20:00,21,
976,161,PERTE,OUT,36,2025-09-10T05:25:00,18,
977,46,PERTE,OUT,46,2025-11-15T21:39:00,11,
978,99,INVENTAIRE_MOINS,OUT,48,2025-08-02T13:24:00,10,
979,69,RETOUR,IN,41,2025-11-24T16:05:00,24,
980,16,INVENTAIRE_MOINS,OUT,54,2025-12-12T20:43:00,21,
981,95,RETOUR,IN,149,2025-09-01T12:50:00,17,
982,114,CASSE,OUT,51,2025-11-07T00:40:00,14,
983,87,INVENTAIRE_PLUS,IN,105,2026-01-25T03:04:00,24,
984,87,PERTE,OUT,38,2026-01-06T01:12:00,19,
985,127,PERTE,OUT,39,2026-01-31T13:30:00,10,
986,41,INVENTAIRE_MOINS,OUT,26,2025-08-20T03:25:00,14,
987,83,INVENTAIRE_PLUS,IN,74,2025-11-13T06:39:00,24,
988,192,INVENTAIRE_PLUS,IN,148,2026-02-20T10:10:00,10,
989,101,PERTE,OUT,38,2025-10-05T08:23:00,14,
990,158,VENTE,OUT,54,2026-02-02T12:05:00,14,SALE-004097
991,22,INVENTAIRE_PLUS,IN,51,2025-09-02T09:55:00,5,
992,63,ACHAT,IN,122,2026-01-24T11:57:00,21,PO-00177
993,43,VENTE,OUT,13,2025-12-18T06:21:00,19,SALE-003949
994,142,VENTE,OUT,18,2025-11-20T00:43:00,14,SALE-000966
995,34,CASSE,OUT,51,2025-08-10T17:23:00,17,
996,198,ACHAT,IN,83,2025-09-15T15:07:00,11,PO-00192
997,149,PERTE,OUT,50,2025-07-26T01:42:00,18,
998,193,ACHAT,IN,28,2025-11-01T19:13:00,17,PO-00003
999,56,INVENTAIRE_PLUS,IN,68,2025-10-20T02:55:00,10,
1000,47,INVENTAIRE_MOINS,OUT,38,2025-10-04T09:55:00,19,
1001,116,VENTE,OUT,53,2025-09-05T06:46:00,14,SALE-002693
1002,57,VENTE,OUT,14,2025-11-19T20:50:00,18,SALE-004680
1003,8,INVENTAIRE_PLUS,IN,64,2025-10-04T04:43:00,5,
1004,195,PERTE,OUT,29,2025-12-29T15:43:00,14,
1005,122,INVENTAIRE_MOINS,OUT,62,2025-09-11T17:17:00,17,
1006,137,CASSE,OUT,6,2025-07-30T05:26:00,17,
1007,23,VENTE,OUT,56,2025-10-23T04:47:00,5,SALE-000606
1008,65,VENTE,OUT,14,2025-11-16T23:42:00,10,SALE-000205
1009,13,PERTE,OUT,5,2026-01-19T07:25:00,19,
1010,107,INVENTAIRE_MOINS,OUT,70,2026-02-18T00:56:00,5,
1011,64,ACHAT,IN,52,2025-12-22T07:03:00,18,PO-00078
1012,142,ACHAT,IN,16,2026-01-04T13:48:00,10,PO-00109
1013,16,VENTE,OUT,63,2025-07-27T05:54:00,14,SALE-004453
1014,98,RETOUR,IN,124,2026-02-01T01:04:00,10,
1015,127,ACHAT,IN,26,2025-09-30T02:41:00,5,PO-00035
1016,78,VENTE,OUT,21,2025-07-03T07:25:00,10,SALE-002371
1017,24,INVENTAIRE_PLUS,IN,118,2025-07-24T03:41:00,18,
1018,35,VENTE,OUT,28,2025-11-07T08:06:00,24,SALE-003019
1019,126,RETOUR,IN,49,2025-09-25T21:45:00,24,
1020,21,INVENTAIRE_PLUS,IN,128,2025-12-11T04:53:00,19,
1021,32,CASSE,OUT,22,2025-12-25T03:51:00,10,
1022,90,ACHAT,IN,20,2025-08-29T16:55:00,18,PO-00056
1023,85,INVENTAIRE_PLUS,IN,111,2025-09-10T18:36:00,10,
1024,105,CASSE,OUT,44,2026-01-15T13:49:00,21,
1025,190,ACHAT,IN,1,2026-01-22T03:37:00,17,PO-00125
1026,185,INVENTAIRE_MOINS,OUT,70,2025-09-27T01:21:00,17,
1027,134,CASSE,OUT,55,2025-11-19T04:42:00,24,
1028,146,PERTE,OUT,8,2026-02-19T12:54:00,18,
1029,111,INVENTAIRE_PLUS,IN,103,2026-01-04T12:37:00,24,
1030,76,PERTE,OUT,58,2025-09-16T00:55:00,21,
1031,40,ACHAT,IN,93,2025-11-15T12:59:00,17,PO-00098
1032,3,INVENTAIRE_PLUS,IN,11,2026-02-05T14:06:00,17,
1033,29,VENTE,OUT,49,2025-10-19T03:34:00,11,SALE-002136
1034,11,INVENTAIRE_MOINS,OUT,14,2025-07-18T00:00:00,19,
1035,105,VENTE,OUT,35,2025-08-05T20:29:00,11,SALE-004394
1036,37,RETOUR,IN,44,2026-01-08T07:14:00,10,
1037,32,INVENTAIRE_PLUS,IN,42,2026-01-22T16:51:00,24,
1038,38,INVENTAIRE_PLUS,IN,40,2025-12-16T23:26:00,17,
1039,121,ACHAT,IN,135,2026-01-08T12:22:00,17,PO-00009
1040,1,ACHAT,IN,142,2025-12-20T09:22:00,10,PO-00059
1041,96,VENTE,OUT,15,2025-07-02T16:38:00,5,SALE-002576
1042,50,RETOUR,IN,38,2026-01-15T03:27:00,11,
1043,2,INVENTAIRE_MOINS,OUT,38,2026-01-27T03:16:00,18,
1044,126,VENTE,OUT,60,2025-10-15T16:59:00,11,SALE-004428
1045,5,VENTE,OUT,39,2026-01-31T04:42:00,18,SALE-001988
1046,78,RETOUR,IN,33,2025-08-09T07:12:00,10,
1047,168,RETOUR,IN,143,2025-11-14T09:42:00,11,
1048,141,ACHAT,IN,131,2025-09-07T06:01:00,14,PO-00006
1049,99,RETOUR,IN,128,2025-07-08T06:19:00,5,
1050,173,INVENTAIRE_MOINS,OUT,15,2025-09-09T19:54:00,14,
1051,170,INVENTAIRE_MOINS,OUT,33,2025-07-03T16:08:00,19,
1052,153,CASSE,OUT,43,2025-10-08T13:38:00,21,
1053,96,CASSE,OUT,3,2025-10-10T15:49:00,5,
1054,108,INVENTAIRE_MOINS,OUT,7,2025-09-03T14:38:00,11,
1055,134,INVENTAIRE_MOINS,OUT,2,2025-11-22T21:14:00,5,
1056,100,RETOUR,IN,62,2025-12-29T09:12:00,17,
1057,96,ACHAT,IN,22,2025-11-16T13:51:00,21,PO-00107
1058,24,INVENTAIRE_MOINS,OUT,9,2025-12-12T05:03:00,24,
1059,15,ACHAT,IN,6,2025-10-18T15:48:00,21,PO-00186
1060,103,PERTE,OUT,51,2025-12-13T15:41:00,21,
1061,199,PERTE,OUT,42,2025-08-05T23:26:00,17,
1062,173,INVENTAIRE_PLUS,IN,37,2025-07-11T15:49:00,14,
1063,78,ACHAT,IN,71,2026-02-06T09:15:00,11,PO-00079
1064,29,CASSE,OUT,32,2025-07-18T11:22:00,10,
1065,84,CASSE,OUT,59,2025-12-16T05:01:00,5,
1066,99,RETOUR,IN,145,2025-08-03T12:00:00,11,
1067,72,RETOUR,IN,16,2025-12-27T17:46:00,11,
1068,159,CASSE,OUT,46,2026-01-11T16:06:00,10,
1069,83,PERTE,OUT,68,2025-11-19T16:58:00,17,
1070,6,PERTE,OUT,56,2025-11-18T18:03:00,10,
1071,114,RETOUR,IN,76,2026-01-17T04:52:00,11,
1072,7,RETOUR,IN,119,2025-10-11T18:03:00,10,
1073,92,PERTE,OUT,52,2025-11-21T04:47:00,21,
1074,2,ACHAT,IN,91,2025-08-18T22:47:00,10,PO-00215
1075,60,VENTE,OUT,39,2025-10-13T13:00:00,11,SALE-001239
1076,12,INVENTAIRE_PLUS,IN,150,2026-02-14T20:24:00,14,
1077,165,RETOUR,IN,58,2025-10-24T04:29:00,10,
1078,155,ACHAT,IN,6,2026-01-10T01:23:00,18,PO-00111
1079,26,ACHAT,IN,88,2025-11-22T01:15:00,17,PO-00180
1080,127,INVENTAIRE_PLUS,IN,95,2025-11-28T04:41:00,5,
1081,187,INVENTAIRE_PLUS,IN,37,2025-12-30T23:42:00,18,
1082,187,PERTE,OUT,18,2025-08-20T16:55:00,19,
1083,167,INVENTAIRE_MOINS,OUT,69,2025-08-14T21:42:00,18,
1084,97,INVENTAIRE_PLUS,IN,74,2025-07-27T16:32:00,5,
1085,190,RETOUR,IN,91,2026-01-07T02:21:00,10,
1086,21,INVENTAIRE_MOINS,OUT,55,2025-11-11T01:33:00,18,
1087,15,INVENTAIRE_PLUS,IN,121,2025-09-14T10:56:00,11,
1088,7,PERTE,OUT,12,2025-07-31T01:19:00,18,
1089,123,INVENTAIRE_MOINS,OUT,10,2025-08-06T00:21:00,5,
1090,40,ACHAT,IN,30,2025-11-18T08:20:00,24,PO-00175
1091,114,INVENTAIRE_PLUS,IN,123,2025-09-18T10:47:00,18,
1092,63,ACHAT,IN,125,2026-01-26T06:38:00,11,PO-00019
1093,36,INVENTAIRE_PLUS,IN,133,2025-08-26T14:19:00,24,
1094,95,RETOUR,IN,22,2026-02-05T14:06:00,11,
1095,156,ACHAT,IN,11,2026-02-19T00:45:00,21,PO-00213
1096,87,PERTE,OUT,69,2025-10-05T01:51:00,14,
1097,180,PERTE,OUT,19,2025-12-22T10:38:00,24,
1098,98,ACHAT,IN,33,2025-10-27T06:15:00,17,PO-00027
1099,126,PERTE,OUT,64,2025-11-13T13:24:00,10,
1100,88,PERTE,OUT,6,2026-02-02T20:11:00,17,
1101,171,INVENTAIRE_MOINS,OUT,46,2026-01-16T01:33:00,19,
1102,75,RETOUR,IN,57,2025-07-18T12:56:00,11,
1103,125,RETOUR,IN,81,2025-11-30T16:09:00,14,
1104,126,CASSE,OUT,51,2025-12-08T11:21:00,21,
1105,106,RETOUR,IN,131,2025-12-13T05:33:00,11,
1106,43,INVENTAIRE_PLUS,IN,74,2025-08-29T12:07:00,10,
1107,6,INVENTAIRE_PLUS,IN,36,2025-12-08T23:34:00,11,
1108,146,RETOUR,IN,137,2025-07-04T13:06:00,10,
1109,37,VENTE,OUT,54,2025-08-14T19:12:00,21,SALE-003424
1110,183,INVENTAIRE_PLUS,IN,60,2025-08-21T13:16:00,5,
1111,158,ACHAT,IN,66,2025-09-04T15:05:00,11,PO-00019
1112,34,CASSE,OUT,56,2025-07-19T02:37:00,5,
1113,48,ACHAT,IN,75,2025-07-13T08:31:00,24,PO-00177
1114,180,VENTE,OUT,37,2025-07-08T12:29:00,21,SALE-001122
1115,96,INVENTAIRE_PLUS,IN,75,2025-09-01T03:57:00,21,
1116,7,INVENTAIRE_PLUS,IN,136,2026-01-23T21:42:00,21,
1117,143,PERTE,OUT,32,2026-01-08T09:19:00,11,
1118,178,INVENTAIRE_PLUS,IN,70,2025-12-07T21:15:00,19,
1119,125,INVENTAIRE_PLUS,IN,114,2026-02-23T11:48:00,19,
1120,162,ACHAT,IN,134,2025-11-09T18:00:00,10,PO-00018
1121,36,PERTE,OUT,4,2025-07-31T22:03:00,24,
1122,75,RETOUR,IN,33,2025-11-19T15:11:00,24,
1123,53,ACHAT,IN,109,2025-07-24T09:17:00,19,PO-00006
1124,131,INVENTAIRE_PLUS,IN,139,2025-09-25T11:29:00,10,
1125,179,ACHAT,IN,86,2025-09-16T02:44:00,17,PO-00112
1126,154,INVENTAIRE_PLUS,IN,95,2025-07-07T10:43:00,5,
1127,30,PERTE,OUT,34,2025-09-20T12:12:00,10,
1128,145,CASSE,OUT,7,2025-07-30T03:04:00,5,
1129,20,RETOUR,IN,75,2025-11-18T20:30:00,18,
1130,136,VENTE,OUT,70,2025-07-17T22:47:00,24,SALE-004175
1131,148,VENTE,OUT,37,2025-12-23T03:56:00,5,SALE-002309
1132,16,ACHAT,IN,90,2025-11-15T11:03:00,24,PO-00088
1133,20,CASSE,OUT,25,2025-10-16T03:19:00,10,
1134,71,ACHAT,IN,123,2025-12-09T09:40:00,18,PO-00130
1135,13,INVENTAIRE_PLUS,IN,4,2026-01-31T11:27:00,18,
1136,98,ACHAT,IN,125,2025-07-26T09:25:00,17,PO-00010
1137,24,VENTE,OUT,20,2025-07-14T09:10:00,10,SALE-003317
1138,156,PERTE,OUT,62,2025-08-31T20:33:00,10,
1139,28,RETOUR,IN,109,2025-08-06T07:33:00,10,
1140,22,INVENTAIRE_MOINS,OUT,50,2025-11-06T12:23:00,24,
1141,52,PERTE,OUT,53,2026-02-10T08:05:00,5,
1142,185,ACHAT,IN,86,2025-10-12T17:37:00,14,PO-00066
1143,92,VENTE,OUT,45,2025-11-10T13:32:00,11,SALE-004469
1144,95,ACHAT,IN,64,2025-10-01T03:23:00,24,PO-00042
1145,73,RETOUR,IN,37,2026-02-02T09:03:00,21,
1146,86,VENTE,OUT,43,2025-10-11T15:01:00,19,SALE-003505
1147,141,ACHAT,IN,2,2025-08-02T18:00:00,11,PO-00202
1148,132,ACHAT,IN,119,2026-01-12T08:12:00,19,PO-00111
1149,152,PERTE,OUT,33,2025-12-07T21:20:00,18,
1150,190,PERTE,OUT,41,2026-01-25T07:37:00,17,
1151,110,ACHAT,IN,2,2025-08-05T06:31:00,14,PO-00002
1152,138,INVENTAIRE_MOINS,OUT,17,2025-07-15T00:07:00,5,
1153,164,ACHAT,IN,143,2025-07-20T01:06:00,11,PO-00124
1154,122,INVENTAIRE_PLUS,IN,30,2026-01-27T07:42:00,11,
1155,82,INVENTAIRE_PLUS,IN,124,2025-09-12T07:02:00,19,
1156,51,INVENTAIRE_PLUS,IN,16,2026-02-24T09:02:00,10,
1157,38,ACHAT,IN,72,2026-01-21T17:42:00,17,PO-00126
1158,56,VENTE,OUT,45,2025-08-21T02:30:00,21,SALE-003848
1159,25,INVENTAIRE_MOINS,OUT,16,2025-09-06T05:23:00,21,
1160,28,INVENTAIRE_PLUS,IN,112,2025-11-29T11:35:00,21,
1161,105,INVENTAIRE_PLUS,IN,97,2025-10-15T16:48:00,17,
1162,200,ACHAT,IN,94,2026-01-19T18:01:00,17,PO-00036
1163,173,INVENTAIRE_PLUS,IN,94,2026-01-07T09:21:00,14,
1164,178,ACHAT,IN,149,2026-02-07T15:45:00,5,PO-00118
1165,6,RETOUR,IN,123,2025-09-08T16:34:00,5,
1166,196,RETOUR,IN,30,2026-02-05T13:58:00,10,
1167,12,INVENTAIRE_PLUS,IN,39,2025-11-11T23:59:00,24,
1168,9,RETOUR,IN,144,2025-10-03T01:47:00,17,
1169,120,INVENTAIRE_MOINS,OUT,27,2026-01-01T13:42:00,24,
1170,129,CASSE,OUT,63,2025-07-13T21:22:00,11,
1171,28,RETOUR,IN,121,2025-10-04T21:08:00,17,
1172,99,INVENTAIRE_PLUS,IN,130,2025-07-05T10:20:00,19,
1173,73,PERTE,OUT,20,2026-02-21T17:55:00,21,
1174,178,INVENTAIRE_PLUS,IN,105,2025-11-10T12:51:00,24,
1175,37,INVENTAIRE_PLUS,IN,86,2025-12-21T05:03:00,11,
1176,185,ACHAT,IN,75,2026-02-26T22:09:00,5,PO-00177
1177,189,PERTE,OUT,3,2025-10-10T11:18:00,5,
1178,23,INVENTAIRE_PLUS,IN,97,2025-08-08T23:40:00,10,
1179,151,RETOUR,IN,72,2026-01-04T19:29:00,10,
1180,103,PERTE,OUT,8,2025-07-16T03:16:00,14,
1181,61,RETOUR,IN,56,2025-11-21T04:15:00,14,
1182,4,ACHAT,IN,15,2025-08-26T22:23:00,5,PO-00135
1183,153,VENTE,OUT,57,2025-10-16T20:14:00,5,SALE-002538
1184,137,PERTE,OUT,68,2025-09-15T16:39:00,17,
1185,17,INVENTAIRE_PLUS,IN,47,2025-09-20T02:57:00,14,
1186,13,PERTE,OUT,57,2025-11-12T10:55:00,14,
1187,198,ACHAT,IN,137,2025-07-07T03:59:00,24,PO-00202
1188,22,ACHAT,IN,110,2025-10-16T21:38:00,17,PO-00200
1189,118,CASSE,OUT,59,2025-07-25T23:05:00,18,
1190,184,ACHAT,IN,10,2025-11-29T02:25:00,14,PO-00173
1191,200,VENTE,OUT,56,2025-10-22T17:22:00,21,SALE-004128
1192,75,VENTE,OUT,16,2025-08-19T14:52:00,19,SALE-004968
1193,60,RETOUR,IN,92,2025-09-14T23:12:00,10,
1194,104,INVENTAIRE_MOINS,OUT,62,2025-09-03T20:28:00,21,
1195,123,ACHAT,IN,136,2025-10-11T17:34:00,14,PO-00111
1196,140,CASSE,OUT,4,2026-02-04T00:19:00,19,
1197,199,PERTE,OUT,59,2025-07-05T11:49:00,11,
1198,48,RETOUR,IN,114,2025-10-18T01:28:00,5,
1199,146,PERTE,OUT,58,2025-09-15T11:55:00,19,
1200,84,INVENTAIRE_PLUS,IN,138,2025-09-24T23:31:00,17,
1201,149,CASSE,OUT,69,2026-01-30T19:40:00,18,
1202,160,RETOUR,IN,39,2025-11-07T13:22:00,21,
1203,98,INVENTAIRE_PLUS,IN,49,2025-07-08T06:37:00,24,
1204,7,ACHAT,IN,75,2026-01-26T09:54:00,19,PO-00085
1205,124,PERTE,OUT,9,2025-07-31T19:23:00,18,
1206,102,ACHAT,IN,137,2025-10-13T09:55:00,10,PO-00216
1207,79,VENTE,OUT,8,2025-07-18T03:37:00,5,SALE-000036
1208,184,CASSE,OUT,35,2025-09-27T01:20:00,11,
1209,134,INVENTAIRE_MOINS,OUT,45,2025-09-16T09:57:00,14,
1210,165,ACHAT,IN,51,2026-02-22T20:54:00,11,PO-00088
1211,163,INVENTAIRE_PLUS,IN,130,2025-11-18T03:58:00,21,
1212,71,ACHAT,IN,103,2025-09-10T03:22:00,18,PO-00039
1213,47,ACHAT,IN,105,2025-09-25T17:08:00,10,PO-00163
1214,144,ACHAT,IN,11,2026-02-23T08:20:00,14,PO-00006
1215,35,PERTE,OUT,50,2025-09-13T01:33:00,11,
1216,67,INVENTAIRE_MOINS,OUT,47,2025-12-27T08:10:00,17,
1217,7,CASSE,OUT,64,2025-07-15T01:55:00,17,
1218,79,INVENTAIRE_PLUS,IN,95,2025-07-11T10:17:00,21,
1219,66,RETOUR,IN,139,2025-07-10T08:10:00,14,
1220,93,CASSE,OUT,48,2026-01-01T15:39:00,10,
1221,72,RETOUR,IN,141,2025-10-12T02:08:00,19,
1222,91,PERTE,OUT,35,2025-10-20T17:10:00,17,
1223,144,PERTE,OUT,46,2025-09-12T06:33:00,11,
1224,107,PERTE,OUT,56,2025-11-18T14:27:00,18,
1225,62,INVENTAIRE_PLUS,IN,118,2025-10-28T12:27:00,21,
1226,2,CASSE,OUT,32,2026-01-17T03:34:00,24,
1227,56,CASSE,OUT,39,2025-12-26T00:33:00,18,
1228,138,ACHAT,IN,79,2025-12-07T22:37:00,5,PO-00153
1229,45,INVENTAIRE_MOINS,OUT,60,2026-01-15T00:08:00,5,
1230,14,RETOUR,IN,45,2025-07-07T04:12:00,14,
1231,146,RETOUR,IN,115,2025-12-30T00:29:00,11,
1232,152,INVENTAIRE_PLUS,IN,89,2025-09-09T03:17:00,5,
1233,62,VENTE,OUT,9,2025-11-11T19:39:00,24,SALE-002877
1234,29,INVENTAIRE_PLUS,IN,34,2025-09-03T01:20:00,5,
1235,77,VENTE,OUT,24,2025-10-06T20:41:00,14,SALE-002814
1236,59,PERTE,OUT,60,2025-09-27T15:11:00,14,
1237,58,CASSE,OUT,25,2026-02-06T00:14:00,10,
1238,29,INVENTAIRE_PLUS,IN,91,2025-10-02T23:43:00,11,
1239,103,RETOUR,IN,68,2026-01-19T06:33:00,19,
1240,47,CASSE,OUT,15,2025-09-02T22:27:00,18,
1241,127,ACHAT,IN,142,2025-08-27T02:38:00,18,PO-00075
1242,88,CASSE,OUT,56,2026-02-16T04:08:00,10,
1243,150,ACHAT,IN,21,2025-10-27T02:03:00,17,PO-00089
1244,92,INVENTAIRE_PLUS,IN,57,2025-09-03T09:16:00,5,
1245,196,RETOUR,IN,48,2025-10-10T20:34:00,21,
1246,52,RETOUR,IN,99,2026-02-02T19:06:00,10,
1247,171,RETOUR,IN,96,2025-11-10T00:14:00,11,
1248,195,ACHAT,IN,45,2025-08-18T10:59:00,24,PO-00066
1249,135,INVENTAIRE_PLUS,IN,114,2025-11-18T19:00:00,5,
1250,109,VENTE,OUT,56,2025-12-27T23:10:00,14,SALE-004897
1251,87,INVENTAIRE_MOINS,OUT,64,2025-07-01T22:41:00,18,
1252,9,PERTE,OUT,17,2025-07-07T02:15:00,19,
1253,113,ACHAT,IN,45,2025-08-16T17:43:00,14,PO-00212
1254,199,VENTE,OUT,40,2025-10-21T12:06:00,10,SALE-002391
1255,167,ACHAT,IN,95,2025-09-24T16:35:00,17,PO-00094
1256,12,PERTE,OUT,23,2025-08-09T00:45:00,10,
1257,64,RETOUR,IN,93,2025-08-14T12:32:00,19,
1258,120,INVENTAIRE_PLUS,IN,17,2026-01-29T01:39:00,17,
1259,152,RETOUR,IN,67,2026-01-08T21:27:00,14,
1260,166,RETOUR,IN,96,2025-12-31T21:04:00,5,
1261,176,PERTE,OUT,62,2025-10-26T20:17:00,10,
1262,83,ACHAT,IN,150,2026-01-28T02:01:00,21,PO-00155
1263,33,RETOUR,IN,17,2025-07-09T09:47:00,11,
1264,131,RETOUR,IN,37,2025-09-04T04:55:00,5,
1265,188,ACHAT,IN,40,2026-01-17T20:23:00,24,PO-00064
1266,102,VENTE,OUT,42,2025-11-05T17:17:00,21,SALE-003565
1267,200,ACHAT,IN,92,2026-01-22T05:28:00,21,PO-00125
1268,1,RETOUR,IN,89,2025-07-24T04:13:00,10,
1269,96,VENTE,OUT,33,2025-12-18T13:57:00,5,SALE-001455
1270,2,INVENTAIRE_PLUS,IN,97,2025-08-20T07:45:00,24,
1271,127,VENTE,OUT,28,2025-08-20T14:20:00,18,SALE-000453
1272,44,INVENTAIRE_MOINS,OUT,58,2025-08-16T11:57:00,14,
1273,167,CASSE,OUT,2,2025-09-25T00:10:00,14,
1274,70,INVENTAIRE_PLUS,IN,118,2025-09-06T12:41:00,10,
1275,138,PERTE,OUT,31,2025-08-09T10:26:00,24,
1276,25,ACHAT,IN,141,2025-09-09T19:32:00,11,PO-00019
1277,13,CASSE,OUT,13,2025-12-26T16:43:00,19,
1278,16,RETOUR,IN,41,2026-01-19T23:54:00,14,
1279,138,PERTE,OUT,47,2025-08-07T16:49:00,5,
1280,198,PERTE,OUT,10,2025-07-16T02:36:00,24,
1281,32,INVENTAIRE_MOINS,OUT,29,2025-11-12T23:45:00,24,
1282,145,VENTE,OUT,62,2025-12-26T00:36:00,5,SALE-003817
1283,192,INVENTAIRE_PLUS,IN,79,2025-09-14T08:33:00,21,
1284,48,ACHAT,IN,91,2026-01-24T21:44:00,10,PO-00200
1285,13,VENTE,OUT,59,2026-01-28T10:45:00,17,SALE-004593
1286,94,VENTE,OUT,69,2025-07-27T04:40:00,10,SALE-001478
1287,56,INVENTAIRE_PLUS,IN,96,2026-02-06T20:04:00,10,
1288,160,INVENTAIRE_PLUS,IN,78,2025-11-26T15:01:00,18,
1289,108,PERTE,OUT,51,2025-11-30T13:36:00,10,
1290,154,RETOUR,IN,128,2026-02-06T16:32:00,21,
1291,188,VENTE,OUT,65,2025-10-21T10:12:00,11,SALE-003487
1292,62,INVENTAIRE_MOINS,OUT,14,2026-01-23T00:35:00,19,
1293,199,ACHAT,IN,7,2025-11-23T12:29:00,14,PO-00118
1294,26,INVENTAIRE_PLUS,IN,123,2025-08-19T14:08:00,5,
1295,43,PERTE,OUT,37,2025-09-09T11:56:00,17,
1296,77,INVENTAIRE_MOINS,OUT,23,2025-10-23T10:47:00,14,
1297,1,INVENTAIRE_PLUS,IN,29,2026-02-08T09:34:00,10,
1298,176,INVENTAIRE_PLUS,IN,27,2025-11-23T18:42:00,24,
1299,59,RETOUR,IN,137,2025-08-22T10:47:00,19,
1300,68,RETOUR,IN,100,2025-12-08T11:26:00,19,
1301,152,RETOUR,IN,6,2026-01-02T11:25:00,24,
1302,200,VENTE,OUT,4,2025-12-17T06:46:00,21,SALE-004943
1303,165,INVENTAIRE_PLUS,IN,59,2025-09-03T21:12:00,18,
1304,148,PERTE,OUT,15,2025-09-10T03:50:00,21,
1305,15,INVENTAIRE_PLUS,IN,58,2025-12-17T21:58:00,17,
1306,13,INVENTAIRE_PLUS,IN,38,2025-10-01T20:55:00,24,
1307,116,INVENTAIRE_PLUS,IN,41,2025-12-17T08:53:00,24,
1308,50,INVENTAIRE_PLUS,IN,30,2025-11-04T01:23:00,19,
1309,167,RETOUR,IN,86,2025-09-06T09:27:00,24,
1310,168,INVENTAIRE_PLUS,IN,123,2025-07-13T14:23:00,21,
1311,160,CASSE,OUT,21,2025-07-03T19:54:00,21,
1312,32,INVENTAIRE_PLUS,IN,105,2025-08-08T13:34:00,18,
1313,133,VENTE,OUT,2,2025-11-08T21:29:00,14,SALE-002568
1314,105,VENTE,OUT,53,2026-01-06T20:50:00,21,SALE-003003
1315,91,ACHAT,IN,107,2026-01-31T10:22:00,17,PO-00156
1316,106,INVENTAIRE_PLUS,IN,130,2026-02-08T21:24:00,14,
1317,135,VENTE,OUT,51,2025-10-14T18:16:00,5,SALE-000933
1318,196,ACHAT,IN,128,2026-02-07T10:29:00,18,PO-00049
1319,175,VENTE,OUT,50,2026-01-01T01:48:00,19,SALE-000988
1320,62,INVENTAIRE_PLUS,IN,135,2025-12-04T15:23:00,5,
1321,194,CASSE,OUT,8,2025-12-26T08:17:00,11,
1322,154,RETOUR,IN,96,2025-10-17T13:28:00,14,
1323,88,PERTE,OUT,16,2026-01-18T08:06:00,17,
1324,188,INVENTAIRE_PLUS,IN,40,2026-01-20T13:11:00,18,
1325,28,RETOUR,IN,18,2025-07-28T04:16:00,11,
1326,83,VENTE,OUT,33,2025-07-28T08:05:00,19,SALE-001471
1327,28,PERTE,OUT,25,2025-11-15T22:53:00,24,
1328,102,INVENTAIRE_PLUS,IN,67,2025-11-27T15:54:00,14,
1329,186,CASSE,OUT,41,2025-12-29T20:40:00,19,
1330,56,PERTE,OUT,2,2025-07-12T08:22:00,19,
1331,134,CASSE,OUT,6,2025-09-13T05:33:00,17,
1332,93,INVENTAIRE_MOINS,OUT,18,2025-09-18T15:02:00,5,
1333,144,PERTE,OUT,14,2025-11-01T08:20:00,14,
1334,85,VENTE,OUT,54,2025-11-16T07:56:00,10,SALE-001690
1335,56,INVENTAIRE_MOINS,OUT,25,2025-07-02T10:32:00,5,
1336,123,VENTE,OUT,62,2025-09-11T16:15:00,17,SALE-000092
1337,181,CASSE,OUT,17,2025-09-13T18:19:00,11,
1338,189,CASSE,OUT,13,2025-09-03T04:27:00,14,
1339,16,ACHAT,IN,48,2025-08-23T16:33:00,18,PO-00079
1340,4,INVENTAIRE_PLUS,IN,26,2025-09-13T14:42:00,17,
1341,44,INVENTAIRE_PLUS,IN,70,2026-01-18T02:18:00,5,
1342,41,PERTE,OUT,48,2026-02-25T01:22:00,17,
1343,113,INVENTAIRE_PLUS,IN,24,2026-01-27T02:13:00,24,
1344,110,CASSE,OUT,54,2025-12-18T23:21:00,17,
1345,27,RETOUR,IN,50,2025-09-21T06:21:00,10,
1346,50,RETOUR,IN,80,2025-07-29T03:52:00,17,
1347,84,VENTE,OUT,66,2025-07-09T18:36:00,10,SALE-000579
1348,7,CASSE,OUT,50,2025-12-07T04:43:00,11,
1349,192,PERTE,OUT,5,2025-09-17T18:45:00,21,
1350,98,INVENTAIRE_MOINS,OUT,55,2025-09-26T18:11:00,11,
1351,146,ACHAT,IN,138,2025-11-20T21:24:00,17,PO-00024
1352,17,PERTE,OUT,3,2025-07-28T04:10:00,14,
1353,79,INVENTAIRE_PLUS,IN,39,2025-12-13T23:36:00,19,
1354,173,INVENTAIRE_PLUS,IN,49,2025-12-19T10:48:00,14,
1355,77,PERTE,OUT,31,2025-12-23T17:30:00,18,
1356,27,INVENTAIRE_MOINS,OUT,56,2025-07-10T04:44:00,5,
1357,130,RETOUR,IN,74,2026-01-13T14:45:00,24,
1358,46,INVENTAIRE_PLUS,IN,35,2025-10-08T13:39:00,5,
1359,116,RETOUR,IN,6,2025-10-02T12:50:00,24,
1360,163,CASSE,OUT,35,2025-07-16T08:07:00,5,
1361,64,INVENTAIRE_MOINS,OUT,37,2025-12-05T17:40:00,10,
1362,121,ACHAT,IN,67,2025-11-01T20:09:00,24,PO-00134
1363,52,INVENTAIRE_PLUS,IN,88,2025-12-18T19:25:00,24,
1364,117,RETOUR,IN,73,2025-08-21T00:21:00,19,
1365,171,RETOUR,IN,111,2025-11-03T05:26:00,17,
1366,117,INVENTAIRE_PLUS,IN,28,2025-11-01T01:06:00,5,
1367,111,VENTE,OUT,34,2025-09-20T09:02:00,10,SALE-000662
1368,7,PERTE,OUT,68,2025-12-22T01:01:00,21,
1369,27,RETOUR,IN,92,2025-11-11T10:14:00,18,
1370,1,VENTE,OUT,70,2025-08-24T07:33:00,5,SALE-000786
1371,99,RETOUR,IN,67,2025-10-05T00:17:00,11,
1372,53,ACHAT,IN,95,2025-09-23T03:33:00,24,PO-00084
1373,5,CASSE,OUT,42,2025-08-16T23:19:00,18,
1374,105,INVENTAIRE_PLUS,IN,148,2025-08-08T16:29:00,18,
1375,80,INVENTAIRE_PLUS,IN,68,2025-07-11T18:10:00,24,
1376,112,INVENTAIRE_PLUS,IN,138,2025-09-29T18:03:00,18,
1377,115,ACHAT,IN,34,2025-12-04T22:05:00,14,PO-00138
1378,83,INVENTAIRE_MOINS,OUT,55,2025-08-20T18:12:00,19,
1379,78,ACHAT,IN,106,2025-08-16T16:27:00,17,PO-00147
1380,63,INVENTAIRE_MOINS,OUT,7,2025-09-08T11:48:00,18,
1381,132,ACHAT,IN,22,2026-02-21T21:06:00,11,PO-00113
1382,141,CASSE,OUT,11,2025-08-04T04:19:00,14,
1383,1,CASSE,OUT,19,2025-07-09T01:29:00,21,
1384,90,INVENTAIRE_MOINS,OUT,7,2025-07-13T17:36:00,18,
1385,107,ACHAT,IN,109,2026-01-02T15:41:00,17,PO-00055
1386,161,INVENTAIRE_MOINS,OUT,66,2025-08-11T04:36:00,14,
1387,60,ACHAT,IN,39,2026-01-07T16:37:00,21,PO-00174
1388,108,INVENTAIRE_PLUS,IN,13,2025-11-04T16:07:00,10,
1389,115,RETOUR,IN,119,2025-10-31T10:49:00,19,
1390,35,RETOUR,IN,114,2025-10-12T13:16:00,5,
1391,131,INVENTAIRE_MOINS,OUT,64,2025-12-21T08:11:00,18,
1392,157,RETOUR,IN,62,2025-07-01T14:07:00,24,
1393,183,INVENTAIRE_PLUS,IN,91,2025-07-24T17:32:00,21,
1394,65,VENTE,OUT,31,2025-10-28T11:31:00,19,SALE-004568
1395,122,RETOUR,IN,39,2026-02-21T08:34:00,21,
1396,91,INVENTAIRE_PLUS,IN,114,2025-11-29T17:41:00,10,
1397,20,RETOUR,IN,54,2025-09-13T17:57:00,5,
1398,9,VENTE,OUT,36,2025-08-21T22:10:00,19,SALE-003053
1399,102,INVENTAIRE_PLUS,IN,39,2025-12-27T00:42:00,17,
1400,88,RETOUR,IN,109,2025-11-25T16:39:00,11,
1401,52,PERTE,OUT,53,2025-11-08T22:20:00,5,
1402,10,ACHAT,IN,147,2025-08-22T21:56:00,5,PO-00189
1403,63,CASSE,OUT,54,2026-02-07T21:22:00,24,
1404,146,INVENTAIRE_MOINS,OUT,41,2026-02-06T21:25:00,10,
1405,175,PERTE,OUT,58,2025-08-09T15:35:00,19,
1406,20,RETOUR,IN,121,2025-11-04T10:01:00,10,
1407,131,INVENTAIRE_MOINS,OUT,66,2025-10-25T03:00:00,17,
1408,185,INVENTAIRE_PLUS,IN,106,2025-11-16T02:19:00,19,
1409,141,VENTE,OUT,48,2025-08-28T19:37:00,19,SALE-002811
1410,154,VENTE,OUT,68,2025-09-15T04:56:00,17,SALE-001345
1411,180,ACHAT,IN,1,2025-08-24T18:24:00,11,PO-00128
1412,109,VENTE,OUT,41,2025-12-17T08:17:00,14,SALE-004383
1413,109,ACHAT,IN,18,2025-12-24T22:38:00,10,PO-00056
1414,23,INVENTAIRE_MOINS,OUT,5,2025-12-10T08:41:00,21,
1415,63,INVENTAIRE_PLUS,IN,24,2025-12-24T09:14:00,24,
1416,87,RETOUR,IN,77,2025-07-20T14:08:00,11,
1417,1,INVENTAIRE_PLUS,IN,68,2025-12-16T20:59:00,11,
1418,185,INVENTAIRE_PLUS,IN,124,2025-09-14T16:07:00,18,
1419,22,INVENTAIRE_MOINS,OUT,53,2025-12-09T08:30:00,17,
1420,25,ACHAT,IN,94,2026-02-07T07:17:00,14,PO-00003
1421,37,RETOUR,IN,51,2025-12-20T10:11:00,18,
1422,137,CASSE,OUT,27,2025-09-20T07:11:00,24,
1423,94,VENTE,OUT,63,2025-10-09T04:40:00,18,SALE-000475
1424,148,VENTE,OUT,22,2025-10-08T11:39:00,18,SALE-004251
1425,29,RETOUR,IN,46,2026-01-02T06:47:00,10,
1426,151,INVENTAIRE_PLUS,IN,147,2026-02-03T06:03:00,5,
1427,188,ACHAT,IN,137,2026-02-10T15:05:00,19,PO-00049
1428,67,INVENTAIRE_PLUS,IN,45,2025-12-09T18:54:00,18,
1429,148,ACHAT,IN,14,2025-07-26T05:13:00,10,PO-00045
1430,17,ACHAT,IN,121,2025-07-10T17:42:00,10,PO-00023
1431,76,VENTE,OUT,26,2025-12-25T21:39:00,18,SALE-002970
1432,51,VENTE,OUT,42,2025-12-31T22:48:00,5,SALE-002518
1433,76,RETOUR,IN,137,2026-02-04T02:15:00,10,
1434,13,INVENTAIRE_MOINS,OUT,47,2025-09-22T06:41:00,18,
1435,82,INVENTAIRE_PLUS,IN,111,2025-12-28T00:09:00,17,
1436,84,CASSE,OUT,16,2025-08-10T06:13:00,11,
1437,153,PERTE,OUT,53,2025-07-01T04:06:00,17,
1438,88,RETOUR,IN,79,2025-09-04T21:01:00,10,
1439,6,ACHAT,IN,98,2025-09-15T11:16:00,10,PO-00005
1440,16,PERTE,OUT,21,2025-09-09T15:52:00,10,
1441,104,INVENTAIRE_MOINS,OUT,65,2025-07-05T19:51:00,10,
1442,163,CASSE,OUT,52,2026-01-14T03:10:00,19,
1443,159,INVENTAIRE_MOINS,OUT,19,2026-02-19T07:48:00,17,
1444,128,VENTE,OUT,1,2026-02-24T12:24:00,14,SALE-001140
1445,170,CASSE,OUT,64,2026-01-24T19:25:00,21,
1446,13,PERTE,OUT,19,2026-02-19T22:19:00,21,
1447,69,INVENTAIRE_MOINS,OUT,17,2025-12-23T17:25:00,21,
1448,32,RETOUR,IN,23,2025-12-13T13:49:00,5,
1449,85,VENTE,OUT,19,2025-07-08T03:27:00,19,SALE-000131
1450,98,INVENTAIRE_PLUS,IN,8,2026-01-13T18:44:00,5,
1451,108,CASSE,OUT,62,2025-12-21T09:09:00,19,
1452,178,CASSE,OUT,6,2025-08-27T05:59:00,17,
1453,22,CASSE,OUT,56,2025-11-18T01:44:00,14,
1454,10,RETOUR,IN,85,2025-09-19T12:33:00,11,
1455,57,RETOUR,IN,136,2025-10-19T07:32:00,19,
1456,89,INVENTAIRE_PLUS,IN,61,2026-02-08T17:36:00,5,
1457,107,PERTE,OUT,3,2025-07-15T21:54:00,14,
1458,143,RETOUR,IN,124,2025-07-29T05:43:00,21,
1459,21,VENTE,OUT,28,2025-10-19T23:47:00,18,SALE-000994
1460,195,CASSE,OUT,67,2025-09-29T13:14:00,14,
1461,144,INVENTAIRE_PLUS,IN,146,2025-12-14T14:56:00,10,
1462,67,INVENTAIRE_PLUS,IN,13,2025-11-26T16:41:00,21,
1463,33,CASSE,OUT,12,2025-08-22T10:30:00,14,
1464,164,INVENTAIRE_PLUS,IN,85,2025-08-24T16:52:00,19,
1465,127,INVENTAIRE_PLUS,IN,66,2025-07-20T07:12:00,24,
1466,104,INVENTAIRE_MOINS,OUT,43,2025-11-21T01:18:00,11,
1467,152,CASSE,OUT,69,2025-09-10T18:05:00,11,
1468,135,VENTE,OUT,15,2025-10-15T17:51:00,14,SALE-003060
1469,54,INVENTAIRE_PLUS,IN,132,2025-12-01T10:26:00,17,
1470,175,INVENTAIRE_MOINS,OUT,63,2025-07-09T10:20:00,21,
1471,129,RETOUR,IN,72,2025-12-06T06:46:00,21,
1472,69,CASSE,OUT,61,2025-12-03T19:55:00,14,
1473,92,VENTE,OUT,62,2025-12-06T12:17:00,18,SALE-004913
1474,161,INVENTAIRE_PLUS,IN,126,2025-12-18T06:15:00,21,
1475,71,INVENTAIRE_PLUS,IN,17,2025-08-30T03:42:00,24,
1476,99,PERTE,OUT,55,2025-11-05T13:12:00,10,
1477,192,INVENTAIRE_MOINS,OUT,55,2025-12-23T13:46:00,17,
1478,157,RETOUR,IN,19,2025-08-14T12:11:00,19,
1479,80,INVENTAIRE_MOINS,OUT,57,2025-10-14T04:33:00,14,
1480,185,ACHAT,IN,145,2026-01-05T12:13:00,24,PO-00210
1481,48,ACHAT,IN,102,2025-08-10T17:07:00,5,PO-00022
1482,195,INVENTAIRE_MOINS,OUT,20,2026-01-13T15:51:00,11,
1483,135,INVENTAIRE_PLUS,IN,56,2025-12-10T02:22:00,11,
1484,123,INVENTAIRE_PLUS,IN,13,2025-10-04T03:27:00,17,
1485,112,VENTE,OUT,11,2025-08-05T03:05:00,24,SALE-000276
1486,71,ACHAT,IN,51,2025-07-09T14:25:00,5,PO-00019
1487,86,INVENTAIRE_MOINS,OUT,31,2025-11-23T07:35:00,19,
1488,192,RETOUR,IN,84,2025-12-22T15:34:00,5,
1489,89,ACHAT,IN,101,2026-02-16T04:04:00,19,PO-00125
1490,69,INVENTAIRE_MOINS,OUT,18,2025-10-23T19:57:00,18,
1491,192,INVENTAIRE_PLUS,IN,77,2025-09-20T05:56:00,10,
1492,154,CASSE,OUT,53,2025-11-05T00:20:00,11,
1493,129,ACHAT,IN,44,2026-02-05T12:40:00,14,PO-00143
1494,63,INVENTAIRE_MOINS,OUT,59,2025-12-01T13:25:00,11,
1495,23,INVENTAIRE_MOINS,OUT,24,2025-11-12T15:47:00,18,
1496,102,INVENTAIRE_PLUS,IN,69,2025-12-15T00:35:00,5,
1497,115,VENTE,OUT,62,2025-07-29T13:55:00,10,SALE-004974
1498,130,RETOUR,IN,96,2025-11-24T21:51:00,17,
1499,77,RETOUR,IN,43,2025-12-02T17:17:00,10,
1500,110,PERTE,OUT,67,2025-08-16T02:12:00,14,
1501,133,CASSE,OUT,61,2025-12-19T09:32:00,19,
1502,90,RETOUR,IN,150,2025-07-12T22:30:00,5,
1503,93,INVENTAIRE_PLUS,IN,68,2025-09-13T01:47:00,17,
1504,57,INVENTAIRE_MOINS,OUT,69,2025-10-29T02:29:00,10,
1505,87,PERTE,OUT,19,2025-08-25T23:07:00,17,
1506,197,VENTE,OUT,63,2025-11-15T01:45:00,17,SALE-000923
1507,89,INVENTAIRE_PLUS,IN,119,2025-10-30T20:57:00,5,
1508,29,RETOUR,IN,65,2025-10-31T09:06:00,14,
1509,197,RETOUR,IN,62,2025-09-10T21:08:00,17,
1510,178,PERTE,OUT,23,2025-11-28T12:31:00,24,
1511,87,ACHAT,IN,58,2025-12-01T15:19:00,21,PO-00080
1512,25,RETOUR,IN,96,2025-10-30T17:21:00,18,
1513,39,ACHAT,IN,138,2025-11-25T12:38:00,24,PO-00005
1514,199,CASSE,OUT,63,2025-08-19T04:41:00,21,
1515,93,VENTE,OUT,53,2025-11-15T22:51:00,24,SALE-002151
1516,161,PERTE,OUT,53,2026-01-15T16:47:00,17,
1517,114,ACHAT,IN,120,2026-01-31T15:35:00,21,PO-00163
1518,184,INVENTAIRE_PLUS,IN,127,2025-09-08T05:29:00,14,
1519,75,RETOUR,IN,82,2025-10-03T13:58:00,24,
1520,183,RETOUR,IN,96,2025-08-28T11:58:00,10,
1521,119,INVENTAIRE_PLUS,IN,100,2026-02-01T23:56:00,21,
1522,90,VENTE,OUT,6,2025-08-16T20:32:00,5,SALE-003140
1523,118,CASSE,OUT,5,2025-10-24T06:33:00,11,
1524,136,INVENTAIRE_PLUS,IN,26,2025-11-17T01:51:00,10,
1525,192,PERTE,OUT,55,2025-11-05T11:17:00,14,
1526,91,INVENTAIRE_MOINS,OUT,63,2025-12-27T12:04:00,18,
1527,181,INVENTAIRE_MOINS,OUT,6,2025-10-24T22:31:00,11,
1528,35,PERTE,OUT,35,2025-08-11T21:47:00,14,
1529,89,PERTE,OUT,1,2026-02-07T15:48:00,5,
1530,155,RETOUR,IN,43,2025-10-23T03:41:00,14,
1531,111,INVENTAIRE_PLUS,IN,58,2025-12-08T08:15:00,19,
1532,114,VENTE,OUT,35,2025-10-16T23:48:00,5,SALE-000423
1533,117,PERTE,OUT,47,2025-08-12T03:33:00,18,
1534,144,INVENTAIRE_MOINS,OUT,4,2025-10-18T18:06:00,18,
1535,47,INVENTAIRE_MOINS,OUT,31,2025-07-12T00:30:00,17,
1536,182,VENTE,OUT,19,2025-07-15T07:05:00,24,SALE-003198
1537,110,VENTE,OUT,12,2025-08-03T19:17:00,11,SALE-001607
1538,43,INVENTAIRE_PLUS,IN,43,2025-12-06T18:09:00,19,
1539,22,INVENTAIRE_MOINS,OUT,70,2025-10-04T19:07:00,18,
1540,159,INVENTAIRE_MOINS,OUT,41,2025-11-03T15:20:00,17,
1541,97,PERTE,OUT,24,2025-11-23T02:08:00,18,
1542,72,ACHAT,IN,29,2025-10-16T20:09:00,24,PO-00171
1543,196,CASSE,OUT,11,2026-01-03T11:02:00,21,
1544,49,ACHAT,IN,87,2026-01-21T22:47:00,24,PO-00212
1545,166,VENTE,OUT,28,2025-11-05T00:33:00,24,SALE-002466
1546,200,RETOUR,IN,128,2025-07-01T21:44:00,19,
1547,172,ACHAT,IN,20,2025-12-22T02:27:00,14,PO-00051
1548,63,ACHAT,IN,25,2026-01-29T18:32:00,11,PO-00139
1549,54,VENTE,OUT,26,2026-02-26T07:30:00,19,SALE-002385
1550,120,VENTE,OUT,2,2025-11-11T02:18:00,21,SALE-003568
1551,28,PERTE,OUT,60,2025-11-22T19:13:00,18,
1552,1,INVENTAIRE_PLUS,IN,124,2025-09-03T21:20:00,19,
1553,48,INVENTAIRE_MOINS,OUT,19,2026-02-16T14:26:00,24,
1554,133,ACHAT,IN,77,2026-01-31T07:36:00,14,PO-00012
1555,58,PERTE,OUT,50,2025-07-25T14:19:00,18,
1556,103,RETOUR,IN,120,2025-12-12T20:23:00,10,
1557,103,INVENTAIRE_PLUS,IN,60,2025-09-24T02:59:00,19,
1558,65,VENTE,OUT,63,2025-09-14T23:46:00,17,SALE-001071
1559,87,VENTE,OUT,58,2025-09-05T22:53:00,24,SALE-000567
1560,189,VENTE,OUT,25,2025-11-17T06:51:00,19,SALE-003806
1561,3,ACHAT,IN,31,2025-12-03T16:56:00,14,PO-00164
1562,102,CASSE,OUT,22,2025-11-16T23:52:00,11,
1563,29,INVENTAIRE_PLUS,IN,7,2025-10-09T01:28:00,21,
1564,94,VENTE,OUT,19,2025-07-20T04:46:00,14,SALE-003016
1565,140,INVENTAIRE_PLUS,IN,77,2026-01-08T02:07:00,10,
1566,2,RETOUR,IN,62,2025-07-15T13:06:00,10,
1567,123,RETOUR,IN,97,2025-10-03T17:11:00,18,
1568,32,ACHAT,IN,21,2025-12-11T22:02:00,10,PO-00039
1569,140,ACHAT,IN,147,2025-12-04T12:28:00,21,PO-00145
1570,149,ACHAT,IN,87,2025-08-04T04:31:00,10,PO-00127
1571,127,RETOUR,IN,7,2026-01-08T22:38:00,19,
1572,129,ACHAT,IN,147,2025-12-11T21:52:00,17,PO-00179
1573,98,ACHAT,IN,101,2025-12-24T06:09:00,14,PO-00195
1574,163,CASSE,OUT,27,2025-12-27T09:36:00,24,
1575,67,INVENTAIRE_PLUS,IN,117,2025-08-15T11:31:00,21,
1576,171,ACHAT,IN,3,2025-11-19T15:46:00,17,PO-00084
1577,168,INVENTAIRE_MOINS,OUT,30,2025-07-26T21:20:00,21,
1578,195,ACHAT,IN,58,2026-01-12T15:23:00,19,PO-00192
1579,185,CASSE,OUT,64,2025-07-12T15:05:00,18,
1580,30,CASSE,OUT,70,2025-12-17T06:06:00,5,
1581,151,RETOUR,IN,56,2025-07-26T20:26:00,10,
1582,89,RETOUR,IN,75,2026-01-16T08:57:00,21,
1583,153,CASSE,OUT,39,2025-08-05T08:34:00,10,
1584,27,RETOUR,IN,148,2025-10-28T11:41:00,21,
1585,93,INVENTAIRE_PLUS,IN,90,2025-11-11T13:31:00,11,
1586,132,INVENTAIRE_MOINS,OUT,20,2026-01-15T11:17:00,14,
1587,76,RETOUR,IN,7,2025-08-16T17:23:00,5,
1588,156,INVENTAIRE_PLUS,IN,98,2025-10-14T12:13:00,19,
1589,3,INVENTAIRE_MOINS,OUT,24,2025-07-05T03:15:00,19,
1590,18,ACHAT,IN,105,2025-08-10T06:30:00,5,PO-00160
1591,197,INVENTAIRE_MOINS,OUT,59,2025-11-06T04:37:00,21,
1592,11,PERTE,OUT,53,2026-01-21T11:46:00,21,
1593,120,INVENTAIRE_MOINS,OUT,9,2025-09-08T21:57:00,21,
1594,195,RETOUR,IN,32,2026-01-24T06:22:00,19,
1595,45,ACHAT,IN,105,2025-10-11T03:02:00,11,PO-00074
1596,52,ACHAT,IN,62,2026-02-13T19:47:00,14,PO-00065
1597,72,RETOUR,IN,8,2025-07-28T11:24:00,17,
1598,182,ACHAT,IN,103,2025-09-23T12:19:00,11,PO-00049
1599,88,RETOUR,IN,83,2025-08-11T19:22:00,17,
1600,24,RETOUR,IN,63,2025-10-26T01:07:00,5,
1601,9,CASSE,OUT,33,2025-10-14T06:39:00,17,
1602,137,RETOUR,IN,63,2026-01-30T20:23:00,24,
1603,3,RETOUR,IN,90,2025-12-09T19:27:00,5,
1604,83,RETOUR,IN,106,2025-08-16T14:52:00,18,
1605,86,INVENTAIRE_MOINS,OUT,55,2025-10-09T07:20:00,21,
1606,140,INVENTAIRE_PLUS,IN,47,2026-02-16T16:14:00,11,
1607,44,ACHAT,IN,124,2026-02-18T21:21:00,18,PO-00144
1608,103,PERTE,OUT,17,2025-10-11T08:24:00,24,
1609,199,INVENTAIRE_PLUS,IN,128,2026-01-06T01:56:00,17,
1610,41,CASSE,OUT,53,2026-01-13T05:08:00,10,
1611,122,INVENTAIRE_MOINS,OUT,40,2025-12-12T20:33:00,5,
1612,61,ACHAT,IN,139,2025-10-07T08:00:00,21,PO-00002
1613,5,INVENTAIRE_PLUS,IN,11,2026-01-12T07:29:00,17,
1614,87,PERTE,OUT,3,2026-01-20T02:50:00,5,
1615,22,INVENTAIRE_MOINS,OUT,47,2025-12-12T12:43:00,10,
1616,102,RETOUR,IN,36,2025-09-11T01:56:00,5,
1617,69,ACHAT,IN,120,2025-12-07T03:13:00,5,PO-00200
1618,26,RETOUR,IN,147,2025-11-04T15:43:00,11,
1619,14,INVENTAIRE_PLUS,IN,102,2026-02-12T08:26:00,18,
1620,75,PERTE,OUT,26,2026-02-23T05:37:00,24,
1621,127,ACHAT,IN,143,2026-01-02T11:26:00,5,PO-00110
1622,13,CASSE,OUT,43,2025-11-04T04:51:00,14,
1623,35,ACHAT,IN,69,2025-08-21T02:26:00,18,PO-00129
1624,181,INVENTAIRE_PLUS,IN,118,2026-02-25T20:37:00,5,
1625,185,RETOUR,IN,128,2025-09-24T08:18:00,11,
1626,8,CASSE,OUT,10,2025-10-03T19:58:00,10,
1627,144,INVENTAIRE_PLUS,IN,91,2026-01-25T16:46:00,11,
1628,145,ACHAT,IN,69,2025-10-02T03:06:00,14,PO-00194
1629,123,PERTE,OUT,14,2025-12-01T06:20:00,18,
1630,83,VENTE,OUT,55,2025-07-26T17:09:00,21,SALE-000683
1631,73,VENTE,OUT,60,2025-12-03T09:41:00,10,SALE-002538
1632,47,RETOUR,IN,61,2025-09-30T10:50:00,19,
1633,34,ACHAT,IN,133,2025-07-05T06:45:00,10,PO-00046
1634,77,INVENTAIRE_MOINS,OUT,58,2025-12-28T03:33:00,21,
1635,123,RETOUR,IN,77,2026-01-09T03:41:00,14,
1636,162,CASSE,OUT,60,2025-10-17T08:50:00,19,
1637,93,RETOUR,IN,104,2025-08-18T01:06:00,17,
1638,58,VENTE,OUT,21,2025-09-22T05:57:00,14,SALE-002214
1639,137,CASSE,OUT,17,2025-12-13T08:23:00,19,
1640,13,VENTE,OUT,37,2026-02-24T04:56:00,19,SALE-002903
1641,124,RETOUR,IN,33,2025-12-15T18:35:00,19,
1642,178,PERTE,OUT,17,2025-11-25T15:22:00,11,
1643,9,INVENTAIRE_PLUS,IN,60,2026-02-13T04:12:00,10,
1644,184,VENTE,OUT,13,2025-09-06T13:51:00,21,SALE-001981
1645,28,VENTE,OUT,59,2026-01-10T18:35:00,17,SALE-000540
1646,67,RETOUR,IN,108,2025-10-03T23:04:00,5,
1647,163,RETOUR,IN,33,2025-07-06T04:09:00,14,
1648,56,CASSE,OUT,58,2025-08-05T14:50:00,11,
1649,148,PERTE,OUT,42,2025-09-22T10:17:00,19,
1650,178,RETOUR,IN,22,2025-11-28T16:05:00,5,
1651,44,ACHAT,IN,78,2025-10-30T00:11:00,14,PO-00104
1652,84,INVENTAIRE_PLUS,IN,52,2026-01-21T04:24:00,5,
1653,148,INVENTAIRE_PLUS,IN,15,2025-11-08T14:07:00,21,
1654,105,INVENTAIRE_PLUS,IN,80,2025-12-11T19:32:00,24,
1655,126,INVENTAIRE_PLUS,IN,84,2025-12-07T15:18:00,5,
1656,183,PERTE,OUT,32,2026-01-26T11:21:00,21,
1657,154,INVENTAIRE_PLUS,IN,16,2025-08-22T10:32:00,18,
1658,69,PERTE,OUT,26,2025-12-10T16:17:00,19,
1659,151,RETOUR,IN,55,2025-08-21T02:23:00,11,
1660,177,INVENTAIRE_PLUS,IN,121,2025-10-07T01:46:00,18,
1661,117,INVENTAIRE_PLUS,IN,26,2025-07-13T16:45:00,5,
1662,124,RETOUR,IN,64,2025-09-18T02:47:00,5,
1663,47,INVENTAIRE_MOINS,OUT,40,2026-02-01T18:51:00,17,
1664,195,RETOUR,IN,6,2025-09-17T05:26:00,18,
1665,49,INVENTAIRE_MOINS,OUT,21,2026-02-12T16:46:00,18,
1666,12,ACHAT,IN,103,2026-02-14T19:45:00,11,PO-00084
1667,25,INVENTAIRE_MOINS,OUT,12,2025-11-25T12:40:00,24,
1668,128,INVENTAIRE_PLUS,IN,69,2025-09-17T01:57:00,17,
1669,39,INVENTAIRE_PLUS,IN,77,2025-12-01T11:41:00,10,
1670,21,PERTE,OUT,48,2025-08-02T12:06:00,10,
1671,34,INVENTAIRE_PLUS,IN,10,2025-07-01T08:11:00,24,
1672,20,PERTE,OUT,45,2025-07-10T23:38:00,14,
1673,187,CASSE,OUT,9,2025-09-22T01:05:00,21,
1674,29,RETOUR,IN,81,2025-11-27T08:53:00,19,
1675,111,PERTE,OUT,66,2025-09-18T03:52:00,17,
1676,105,RETOUR,IN,31,2025-08-20T10:52:00,10,
1677,172,CASSE,OUT,56,2025-12-28T13:52:00,5,
1678,200,RETOUR,IN,19,2025-12-08T22:42:00,11,
1679,15,INVENTAIRE_PLUS,IN,99,2025-10-21T12:18:00,19,
1680,153,ACHAT,IN,79,2026-01-09T02:47:00,19,PO-00007
1681,130,INVENTAIRE_PLUS,IN,10,2026-01-30T22:55:00,17,
1682,196,VENTE,OUT,7,2025-08-23T17:22:00,11,SALE-003978
1683,132,VENTE,OUT,69,2025-09-27T17:58:00,17,SALE-003201
1684,169,ACHAT,IN,143,2025-10-16T20:34:00,24,PO-00122
1685,182,CASSE,OUT,12,2025-10-14T02:38:00,19,
1686,153,RETOUR,IN,10,2025-09-10T05:36:00,18,
1687,103,PERTE,OUT,49,2025-10-27T18:27:00,5,
1688,4,ACHAT,IN,125,2026-01-17T23:14:00,24,PO-00029
1689,173,CASSE,OUT,58,2026-01-18T03:48:00,21,
1690,54,RETOUR,IN,5,2025-10-30T07:46:00,5,
1691,137,RETOUR,IN,114,2025-07-15T07:12:00,18,
1692,27,CASSE,OUT,37,2025-09-24T06:47:00,19,
1693,119,CASSE,OUT,50,2025-10-26T15:24:00,5,
1694,112,INVENTAIRE_PLUS,IN,107,2025-11-03T12:56:00,24,
1695,87,VENTE,OUT,11,2025-11-10T14:38:00,19,SALE-000373
1696,90,CASSE,OUT,52,2026-01-04T14:45:00,10,
1697,129,INVENTAIRE_PLUS,IN,113,2026-01-04T05:01:00,11,
1698,5,PERTE,OUT,45,2025-10-14T12:33:00,18,
1699,195,PERTE,OUT,61,2025-08-30T08:30:00,14,
1700,5,VENTE,OUT,49,2025-10-23T01:25:00,21,SALE-000887
1701,152,INVENTAIRE_MOINS,OUT,14,2025-11-23T14:25:00,21,
1702,173,ACHAT,IN,37,2025-12-21T02:57:00,11,PO-00096
1703,75,ACHAT,IN,15,2025-12-01T14:23:00,5,PO-00130
1704,191,PERTE,OUT,64,2025-11-16T03:31:00,14,
1705,134,ACHAT,IN,80,2025-11-22T20:35:00,14,PO-00004
1706,52,CASSE,OUT,32,2025-10-15T16:11:00,5,
1707,8,ACHAT,IN,75,2025-12-31T13:50:00,17,PO-00159
1708,58,INVENTAIRE_MOINS,OUT,36,2026-01-30T09:24:00,19,
1709,81,INVENTAIRE_MOINS,OUT,50,2026-01-18T07:21:00,21,
1710,178,ACHAT,IN,134,2025-09-24T11:50:00,11,PO-00087
1711,40,RETOUR,IN,104,2026-02-12T23:50:00,11,
1712,64,ACHAT,IN,74,2026-02-17T12:36:00,21,PO-00116
1713,27,ACHAT,IN,95,2025-10-17T05:13:00,5,PO-00212
1714,68,INVENTAIRE_PLUS,IN,43,2025-08-13T07:04:00,5,
1715,87,RETOUR,IN,111,2026-02-15T01:26:00,10,
1716,47,ACHAT,IN,125,2025-10-15T06:42:00,17,PO-00125
1717,163,INVENTAIRE_MOINS,OUT,25,2025-11-12T21:40:00,11,
1718,122,RETOUR,IN,142,2025-08-03T14:41:00,17,
1719,40,ACHAT,IN,67,2025-09-02T06:51:00,17,PO-00138
1720,140,PERTE,OUT,10,2025-12-26T09:45:00,21,
1721,20,ACHAT,IN,58,2026-02-08T20:02:00,24,PO-00009
1722,179,INVENTAIRE_PLUS,IN,98,2025-09-18T05:09:00,10,
1723,68,PERTE,OUT,53,2026-02-25T11:55:00,5,
1724,68,ACHAT,IN,129,2025-10-04T00:53:00,10,PO-00209
1725,149,PERTE,OUT,41,2025-07-25T11:18:00,11,
1726,78,INVENTAIRE_MOINS,OUT,28,2025-12-14T21:58:00,14,
1727,68,ACHAT,IN,51,2025-08-17T21:27:00,10,PO-00029
1728,144,CASSE,OUT,2,2025-12-01T21:16:00,14,
1729,41,ACHAT,IN,114,2025-07-18T05:18:00,5,PO-00080
1730,80,INVENTAIRE_PLUS,IN,93,2025-11-12T23:24:00,17,
1731,13,INVENTAIRE_MOINS,OUT,59,2026-02-01T14:18:00,24,
1732,118,VENTE,OUT,3,2026-01-07T20:44:00,18,SALE-003193
1733,70,ACHAT,IN,40,2025-11-01T13:18:00,21,PO-00154
1734,69,INVENTAIRE_MOINS,OUT,35,2026-02-20T16:47:00,21,
1735,68,INVENTAIRE_PLUS,IN,149,2025-09-22T07:32:00,5,
1736,155,PERTE,OUT,14,2025-08-29T16:35:00,17,
1737,23,INVENTAIRE_PLUS,IN,104,2025-12-12T22:00:00,19,
1738,5,RETOUR,IN,116,2025-11-29T16:56:00,24,
1739,12,RETOUR,IN,62,2026-02-04T02:07:00,5,
1740,21,INVENTAIRE_PLUS,IN,104,2025-09-15T13:42:00,19,
1741,25,ACHAT,IN,102,2026-02-17T11:01:00,17,PO-00006
1742,16,RETOUR,IN,134,2025-11-16T09:22:00,17,
1743,144,INVENTAIRE_PLUS,IN,150,2025-08-02T07:23:00,17,
1744,131,ACHAT,IN,120,2026-02-23T03:45:00,19,PO-00207
1745,28,ACHAT,IN,117,2025-08-06T10:00:00,10,PO-00114
1746,125,PERTE,OUT,62,2025-12-08T05:02:00,17,
1747,153,ACHAT,IN,10,2025-11-05T07:54:00,10,PO-00019
1748,114,INVENTAIRE_PLUS,IN,109,2025-07-28T22:58:00,17,
1749,158,ACHAT,IN,69,2025-12-15T14:55:00,18,PO-00086
1750,152,RETOUR,IN,59,2025-12-29T16:18:00,24,
1751,78,INVENTAIRE_MOINS,OUT,44,2025-11-23T18:46:00,10,
1752,123,VENTE,OUT,28,2025-08-24T16:37:00,14,SALE-000011
1753,194,INVENTAIRE_PLUS,IN,150,2025-09-30T18:36:00,19,
1754,90,RETOUR,IN,29,2025-08-21T04:30:00,21,
1755,61,RETOUR,IN,56,2025-10-04T14:12:00,19,
1756,178,CASSE,OUT,65,2025-10-23T01:14:00,11,
1757,51,CASSE,OUT,68,2025-11-22T13:18:00,14,
1758,160,RETOUR,IN,100,2025-10-08T09:18:00,10,
1759,67,PERTE,OUT,36,2025-10-02T17:10:00,10,
1760,196,INVENTAIRE_PLUS,IN,100,2025-11-06T22:33:00,5,
1761,94,INVENTAIRE_PLUS,IN,26,2025-10-27T16:08:00,18,
1762,119,VENTE,OUT,16,2025-11-19T19:39:00,5,SALE-003222
1763,179,PERTE,OUT,48,2025-08-18T15:35:00,17,
1764,103,INVENTAIRE_PLUS,IN,137,2025-09-02T04:32:00,5,
1765,27,CASSE,OUT,47,2025-10-25T23:06:00,14,
1766,154,CASSE,OUT,17,2025-10-28T01:07:00,10,
1767,186,INVENTAIRE_MOINS,OUT,51,2025-08-19T05:51:00,18,
1768,83,INVENTAIRE_PLUS,IN,15,2025-12-04T23:21:00,11,
1769,100,VENTE,OUT,7,2025-09-09T21:10:00,10,SALE-000454
1770,22,INVENTAIRE_MOINS,OUT,10,2025-11-12T21:06:00,21,
1771,50,CASSE,OUT,66,2026-02-06T19:55:00,14,
1772,1,INVENTAIRE_PLUS,IN,143,2025-10-18T19:19:00,14,
1773,136,INVENTAIRE_MOINS,OUT,7,2025-08-15T02:17:00,24,
1774,104,ACHAT,IN,56,2026-02-08T22:44:00,17,PO-00136
1775,32,RETOUR,IN,63,2025-09-19T10:06:00,18,
1776,82,VENTE,OUT,18,2026-01-25T21:11:00,24,SALE-004481
1777,35,VENTE,OUT,53,2026-01-03T21:27:00,19,SALE-002355
1778,32,ACHAT,IN,58,2025-07-29T23:51:00,14,PO-00106
1779,68,INVENTAIRE_MOINS,OUT,31,2025-11-10T07:48:00,18,
1780,161,VENTE,OUT,53,2025-07-25T09:33:00,17,SALE-000123
1781,63,INVENTAIRE_PLUS,IN,18,2025-08-28T05:14:00,14,
1782,169,RETOUR,IN,36,2025-08-09T06:51:00,19,
1783,117,PERTE,OUT,49,2025-07-14T04:45:00,21,
1784,150,INVENTAIRE_PLUS,IN,146,2025-12-06T18:01:00,11,
1785,81,INVENTAIRE_PLUS,IN,107,2025-08-16T15:44:00,17,
1786,176,PERTE,OUT,55,2025-08-14T01:14:00,24,
1787,112,ACHAT,IN,20,2025-12-09T16:46:00,5,PO-00110
1788,66,INVENTAIRE_PLUS,IN,134,2026-02-20T13:25:00,21,
1789,123,RETOUR,IN,82,2025-08-31T12:22:00,5,
1790,198,INVENTAIRE_MOINS,OUT,22,2025-08-11T08:27:00,21,
1791,157,RETOUR,IN,148,2026-02-01T01:51:00,5,
1792,183,INVENTAIRE_MOINS,OUT,31,2025-10-30T18:53:00,19,
1793,46,INVENTAIRE_MOINS,OUT,51,2025-08-25T23:47:00,11,
1794,49,RETOUR,IN,19,2025-10-12T23:49:00,18,
1795,89,INVENTAIRE_MOINS,OUT,60,2025-08-13T16:14:00,21,
1796,147,RETOUR,IN,126,2025-07-23T05:40:00,18,
1797,18,PERTE,OUT,33,2025-08-26T09:43:00,10,
1798,19,INVENTAIRE_PLUS,IN,56,2025-11-18T10:00:00,14,
1799,182,PERTE,OUT,46,2025-11-18T03:31:00,19,
1800,27,RETOUR,IN,143,2025-12-14T00:06:00,11,
1801,53,ACHAT,IN,140,2026-02-16T12:35:00,14,PO-00009
1802,191,PERTE,OUT,22,2025-09-19T15:20:00,24,
1803,36,ACHAT,IN,44,2025-08-06T20:58:00,21,PO-00175
1804,184,PERTE,OUT,11,2026-01-14T03:32:00,14,
1805,184,RETOUR,IN,75,2025-10-10T12:51:00,11,
1806,1,ACHAT,IN,17,2025-09-22T09:06:00,5,PO-00141
1807,76,RETOUR,IN,65,2025-07-29T02:56:00,19,
1808,175,INVENTAIRE_MOINS,OUT,56,2025-08-15T17:20:00,19,
1809,84,INVENTAIRE_PLUS,IN,84,2025-11-28T13:55:00,5,
1810,5,VENTE,OUT,5,2025-10-18T20:21:00,17,SALE-004406
1811,197,ACHAT,IN,33,2025-11-09T18:47:00,5,PO-00004
1812,54,RETOUR,IN,35,2026-01-24T16:40:00,5,
1813,40,PERTE,OUT,1,2025-08-30T17:18:00,17,
1814,175,INVENTAIRE_PLUS,IN,71,2026-01-07T09:39:00,14,
1815,148,RETOUR,IN,147,2026-01-21T06:59:00,10,
1816,107,PERTE,OUT,16,2025-11-10T10:21:00,19,
1817,143,INVENTAIRE_PLUS,IN,79,2026-02-24T16:47:00,5,
1818,66,RETOUR,IN,17,2026-02-22T11:54:00,19,
1819,101,RETOUR,IN,2,2026-02-19T02:26:00,17,
1820,75,CASSE,OUT,4,2026-02-01T13:14:00,10,
1821,126,ACHAT,IN,149,2025-11-13T01:50:00,24,PO-00001
1822,151,ACHAT,IN,31,2025-11-27T23:40:00,5,PO-00168
1823,157,INVENTAIRE_MOINS,OUT,54,2026-02-01T00:14:00,14,
1824,32,ACHAT,IN,85,2025-11-23T18:16:00,14,PO-00179
1825,42,INVENTAIRE_PLUS,IN,13,2025-12-05T07:07:00,24,
1826,50,INVENTAIRE_MOINS,OUT,39,2025-12-28T12:02:00,17,
1827,190,INVENTAIRE_PLUS,IN,79,2025-10-22T11:49:00,18,
1828,192,PERTE,OUT,47,2026-02-15T20:55:00,10,
1829,85,CASSE,OUT,41,2025-10-20T02:33:00,11,
1830,119,INVENTAIRE_PLUS,IN,142,2025-10-12T18:35:00,5,
1831,57,RETOUR,IN,71,2025-10-13T05:59:00,14,
1832,6,RETOUR,IN,137,2025-07-13T08:00:00,21,
1833,31,INVENTAIRE_MOINS,OUT,9,2025-08-06T14:08:00,11,
1834,46,PERTE,OUT,48,2025-08-31T13:16:00,17,
1835,170,PERTE,OUT,6,2025-12-05T00:10:00,18,
1836,145,RETOUR,IN,114,2025-10-23T04:22:00,10,
1837,28,INVENTAIRE_MOINS,OUT,29,2026-02-22T01:41:00,18,
1838,120,ACHAT,IN,114,2025-07-18T15:40:00,10,PO-00023
1839,100,INVENTAIRE_PLUS,IN,92,2025-10-14T05:31:00,5,
1840,194,RETOUR,IN,43,2026-01-11T20:11:00,14,
1841,52,INVENTAIRE_PLUS,IN,97,2026-02-11T23:02:00,24,
1842,51,RETOUR,IN,19,2026-01-24T02:28:00,24,
1843,151,PERTE,OUT,1,2025-09-04T08:43:00,19,
1844,28,PERTE,OUT,62,2025-10-02T04:52:00,21,
1845,27,CASSE,OUT,51,2025-07-02T22:02:00,14,
1846,55,INVENTAIRE_MOINS,OUT,70,2025-07-16T07:17:00,18,
1847,38,INVENTAIRE_PLUS,IN,144,2025-07-21T04:28:00,19,
1848,132,CASSE,OUT,31,2025-10-02T09:35:00,14,
1849,14,VENTE,OUT,1,2025-10-29T16:29:00,17,SALE-004771
1850,157,CASSE,OUT,36,2025-12-08T09:17:00,17,
1851,80,ACHAT,IN,116,2025-11-15T05:03:00,11,PO-00191
1852,110,INVENTAIRE_PLUS,IN,88,2025-12-16T03:46:00,17,
1853,197,RETOUR,IN,146,2026-01-30T01:35:00,5,
1854,188,RETOUR,IN,149,2025-09-13T07:47:00,24,
1855,85,VENTE,OUT,60,2025-08-03T04:15:00,19,SALE-002981
1856,130,INVENTAIRE_MOINS,OUT,65,2025-08-17T16:01:00,21,
1857,85,INVENTAIRE_PLUS,IN,19,2025-11-22T08:27:00,17,
1858,56,VENTE,OUT,63,2025-07-26T01:47:00,5,SALE-003628
1859,167,INVENTAIRE_MOINS,OUT,60,2025-11-19T20:04:00,14,
1860,81,VENTE,OUT,63,2025-10-19T06:47:00,19,SALE-004784
1861,41,ACHAT,IN,129,2025-12-06T15:00:00,14,PO-00049
1862,105,CASSE,OUT,17,2025-10-08T13:17:00,5,
1863,187,ACHAT,IN,36,2025-07-03T02:09:00,19,PO-00081
1864,51,ACHAT,IN,81,2025-09-02T02:15:00,18,PO-00208
1865,31,RETOUR,IN,40,2025-12-21T04:16:00,5,
1866,49,ACHAT,IN,63,2025-12-20T08:29:00,10,PO-00075
1867,109,CASSE,OUT,5,2025-09-30T16:15:00,18,
1868,81,INVENTAIRE_PLUS,IN,116,2026-02-16T19:58:00,5,
1869,106,RETOUR,IN,19,2026-01-08T10:41:00,17,
1870,93,INVENTAIRE_MOINS,OUT,51,2026-01-29T18:54:00,24,
1871,145,INVENTAIRE_PLUS,IN,24,2025-09-17T19:30:00,5,
1872,108,RETOUR,IN,104,2026-01-31T19:50:00,11,
1873,139,VENTE,OUT,47,2025-11-20T14:42:00,19,SALE-004567
1874,178,INVENTAIRE_PLUS,IN,2,2025-07-02T15:37:00,18,
1875,83,CASSE,OUT,43,2026-02-13T19:34:00,14,
1876,181,ACHAT,IN,128,2025-10-22T08:11:00,24,PO-00156
1877,173,ACHAT,IN,60,2025-09-14T19:29:00,19,PO-00050
1878,148,VENTE,OUT,34,2025-09-06T10:58:00,5,SALE-004257
1879,46,PERTE,OUT,52,2025-10-05T11:14:00,11,
1880,109,VENTE,OUT,24,2025-09-04T18:51:00,5,SALE-004623
1881,114,RETOUR,IN,6,2025-11-16T20:31:00,5,
1882,111,INVENTAIRE_MOINS,OUT,4,2025-07-07T00:56:00,18,
1883,174,ACHAT,IN,15,2026-01-04T05:06:00,14,PO-00065
1884,80,INVENTAIRE_MOINS,OUT,56,2025-09-26T08:03:00,11,
1885,30,INVENTAIRE_PLUS,IN,19,2025-10-08T03:48:00,14,
1886,194,PERTE,OUT,10,2025-08-21T04:50:00,19,
1887,167,VENTE,OUT,1,2025-07-24T13:46:00,5,SALE-003936
1888,22,RETOUR,IN,11,2025-07-20T22:03:00,24,
1889,33,PERTE,OUT,60,2025-11-05T00:43:00,11,
1890,117,CASSE,OUT,37,2025-09-21T06:40:00,21,
1891,189,INVENTAIRE_MOINS,OUT,22,2025-07-13T06:01:00,11,
1892,16,ACHAT,IN,41,2025-09-02T02:27:00,5,PO-00021
1893,43,INVENTAIRE_PLUS,IN,142,2026-02-13T14:44:00,19,
1894,181,INVENTAIRE_PLUS,IN,149,2025-12-06T19:13:00,17,
1895,126,INVENTAIRE_PLUS,IN,107,2025-08-01T01:08:00,5,
1896,166,RETOUR,IN,113,2026-01-18T01:20:00,17,
1897,88,RETOUR,IN,56,2025-11-03T06:31:00,17,
1898,121,INVENTAIRE_PLUS,IN,67,2026-02-23T10:00:00,17,
1899,107,RETOUR,IN,118,2025-08-12T22:33:00,10,
1900,37,INVENTAIRE_MOINS,OUT,20,2025-10-10T14:51:00,19,
1901,134,INVENTAIRE_PLUS,IN,35,2025-10-18T19:03:00,19,
1902,176,INVENTAIRE_MOINS,OUT,33,2026-01-27T09:59:00,5,
1903,88,RETOUR,IN,20,2025-09-14T07:33:00,5,
1904,86,INVENTAIRE_PLUS,IN,102,2025-10-11T08:00:00,14,
1905,20,INVENTAIRE_MOINS,OUT,49,2025-12-10T08:05:00,18,
1906,163,RETOUR,IN,150,2025-10-15T17:03:00,10,
1907,45,CASSE,OUT,18,2025-10-07T02:37:00,14,
1908,96,CASSE,OUT,11,2025-07-27T11:10:00,5,
1909,22,VENTE,OUT,34,2025-10-07T23:27:00,21,SALE-000023
1910,180,ACHAT,IN,132,2025-08-11T00:17:00,19,PO-00125
1911,27,ACHAT,IN,123,2025-10-30T03:54:00,5,PO-00121
1912,74,ACHAT,IN,58,2025-11-10T06:23:00,18,PO-00188
1913,114,INVENTAIRE_MOINS,OUT,20,2025-09-14T14:34:00,10,
1914,172,ACHAT,IN,24,2026-02-18T05:01:00,5,PO-00014
1915,174,ACHAT,IN,128,2025-10-07T00:37:00,5,PO-00186
1916,46,ACHAT,IN,39,2025-11-29T02:42:00,21,PO-00042
1917,176,PERTE,OUT,23,2026-02-18T22:00:00,11,
1918,159,INVENTAIRE_MOINS,OUT,47,2025-07-10T04:10:00,21,
1919,69,CASSE,OUT,30,2025-07-19T04:33:00,18,
1920,153,INVENTAIRE_MOINS,OUT,40,2025-12-23T18:38:00,11,
1921,99,CASSE,OUT,22,2026-02-12T14:55:00,19,
1922,73,INVENTAIRE_PLUS,IN,55,2025-11-06T14:58:00,18,
1923,24,PERTE,OUT,31,2025-11-01T04:11:00,14,
1924,114,INVENTAIRE_MOINS,OUT,58,2025-11-21T06:53:00,19,
1925,197,CASSE,OUT,44,2025-10-22T21:09:00,21,
1926,78,VENTE,OUT,47,2025-10-16T14:21:00,19,SALE-004229
1927,131,RETOUR,IN,9,2025-10-18T22:47:00,18,
1928,129,RETOUR,IN,12,2025-09-07T12:32:00,17,
1929,68,INVENTAIRE_PLUS,IN,148,2025-10-07T10:47:00,11,
1930,67,ACHAT,IN,82,2026-01-20T09:13:00,10,PO-00025
1931,30,ACHAT,IN,133,2025-11-23T01:05:00,10,PO-00137
1932,65,RETOUR,IN,131,2025-09-23T06:18:00,18,
1933,153,ACHAT,IN,20,2025-12-26T12:08:00,19,PO-00031
1934,129,VENTE,OUT,59,2025-08-25T01:48:00,17,SALE-004358
1935,3,VENTE,OUT,20,2026-01-20T02:06:00,19,SALE-002169
1936,40,RETOUR,IN,35,2026-02-24T13:06:00,18,
1937,76,PERTE,OUT,67,2025-07-19T08:02:00,24,
1938,27,PERTE,OUT,9,2025-07-23T14:30:00,17,
1939,156,CASSE,OUT,58,2025-12-10T12:00:00,17,
1940,45,INVENTAIRE_MOINS,OUT,14,2025-10-26T00:25:00,17,
1941,175,ACHAT,IN,21,2025-12-21T10:55:00,21,PO-00047
1942,128,ACHAT,IN,70,2025-11-30T19:21:00,11,PO-00109
1943,115,INVENTAIRE_MOINS,OUT,65,2025-10-17T03:21:00,21,
1944,151,INVENTAIRE_MOINS,OUT,61,2025-12-04T14:43:00,18,
1945,132,RETOUR,IN,76,2026-02-09T16:43:00,5,
1946,30,PERTE,OUT,28,2025-11-12T23:16:00,18,
1947,155,INVENTAIRE_PLUS,IN,117,2025-12-03T02:56:00,14,
1948,65,ACHAT,IN,133,2025-09-25T23:53:00,11,PO-00216
1949,72,CASSE,OUT,38,2025-10-27T04:45:00,19,
1950,185,CASSE,OUT,53,2026-01-27T21:37:00,19,
1951,142,PERTE,OUT,17,2025-08-31T16:05:00,5,
1952,120,RETOUR,IN,86,2025-09-22T15:27:00,5,
1953,81,VENTE,OUT,49,2026-02-18T19:15:00,11,SALE-003683
1954,163,PERTE,OUT,32,2026-02-13T17:07:00,21,
1955,173,INVENTAIRE_PLUS,IN,126,2026-02-09T06:34:00,11,
1956,73,RETOUR,IN,108,2026-01-09T21:09:00,10,
1957,34,PERTE,OUT,70,2025-09-01T23:29:00,24,
1958,48,INVENTAIRE_MOINS,OUT,70,2025-08-16T22:03:00,19,
1959,107,INVENTAIRE_PLUS,IN,77,2025-11-30T04:05:00,24,
1960,85,RETOUR,IN,60,2025-11-28T10:40:00,17,
1961,21,VENTE,OUT,22,2025-09-19T06:17:00,24,SALE-001442
1962,87,ACHAT,IN,134,2025-08-30T06:36:00,19,PO-00150
1963,11,CASSE,OUT,35,2025-11-19T05:01:00,24,
1964,195,INVENTAIRE_PLUS,IN,129,2025-07-14T18:16:00,24,
1965,74,ACHAT,IN,85,2026-01-18T22:45:00,10,PO-00172
1966,57,PERTE,OUT,70,2025-10-07T09:55:00,11,
1967,54,VENTE,OUT,27,2025-07-19T10:36:00,24,SALE-003576
1968,76,RETOUR,IN,124,2025-10-10T11:52:00,19,
1969,139,CASSE,OUT,24,2025-10-29T19:27:00,21,
1970,190,ACHAT,IN,63,2026-01-19T23:28:00,21,PO-00115
1971,144,RETOUR,IN,113,2026-02-06T01:00:00,19,
1972,47,PERTE,OUT,29,2025-12-20T03:20:00,18,
1973,194,CASSE,OUT,62,2025-12-26T13:03:00,19,
1974,45,INVENTAIRE_PLUS,IN,34,2025-07-22T09:29:00,5,
1975,15,ACHAT,IN,87,2025-10-14T12:15:00,21,PO-00056
1976,16,INVENTAIRE_MOINS,OUT,29,2025-08-20T03:18:00,11,
1977,44,INVENTAIRE_MOINS,OUT,3,2025-12-09T01:50:00,17,
1978,11,PERTE,OUT,43,2025-12-01T13:42:00,19,
1979,134,PERTE,OUT,58,2025-07-13T09:19:00,5,
1980,76,RETOUR,IN,123,2025-10-07T06:06:00,10,
1981,93,INVENTAIRE_MOINS,OUT,37,2025-11-16T03:31:00,14,
1982,136,RETOUR,IN,98,2025-09-24T23:41:00,17,
1983,132,CASSE,OUT,56,2025-10-22T00:46:00,14,
1984,48,VENTE,OUT,21,2025-12-16T06:22:00,18,SALE-002886
1985,137,INVENTAIRE_PLUS,IN,113,2026-02-19T23:18:00,19,
1986,42,INVENTAIRE_PLUS,IN,68,2025-07-01T13:23:00,17,
1987,41,ACHAT,IN,125,2025-11-13T23:20:00,24,PO-00153
1988,83,ACHAT,IN,33,2025-08-27T22:46:00,14,PO-00148
1989,131,ACHAT,IN,62,2025-08-26T07:29:00,10,PO-00195
1990,97,ACHAT,IN,64,2025-11-27T10:25:00,5,PO-00083
1991,141,VENTE,OUT,5,2025-10-11T02:59:00,10,SALE-002999
1992,56,RETOUR,IN,51,2025-12-05T11:31:00,5,
1993,34,INVENTAIRE_MOINS,OUT,63,2026-01-15T07:11:00,21,
1994,19,INVENTAIRE_MOINS,OUT,47,2025-09-24T10:18:00,18,
1995,119,CASSE,OUT,46,2025-10-23T13:24:00,18,
1996,157,CASSE,OUT,4,2025-07-13T13:40:00,14,
1997,177,PERTE,OUT,11,2025-11-05T20:41:00,24,
1998,94,CASSE,OUT,10,2025-10-06T16:21:00,18,
1999,42,PERTE,OUT,47,2026-01-21T22:31:00,24,
2000,166,PERTE,OUT,10,2025-11-18T03:40:00,10,
2001,18,PERTE,OUT,12,2025-12-12T12:29:00,17,
2002,182,ACHAT,IN,16,2025-08-05T17:58:00,11,PO-00122
2003,162,INVENTAIRE_PLUS,IN,68,2025-10-31T17:59:00,24,
2004,188,PERTE,OUT,39,2026-02-12T17:08:00,18,
2005,175,PERTE,OUT,12,2025-08-09T18:13:00,17,
2006,74,INVENTAIRE_PLUS,IN,45,2025-09-30T17:11:00,19,
2007,60,ACHAT,IN,148,2025-12-24T21:49:00,10,PO-00211
2008,142,CASSE,OUT,22,2025-11-28T08:24:00,18,
2009,150,VENTE,OUT,37,2025-07-05T08:22:00,17,SALE-000726
2010,35,PERTE,OUT,20,2025-12-05T14:34:00,5,
2011,23,VENTE,OUT,15,2026-01-05T14:13:00,14,SALE-002147
2012,129,INVENTAIRE_MOINS,OUT,9,2026-01-06T17:22:00,19,
2013,178,RETOUR,IN,110,2025-10-10T10:55:00,11,
2014,127,ACHAT,IN,30,2025-08-14T20:51:00,5,PO-00198
2015,43,PERTE,OUT,65,2026-02-05T16:58:00,10,
2016,75,CASSE,OUT,5,2026-01-16T04:27:00,5,
2017,143,VENTE,OUT,49,2025-09-06T10:41:00,18,SALE-001293
2018,49,INVENTAIRE_PLUS,IN,28,2025-09-06T05:05:00,5,
2019,132,INVENTAIRE_PLUS,IN,56,2026-01-08T13:35:00,24,
2020,187,PERTE,OUT,13,2025-11-05T19:46:00,19,
2021,161,ACHAT,IN,77,2025-07-05T01:04:00,10,PO-00124
2022,22,INVENTAIRE_PLUS,IN,56,2025-09-03T06:03:00,10,
2023,159,INVENTAIRE_PLUS,IN,123,2025-12-14T22:40:00,5,
2024,29,ACHAT,IN,41,2026-02-21T16:43:00,17,PO-00152
2025,95,RETOUR,IN,20,2025-12-23T07:30:00,19,
2026,89,INVENTAIRE_PLUS,IN,127,2025-11-02T12:12:00,11,
2027,92,INVENTAIRE_MOINS,OUT,20,2025-12-31T21:08:00,19,
2028,194,VENTE,OUT,51,2026-02-20T17:18:00,21,SALE-004128
2029,187,INVENTAIRE_PLUS,IN,15,2025-12-08T01:12:00,21,
2030,8,INVENTAIRE_MOINS,OUT,27,2026-02-11T10:35:00,21,
2031,6,INVENTAIRE_PLUS,IN,72,2025-11-15T04:05:00,19,
2032,102,PERTE,OUT,18,2025-08-14T16:47:00,21,
2033,16,ACHAT,IN,82,2025-10-16T23:10:00,5,PO-00149
2034,127,VENTE,OUT,36,2025-09-12T22:25:00,19,SALE-001622
2035,64,RETOUR,IN,56,2025-07-25T23:09:00,19,
2036,87,INVENTAIRE_MOINS,OUT,38,2025-12-15T01:26:00,24,
2037,142,INVENTAIRE_PLUS,IN,44,2025-12-26T09:39:00,5,
2038,148,ACHAT,IN,135,2025-07-24T13:02:00,24,PO-00215
2039,178,RETOUR,IN,141,2025-12-02T00:43:00,18,
2040,81,VENTE,OUT,28,2025-09-21T20:03:00,19,SALE-000197
2041,55,PERTE,OUT,31,2025-11-09T08:26:00,24,
2042,53,INVENTAIRE_MOINS,OUT,26,2025-11-17T05:07:00,14,
2043,38,VENTE,OUT,5,2025-12-22T01:45:00,19,SALE-002092
2044,113,RETOUR,IN,106,2025-11-11T15:27:00,19,
2045,189,INVENTAIRE_PLUS,IN,69,2026-02-01T11:46:00,21,
2046,197,ACHAT,IN,103,2025-12-30T20:31:00,18,PO-00089
2047,44,INVENTAIRE_MOINS,OUT,52,2026-02-17T20:44:00,18,
2048,132,INVENTAIRE_PLUS,IN,27,2026-01-29T00:11:00,17,
2049,65,CASSE,OUT,57,2026-01-12T06:53:00,17,
2050,183,RETOUR,IN,18,2026-02-08T10:26:00,19,
2051,31,RETOUR,IN,8,2025-07-21T17:04:00,19,
2052,20,INVENTAIRE_PLUS,IN,43,2025-11-16T00:13:00,5,
2053,86,INVENTAIRE_PLUS,IN,70,2025-11-21T12:02:00,17,
2054,45,PERTE,OUT,49,2025-10-20T15:01:00,14,
2055,128,RETOUR,IN,7,2026-01-07T14:04:00,17,
2056,162,CASSE,OUT,44,2025-07-25T05:38:00,19,
2057,109,ACHAT,IN,2,2025-07-24T21:55:00,19,PO-00165
2058,36,ACHAT,IN,57,2025-10-16T11:09:00,21,PO-00069
2059,176,ACHAT,IN,114,2025-08-20T17:36:00,24,PO-00060
2060,137,ACHAT,IN,149,2025-12-05T02:20:00,21,PO-00006
2061,150,ACHAT,IN,147,2026-02-05T10:17:00,18,PO-00009
2062,140,ACHAT,IN,106,2025-08-05T01:10:00,17,PO-00193
2063,199,PERTE,OUT,36,2025-08-02T07:20:00,17,
2064,144,INVENTAIRE_PLUS,IN,122,2025-08-02T09:58:00,5,
2065,177,RETOUR,IN,147,2025-12-04T01:18:00,18,
2066,182,ACHAT,IN,91,2025-12-23T14:21:00,19,PO-00110
2067,148,ACHAT,IN,22,2025-08-21T01:30:00,18,PO-00217
2068,112,RETOUR,IN,44,2025-10-22T00:00:00,10,
2069,107,VENTE,OUT,58,2026-01-05T15:41:00,21,SALE-004752
2070,170,CASSE,OUT,24,2025-12-29T13:17:00,10,
2071,105,PERTE,OUT,21,2025-11-10T15:02:00,24,
2072,156,ACHAT,IN,12,2026-02-13T21:32:00,5,PO-00120
2073,143,VENTE,OUT,17,2025-09-05T01:21:00,17,SALE-002768
2074,115,ACHAT,IN,62,2026-02-16T15:05:00,17,PO-00144
2075,73,RETOUR,IN,45,2025-09-19T01:03:00,14,
2076,81,PERTE,OUT,70,2026-01-06T03:47:00,21,
2077,44,INVENTAIRE_MOINS,OUT,46,2025-07-21T11:18:00,21,
2078,147,VENTE,OUT,27,2026-02-14T19:34:00,18,SALE-003100
2079,71,INVENTAIRE_MOINS,OUT,13,2025-07-30T21:39:00,24,
2080,144,INVENTAIRE_PLUS,IN,17,2025-07-28T07:05:00,21,
2081,10,CASSE,OUT,10,2025-07-03T00:01:00,5,
2082,125,VENTE,OUT,15,2025-11-12T20:56:00,17,SALE-003288
2083,66,INVENTAIRE_PLUS,IN,21,2026-01-31T05:06:00,24,
2084,62,INVENTAIRE_PLUS,IN,118,2025-11-26T14:49:00,17,
2085,126,INVENTAIRE_PLUS,IN,133,2025-07-07T06:06:00,18,
2086,182,RETOUR,IN,124,2025-12-14T06:17:00,21,
2087,118,RETOUR,IN,144,2025-10-06T20:20:00,11,
2088,88,RETOUR,IN,25,2026-01-17T21:12:00,24,
2089,8,PERTE,OUT,22,2025-11-15T08:24:00,5,
2090,158,RETOUR,IN,106,2025-08-24T23:51:00,24,
2091,111,INVENTAIRE_PLUS,IN,53,2025-10-09T17:07:00,18,
2092,118,RETOUR,IN,104,2025-08-16T02:27:00,11,
2093,28,VENTE,OUT,2,2026-01-09T02:13:00,21,SALE-000079
2094,194,VENTE,OUT,58,2026-02-15T16:29:00,24,SALE-000498
2095,136,INVENTAIRE_MOINS,OUT,56,2025-08-18T05:46:00,11,
2096,10,INVENTAIRE_PLUS,IN,9,2025-10-03T07:45:00,17,
2097,130,ACHAT,IN,112,2025-10-24T00:41:00,24,PO-00113
2098,105,PERTE,OUT,53,2025-11-30T22:06:00,21,
2099,74,CASSE,OUT,44,2025-11-17T13:32:00,11,
2100,110,RETOUR,IN,71,2026-02-04T04:28:00,11,
2101,129,INVENTAIRE_PLUS,IN,70,2025-10-22T08:24:00,18,
2102,1,VENTE,OUT,25,2025-12-10T13:12:00,11,SALE-001222
2103,16,ACHAT,IN,102,2025-09-23T16:57:00,14,PO-00033
2104,191,RETOUR,IN,89,2026-01-14T12:32:00,14,
2105,62,INVENTAIRE_PLUS,IN,9,2025-10-31T15:11:00,5,
2106,188,RETOUR,IN,23,2025-11-08T07:39:00,11,
2107,166,RETOUR,IN,103,2025-08-20T08:37:00,10,
2108,33,INVENTAIRE_PLUS,IN,52,2025-10-26T03:24:00,5,
2109,16,CASSE,OUT,27,2025-11-16T00:01:00,19,
2110,154,PERTE,OUT,18,2025-10-23T10:46:00,14,
2111,67,INVENTAIRE_PLUS,IN,91,2025-09-01T11:50:00,24,
2112,60,ACHAT,IN,128,2025-09-07T18:49:00,18,PO-00193
2113,149,ACHAT,IN,60,2025-08-03T16:15:00,21,PO-00212
2114,197,VENTE,OUT,1,2025-10-10T01:23:00,17,SALE-001168
2115,168,ACHAT,IN,53,2025-08-20T10:00:00,17,PO-00051
2116,49,ACHAT,IN,32,2025-09-18T03:26:00,24,PO-00054
2117,137,RETOUR,IN,22,2026-01-25T12:19:00,21,
2118,141,VENTE,OUT,35,2025-10-31T16:32:00,10,SALE-004854
2119,135,CASSE,OUT,15,2025-10-27T10:24:00,19,
2120,139,INVENTAIRE_PLUS,IN,99,2025-12-13T12:06:00,18,
2121,79,INVENTAIRE_PLUS,IN,37,2026-02-02T12:29:00,24,
2122,57,INVENTAIRE_PLUS,IN,41,2025-11-07T14:59:00,18,
2123,53,INVENTAIRE_MOINS,OUT,26,2025-09-14T04:33:00,24,
2124,136,ACHAT,IN,68,2025-08-25T19:27:00,24,PO-00055
2125,163,VENTE,OUT,29,2025-09-25T09:21:00,21,SALE-004243
2126,56,VENTE,OUT,48,2026-02-21T16:50:00,10,SALE-004865
2127,131,INVENTAIRE_PLUS,IN,108,2025-11-30T12:11:00,10,
2128,175,VENTE,OUT,17,2025-12-04T23:35:00,19,SALE-003559
2129,189,INVENTAIRE_MOINS,OUT,5,2025-11-15T03:31:00,14,
2130,77,RETOUR,IN,24,2025-07-19T14:07:00,24,
2131,110,INVENTAIRE_PLUS,IN,150,2025-11-27T00:21:00,10,
2132,188,INVENTAIRE_PLUS,IN,86,2026-01-10T14:51:00,21,
2133,98,ACHAT,IN,84,2025-11-28T05:12:00,19,PO-00062
2134,174,ACHAT,IN,147,2025-09-06T10:46:00,17,PO-00158
2135,87,CASSE,OUT,1,2026-01-06T06:24:00,18,
2136,83,CASSE,OUT,54,2025-11-26T10:11:00,18,
2137,51,ACHAT,IN,132,2025-10-24T17:58:00,5,PO-00039
2138,190,VENTE,OUT,19,2025-08-22T09:47:00,19,SALE-003081
2139,57,PERTE,OUT,45,2025-08-22T11:18:00,21,
2140,53,PERTE,OUT,22,2025-08-24T17:42:00,24,
2141,116,ACHAT,IN,17,2025-11-09T02:35:00,5,PO-00205
2142,25,VENTE,OUT,2,2025-12-11T06:27:00,19,SALE-003247
2143,185,VENTE,OUT,57,2026-01-04T00:51:00,19,SALE-002536
2144,78,INVENTAIRE_MOINS,OUT,26,2025-09-09T08:28:00,18,
2145,158,RETOUR,IN,24,2025-10-26T10:10:00,5,
2146,158,PERTE,OUT,64,2026-02-02T10:42:00,18,
2147,164,VENTE,OUT,2,2025-12-15T12:12:00,21,SALE-002023
2148,184,RETOUR,IN,148,2025-07-28T14:44:00,21,
2149,55,PERTE,OUT,70,2025-11-06T06:04:00,5,
2150,191,CASSE,OUT,17,2025-10-21T05:59:00,18,
2151,100,ACHAT,IN,142,2026-01-09T09:26:00,17,PO-00190
2152,116,INVENTAIRE_PLUS,IN,136,2025-07-05T06:28:00,14,
2153,114,RETOUR,IN,91,2026-02-15T04:08:00,19,
2154,131,ACHAT,IN,129,2026-02-16T11:50:00,18,PO-00015
2155,39,INVENTAIRE_PLUS,IN,147,2025-09-14T05:07:00,19,
2156,72,INVENTAIRE_PLUS,IN,43,2025-12-21T16:41:00,14,
2157,92,RETOUR,IN,85,2026-01-12T20:49:00,10,
2158,176,ACHAT,IN,61,2025-10-20T09:56:00,5,PO-00134
2159,140,RETOUR,IN,80,2025-11-11T04:42:00,19,
2160,110,RETOUR,IN,16,2026-01-03T08:35:00,17,
2161,113,RETOUR,IN,150,2026-01-26T02:13:00,10,
2162,110,ACHAT,IN,30,2025-08-03T13:58:00,14,PO-00187
2163,148,INVENTAIRE_MOINS,OUT,41,2025-11-29T06:10:00,19,
2164,182,INVENTAIRE_PLUS,IN,18,2025-09-16T05:03:00,5,
2165,11,CASSE,OUT,16,2025-12-08T07:22:00,14,
2166,56,ACHAT,IN,140,2025-11-12T01:15:00,19,PO-00001
2167,26,CASSE,OUT,41,2025-08-19T23:11:00,5,
2168,43,INVENTAIRE_MOINS,OUT,25,2025-08-08T08:00:00,10,
2169,8,RETOUR,IN,91,2025-07-22T09:54:00,24,
2170,24,VENTE,OUT,50,2025-08-19T03:09:00,10,SALE-004897
2171,76,VENTE,OUT,25,2025-07-08T11:20:00,18,SALE-000297
2172,92,INVENTAIRE_PLUS,IN,25,2025-09-08T00:09:00,14,
2173,148,RETOUR,IN,21,2025-10-21T10:10:00,21,
2174,20,INVENTAIRE_PLUS,IN,3,2025-09-15T14:21:00,11,
2175,153,PERTE,OUT,47,2026-02-22T08:02:00,10,
2176,154,ACHAT,IN,57,2026-01-04T19:56:00,14,PO-00072
2177,148,ACHAT,IN,11,2025-10-05T15:58:00,5,PO-00212
2178,55,INVENTAIRE_PLUS,IN,19,2025-07-02T08:29:00,18,
2179,134,INVENTAIRE_MOINS,OUT,20,2025-08-27T09:44:00,24,
2180,2,ACHAT,IN,18,2025-09-03T18:03:00,19,PO-00202
2181,190,ACHAT,IN,59,2025-07-07T22:36:00,18,PO-00019
2182,110,INVENTAIRE_PLUS,IN,24,2026-01-14T20:53:00,24,
2183,111,INVENTAIRE_PLUS,IN,17,2025-10-11T21:03:00,10,
2184,171,PERTE,OUT,29,2026-01-07T22:49:00,18,
2185,92,INVENTAIRE_MOINS,OUT,18,2026-02-11T10:10:00,11,
2186,57,RETOUR,IN,88,2025-09-26T10:25:00,24,
2187,180,VENTE,OUT,3,2025-07-16T05:15:00,19,SALE-000883
2188,147,VENTE,OUT,37,2025-11-27T23:38:00,11,SALE-000730
2189,17,ACHAT,IN,56,2025-08-08T11:00:00,24,PO-00032
2190,104,VENTE,OUT,2,2025-12-24T15:13:00,19,SALE-000349
2191,139,INVENTAIRE_MOINS,OUT,14,2025-12-23T22:09:00,24,
2192,61,INVENTAIRE_PLUS,IN,84,2025-12-21T15:24:00,18,
2193,8,VENTE,OUT,43,2025-07-29T07:58:00,19,SALE-001079
2194,178,CASSE,OUT,44,2025-11-17T10:22:00,24,
2195,57,CASSE,OUT,6,2025-10-25T15:51:00,17,
2196,21,INVENTAIRE_PLUS,IN,5,2025-12-14T04:38:00,21,
2197,167,RETOUR,IN,46,2025-12-08T17:17:00,24,
2198,74,RETOUR,IN,22,2025-07-17T04:09:00,18,
2199,50,RETOUR,IN,74,2025-10-23T19:27:00,19,
2200,32,RETOUR,IN,97,2025-07-14T07:40:00,5,
2201,35,INVENTAIRE_MOINS,OUT,17,2025-09-24T09:36:00,10,
2202,31,INVENTAIRE_MOINS,OUT,18,2025-08-14T00:26:00,19,
2203,112,ACHAT,IN,79,2025-09-27T07:52:00,17,PO-00207
2204,103,INVENTAIRE_MOINS,OUT,62,2025-09-13T22:53:00,19,
2205,95,RETOUR,IN,126,2025-07-31T02:42:00,5,
2206,41,RETOUR,IN,128,2026-01-24T17:55:00,11,
2207,83,ACHAT,IN,52,2025-12-01T19:39:00,19,PO-00213
2208,9,RETOUR,IN,134,2025-07-27T04:41:00,19,
2209,17,ACHAT,IN,93,2025-07-24T22:39:00,11,PO-00003
2210,161,INVENTAIRE_PLUS,IN,59,2025-12-04T17:11:00,10,
2211,49,CASSE,OUT,48,2025-07-06T10:59:00,18,
2212,157,PERTE,OUT,37,2025-09-10T19:45:00,11,
2213,33,VENTE,OUT,1,2025-09-25T21:04:00,11,SALE-004741
2214,70,PERTE,OUT,14,2025-08-08T15:02:00,10,
2215,72,INVENTAIRE_MOINS,OUT,66,2026-01-01T15:16:00,14,
2216,175,INVENTAIRE_MOINS,OUT,62,2025-09-28T06:51:00,17,
2217,12,VENTE,OUT,15,2025-11-09T07:51:00,14,SALE-000760
2218,56,INVENTAIRE_PLUS,IN,133,2026-02-06T07:54:00,5,
2219,11,INVENTAIRE_MOINS,OUT,20,2025-07-21T14:50:00,19,
2220,89,INVENTAIRE_MOINS,OUT,28,2025-09-06T13:37:00,24,
2221,122,RETOUR,IN,89,2025-07-20T19:34:00,14,
2222,197,PERTE,OUT,26,2025-08-19T08:08:00,11,
2223,81,INVENTAIRE_PLUS,IN,48,2026-01-25T03:40:00,14,
2224,84,RETOUR,IN,135,2025-09-06T06:12:00,11,
2225,142,ACHAT,IN,64,2025-12-24T13:37:00,14,PO-00142
2226,189,INVENTAIRE_MOINS,OUT,21,2026-02-25T15:32:00,19,
2227,122,RETOUR,IN,12,2025-10-13T19:26:00,24,
2228,127,INVENTAIRE_PLUS,IN,129,2025-11-04T21:14:00,11,
2229,15,CASSE,OUT,27,2026-02-08T02:07:00,14,
2230,184,CASSE,OUT,25,2026-01-31T12:11:00,11,
2231,102,INVENTAIRE_PLUS,IN,9,2025-10-26T14:15:00,10,
2232,66,CASSE,OUT,29,2026-02-26T03:08:00,10,
2233,4,VENTE,OUT,36,2025-07-05T14:38:00,11,SALE-004841
2234,153,RETOUR,IN,91,2025-08-29T09:41:00,17,
2235,53,INVENTAIRE_PLUS,IN,123,2026-02-02T20:17:00,18,
2236,59,ACHAT,IN,71,2025-08-09T05:01:00,21,PO-00043
2237,160,INVENTAIRE_PLUS,IN,120,2026-02-19T21:59:00,5,
2238,192,INVENTAIRE_PLUS,IN,78,2025-12-31T14:41:00,21,
2239,94,CASSE,OUT,53,2025-09-19T21:14:00,24,
2240,135,RETOUR,IN,132,2025-11-15T22:15:00,11,
2241,30,INVENTAIRE_PLUS,IN,40,2025-10-22T04:44:00,14,
2242,117,ACHAT,IN,132,2026-01-25T08:03:00,17,PO-00150
2243,12,PERTE,OUT,28,2026-01-27T18:50:00,11,
2244,59,CASSE,OUT,34,2025-10-07T22:01:00,21,
2245,4,ACHAT,IN,31,2025-12-09T00:04:00,24,PO-00056
2246,102,CASSE,OUT,59,2025-10-29T00:06:00,21,
2247,66,ACHAT,IN,57,2025-11-15T11:34:00,18,PO-00103
2248,4,RETOUR,IN,97,2025-08-27T19:50:00,24,
2249,40,ACHAT,IN,138,2026-01-25T20:23:00,14,PO-00129
2250,107,PERTE,OUT,62,2025-10-07T15:12:00,21,
2251,35,INVENTAIRE_PLUS,IN,56,2025-09-26T17:48:00,5,
2252,77,CASSE,OUT,56,2025-10-04T18:18:00,5,
2253,103,RETOUR,IN,9,2025-07-14T15:26:00,18,
2254,60,ACHAT,IN,65,2025-09-12T15:47:00,18,PO-00134
2255,187,INVENTAIRE_PLUS,IN,24,2026-01-29T07:18:00,17,
2256,111,ACHAT,IN,67,2026-01-11T20:59:00,19,PO-00192
2257,61,INVENTAIRE_PLUS,IN,23,2025-10-28T01:59:00,17,
2258,144,PERTE,OUT,49,2025-12-24T03:27:00,10,
2259,22,CASSE,OUT,45,2025-07-05T12:13:00,24,
2260,161,CASSE,OUT,22,2026-02-08T04:45:00,21,
2261,147,VENTE,OUT,27,2025-08-15T10:48:00,19,SALE-002757
2262,148,RETOUR,IN,103,2025-10-31T10:27:00,21,
2263,122,INVENTAIRE_PLUS,IN,54,2025-11-26T06:33:00,10,
2264,54,CASSE,OUT,12,2025-10-25T15:22:00,10,
2265,150,INVENTAIRE_PLUS,IN,7,2025-10-09T03:26:00,17,
2266,46,RETOUR,IN,34,2026-01-08T17:22:00,5,
2267,174,INVENTAIRE_MOINS,OUT,15,2025-11-25T23:58:00,10,
2268,20,INVENTAIRE_PLUS,IN,28,2025-12-03T14:27:00,5,
2269,79,INVENTAIRE_PLUS,IN,51,2025-11-13T15:29:00,11,
2270,195,INVENTAIRE_PLUS,IN,4,2026-02-04T23:05:00,24,
2271,101,RETOUR,IN,65,2025-07-30T09:15:00,5,
2272,80,VENTE,OUT,44,2025-07-10T08:46:00,24,SALE-000220
2273,98,INVENTAIRE_PLUS,IN,98,2025-10-31T02:46:00,19,
2274,116,ACHAT,IN,150,2025-09-07T11:53:00,5,PO-00206
2275,47,INVENTAIRE_MOINS,OUT,24,2025-11-08T14:46:00,11,
2276,15,RETOUR,IN,146,2025-10-05T09:50:00,17,
2277,93,INVENTAIRE_MOINS,OUT,14,2025-09-09T03:37:00,18,
2278,175,ACHAT,IN,41,2025-08-14T08:31:00,5,PO-00031
2279,30,CASSE,OUT,13,2025-07-28T09:17:00,21,
2280,53,PERTE,OUT,53,2026-02-25T05:33:00,24,
2281,88,INVENTAIRE_PLUS,IN,138,2025-07-19T03:17:00,24,
2282,108,VENTE,OUT,68,2025-12-01T02:22:00,21,SALE-001643
2283,89,RETOUR,IN,76,2025-07-29T17:16:00,14,
2284,106,RETOUR,IN,14,2026-01-14T11:48:00,11,
2285,126,RETOUR,IN,109,2025-07-15T12:22:00,19,
2286,68,INVENTAIRE_MOINS,OUT,50,2025-11-20T04:44:00,17,
2287,114,CASSE,OUT,46,2025-07-26T03:09:00,14,
2288,71,CASSE,OUT,41,2025-09-14T22:15:00,11,
2289,65,RETOUR,IN,62,2025-11-05T08:50:00,5,
2290,144,INVENTAIRE_MOINS,OUT,41,2025-07-17T16:19:00,17,
2291,86,PERTE,OUT,57,2025-08-04T12:43:00,24,
2292,9,INVENTAIRE_MOINS,OUT,68,2026-02-25T12:46:00,24,
2293,56,INVENTAIRE_PLUS,IN,96,2025-07-05T11:23:00,14,
2294,48,VENTE,OUT,32,2025-11-14T04:36:00,17,SALE-004300
2295,11,CASSE,OUT,4,2025-10-28T16:31:00,14,
2296,15,CASSE,OUT,12,2025-11-28T23:14:00,19,
2297,56,INVENTAIRE_PLUS,IN,66,2025-07-27T23:40:00,10,
2298,12,PERTE,OUT,53,2025-11-26T07:46:00,24,
2299,116,INVENTAIRE_MOINS,OUT,27,2026-01-06T14:01:00,19,
2300,120,RETOUR,IN,69,2025-09-02T11:05:00,19,
2301,191,ACHAT,IN,35,2025-07-10T08:48:00,21,PO-00068
2302,29,ACHAT,IN,14,2025-08-29T05:42:00,10,PO-00014
2303,23,INVENTAIRE_PLUS,IN,126,2025-11-07T22:30:00,24,
2304,29,CASSE,OUT,15,2025-11-18T14:27:00,17,
2305,152,INVENTAIRE_MOINS,OUT,61,2026-01-06T07:48:00,14,
2306,6,RETOUR,IN,65,2026-01-02T13:32:00,18,
2307,70,INVENTAIRE_MOINS,OUT,68,2025-09-28T17:06:00,18,
2308,6,CASSE,OUT,24,2025-11-14T22:49:00,21,
2309,8,INVENTAIRE_MOINS,OUT,43,2025-11-08T08:57:00,21,
2310,22,VENTE,OUT,21,2025-09-26T18:45:00,19,SALE-000778
2311,56,PERTE,OUT,25,2025-10-24T09:44:00,18,
2312,154,CASSE,OUT,14,2025-08-31T00:47:00,14,
2313,128,INVENTAIRE_PLUS,IN,115,2026-02-24T13:02:00,24,
2314,200,INVENTAIRE_MOINS,OUT,9,2025-08-16T22:20:00,19,
2315,165,ACHAT,IN,110,2025-12-20T22:29:00,5,PO-00117
2316,136,INVENTAIRE_PLUS,IN,78,2025-11-06T07:14:00,17,
2317,132,VENTE,OUT,30,2025-12-23T07:07:00,18,SALE-003789
2318,55,RETOUR,IN,73,2025-09-03T03:00:00,17,
2319,68,INVENTAIRE_MOINS,OUT,24,2025-10-18T22:21:00,5,
2320,49,RETOUR,IN,142,2025-07-19T07:45:00,19,
2321,66,ACHAT,IN,110,2025-10-23T00:27:00,18,PO-00192
2322,160,RETOUR,IN,67,2025-12-20T22:25:00,24,
2323,169,CASSE,OUT,28,2026-02-20T17:49:00,5,
2324,119,CASSE,OUT,56,2026-02-25T01:08:00,18,
2325,40,INVENTAIRE_PLUS,IN,14,2026-01-26T00:37:00,11,
2326,53,VENTE,OUT,17,2025-09-24T04:18:00,19,SALE-003122
2327,51,INVENTAIRE_PLUS,IN,43,2025-07-08T16:38:00,19,
2328,91,ACHAT,IN,63,2026-02-19T09:22:00,10,PO-00206
2329,91,ACHAT,IN,47,2025-09-05T09:47:00,11,PO-00007
2330,31,INVENTAIRE_PLUS,IN,92,2026-01-02T21:25:00,18,
2331,2,ACHAT,IN,52,2026-02-06T02:26:00,11,PO-00180
2332,10,INVENTAIRE_MOINS,OUT,67,2026-01-25T22:41:00,24,
2333,32,VENTE,OUT,31,2025-07-09T22:02:00,18,SALE-002436
2334,136,RETOUR,IN,56,2025-07-07T07:38:00,21,
2335,194,INVENTAIRE_MOINS,OUT,27,2025-09-29T07:13:00,11,
2336,70,CASSE,OUT,42,2025-12-28T07:07:00,10,
2337,96,PERTE,OUT,63,2026-01-20T02:48:00,24,
2338,36,RETOUR,IN,34,2025-09-29T12:05:00,10,
2339,130,RETOUR,IN,94,2025-09-14T09:17:00,19,
2340,199,VENTE,OUT,44,2025-07-10T13:23:00,5,SALE-001997
2341,14,VENTE,OUT,55,2025-08-24T00:06:00,18,SALE-002485
2342,68,INVENTAIRE_MOINS,OUT,50,2026-01-31T02:09:00,18,
2343,4,CASSE,OUT,66,2025-10-08T14:23:00,10,
2344,183,VENTE,OUT,66,2025-10-03T19:19:00,17,SALE-002361
2345,105,VENTE,OUT,31,2025-07-07T13:59:00,21,SALE-003384
2346,153,CASSE,OUT,46,2025-09-26T01:09:00,14,
2347,95,VENTE,OUT,8,2025-10-20T01:52:00,11,SALE-003659
2348,113,CASSE,OUT,58,2025-08-14T09:20:00,21,
2349,127,INVENTAIRE_PLUS,IN,47,2025-11-24T14:04:00,10,
2350,33,RETOUR,IN,38,2025-07-24T14:13:00,14,
2351,124,VENTE,OUT,3,2025-10-23T22:15:00,17,SALE-002712
2352,94,CASSE,OUT,40,2025-10-04T01:13:00,19,
2353,119,VENTE,OUT,56,2025-11-09T19:48:00,18,SALE-003456
2354,169,VENTE,OUT,20,2025-12-04T12:23:00,14,SALE-002815
2355,8,INVENTAIRE_MOINS,OUT,56,2025-11-04T15:21:00,5,
2356,97,ACHAT,IN,40,2025-10-24T19:17:00,21,PO-00102
2357,93,ACHAT,IN,73,2025-08-01T12:53:00,14,PO-00071
2358,27,INVENTAIRE_PLUS,IN,13,2026-02-12T13:42:00,18,
2359,87,CASSE,OUT,46,2025-11-27T04:39:00,18,
2360,112,VENTE,OUT,55,2025-10-07T02:47:00,14,SALE-003056
2361,169,RETOUR,IN,107,2025-10-19T22:25:00,18,
2362,195,INVENTAIRE_PLUS,IN,149,2026-02-03T23:28:00,19,
2363,195,CASSE,OUT,26,2026-02-06T08:55:00,18,
2364,85,CASSE,OUT,21,2026-02-03T03:15:00,21,
2365,150,RETOUR,IN,143,2025-11-20T22:11:00,14,
2366,18,INVENTAIRE_MOINS,OUT,5,2025-10-15T05:04:00,24,
2367,130,VENTE,OUT,12,2026-02-18T12:37:00,24,SALE-001614
2368,153,ACHAT,IN,95,2025-07-26T17:49:00,5,PO-00042
2369,104,ACHAT,IN,49,2025-09-04T02:14:00,14,PO-00182
2370,56,INVENTAIRE_MOINS,OUT,32,2025-10-22T05:58:00,11,
2371,1,PERTE,OUT,70,2025-10-06T03:32:00,24,
2372,44,VENTE,OUT,69,2025-09-22T17:27:00,17,SALE-002322
2373,116,RETOUR,IN,116,2025-11-08T11:45:00,17,
2374,35,PERTE,OUT,39,2025-10-18T01:55:00,11,
2375,76,RETOUR,IN,112,2025-12-14T08:43:00,11,
2376,187,CASSE,OUT,36,2025-07-24T23:44:00,21,
2377,166,PERTE,OUT,64,2025-09-26T10:34:00,14,
2378,114,CASSE,OUT,67,2026-02-03T02:16:00,24,
2379,122,RETOUR,IN,70,2025-09-23T05:50:00,17,
2380,100,VENTE,OUT,40,2025-07-03T15:36:00,14,SALE-004662
2381,158,PERTE,OUT,12,2025-08-03T13:39:00,19,
2382,104,ACHAT,IN,51,2025-09-22T16:00:00,11,PO-00161
2383,97,VENTE,OUT,49,2025-12-20T05:36:00,19,SALE-003427
2384,171,VENTE,OUT,16,2025-09-10T06:49:00,11,SALE-004724
2385,38,INVENTAIRE_PLUS,IN,35,2025-12-20T11:25:00,21,
2386,36,ACHAT,IN,58,2025-10-30T17:46:00,21,PO-00181
2387,143,VENTE,OUT,50,2025-09-07T01:56:00,14,SALE-004217
2388,106,RETOUR,IN,134,2025-12-05T08:28:00,14,
2389,14,CASSE,OUT,42,2025-09-30T11:17:00,18,
2390,173,INVENTAIRE_MOINS,OUT,48,2025-07-30T09:28:00,19,
2391,144,VENTE,OUT,46,2025-12-02T21:06:00,11,SALE-003241
2392,164,INVENTAIRE_MOINS,OUT,34,2025-09-16T15:22:00,17,
2393,55,PERTE,OUT,22,2025-10-30T22:37:00,19,
2394,28,RETOUR,IN,91,2026-01-08T15:09:00,17,
2395,46,RETOUR,IN,39,2026-02-04T02:28:00,19,
2396,114,INVENTAIRE_PLUS,IN,26,2025-07-20T12:52:00,5,
2397,64,INVENTAIRE_PLUS,IN,148,2026-02-03T05:27:00,18,
2398,172,VENTE,OUT,44,2025-11-14T12:20:00,10,SALE-001929
2399,58,INVENTAIRE_PLUS,IN,82,2026-02-14T06:55:00,17,
2400,49,PERTE,OUT,65,2025-07-19T08:03:00,19,
2401,106,PERTE,OUT,24,2025-07-23T08:18:00,5,
2402,200,ACHAT,IN,53,2025-10-09T21:00:00,19,PO-00011
2403,191,VENTE,OUT,63,2026-02-15T22:37:00,11,SALE-001040
2404,155,RETOUR,IN,90,2025-11-01T03:11:00,17,
2405,149,INVENTAIRE_MOINS,OUT,47,2025-09-21T04:59:00,18,
2406,34,INVENTAIRE_PLUS,IN,47,2025-11-29T04:21:00,19,
2407,25,CASSE,OUT,28,2025-12-07T07:08:00,14,
2408,12,ACHAT,IN,124,2025-10-27T00:03:00,18,PO-00032
2409,57,ACHAT,IN,3,2025-09-27T19:03:00,11,PO-00028
2410,103,INVENTAIRE_MOINS,OUT,37,2025-12-02T17:08:00,21,
2411,29,RETOUR,IN,62,2025-07-28T19:58:00,17,
2412,63,ACHAT,IN,114,2025-12-16T16:09:00,10,PO-00046
2413,106,RETOUR,IN,102,2025-07-22T22:49:00,14,
2414,52,RETOUR,IN,92,2025-12-02T07:59:00,19,
2415,196,RETOUR,IN,84,2025-12-04T13:51:00,19,
2416,117,VENTE,OUT,31,2025-11-15T03:03:00,21,SALE-000471
2417,37,RETOUR,IN,29,2026-02-25T23:04:00,18,
2418,192,INVENTAIRE_MOINS,OUT,63,2026-02-16T10:23:00,5,
2419,82,ACHAT,IN,19,2026-01-12T21:16:00,24,PO-00024
2420,99,INVENTAIRE_PLUS,IN,52,2025-08-03T18:45:00,18,
2421,49,PERTE,OUT,30,2026-02-22T03:05:00,18,
2422,70,CASSE,OUT,11,2025-07-19T10:39:00,21,
2423,15,CASSE,OUT,25,2026-01-20T20:15:00,24,
2424,59,RETOUR,IN,46,2025-11-17T02:44:00,19,
2425,192,CASSE,OUT,43,2025-08-21T20:24:00,5,
2426,37,CASSE,OUT,9,2025-07-22T03:03:00,10,
2427,83,VENTE,OUT,41,2026-02-01T22:22:00,14,SALE-001560
2428,73,RETOUR,IN,64,2025-12-31T10:48:00,14,
2429,2,INVENTAIRE_PLUS,IN,95,2025-08-31T14:48:00,21,
2430,180,VENTE,OUT,70,2025-07-11T14:53:00,19,SALE-002159
2431,60,RETOUR,IN,9,2025-09-16T03:51:00,10,
2432,119,INVENTAIRE_PLUS,IN,70,2025-11-06T22:53:00,11,
2433,88,PERTE,OUT,29,2025-07-21T17:02:00,21,
2434,24,INVENTAIRE_PLUS,IN,96,2025-11-21T07:54:00,21,
2435,97,CASSE,OUT,5,2025-11-28T04:54:00,21,
2436,190,INVENTAIRE_PLUS,IN,145,2025-12-27T23:12:00,10,
2437,15,CASSE,OUT,11,2025-08-12T11:22:00,24,
2438,49,INVENTAIRE_PLUS,IN,19,2025-10-25T05:47:00,19,
2439,74,VENTE,OUT,67,2025-09-25T01:08:00,17,SALE-002458
2440,12,INVENTAIRE_PLUS,IN,76,2025-07-04T12:08:00,11,
2441,190,ACHAT,IN,95,2025-10-30T23:18:00,21,PO-00219
2442,98,VENTE,OUT,34,2025-11-18T18:05:00,5,SALE-003842
2443,138,CASSE,OUT,55,2026-01-20T03:14:00,11,
2444,116,INVENTAIRE_PLUS,IN,41,2025-11-13T23:12:00,11,
2445,162,VENTE,OUT,16,2025-10-06T10:28:00,5,SALE-000963
2446,7,PERTE,OUT,56,2025-07-27T23:23:00,10,
2447,151,INVENTAIRE_PLUS,IN,1,2025-08-02T06:56:00,21,
2448,13,ACHAT,IN,35,2025-10-22T01:35:00,11,PO-00136
2449,7,INVENTAIRE_PLUS,IN,135,2025-10-31T09:08:00,21,
2450,127,VENTE,OUT,36,2025-09-08T05:31:00,11,SALE-003160
2451,130,ACHAT,IN,27,2025-10-05T13:33:00,19,PO-00079
2452,112,RETOUR,IN,116,2026-01-06T03:40:00,18,
2453,100,VENTE,OUT,22,2026-01-19T22:38:00,10,SALE-001677
2454,95,INVENTAIRE_PLUS,IN,146,2025-07-02T00:18:00,21,
2455,73,PERTE,OUT,46,2026-02-15T22:29:00,18,
2456,28,INVENTAIRE_PLUS,IN,69,2025-07-16T00:27:00,19,
2457,164,RETOUR,IN,139,2026-01-27T06:52:00,10,
2458,126,CASSE,OUT,66,2025-11-03T14:29:00,21,
2459,156,INVENTAIRE_PLUS,IN,86,2025-09-12T06:41:00,14,
2460,138,RETOUR,IN,149,2025-09-28T08:12:00,10,
2461,46,ACHAT,IN,21,2025-09-23T17:57:00,19,PO-00066
2462,110,VENTE,OUT,20,2025-11-21T08:53:00,10,SALE-004658
2463,108,PERTE,OUT,27,2025-11-24T16:17:00,5,
2464,55,PERTE,OUT,62,2025-10-07T17:58:00,18,
2465,165,ACHAT,IN,132,2025-08-06T00:14:00,21,PO-00096
2466,60,RETOUR,IN,46,2025-11-10T01:50:00,5,
2467,35,CASSE,OUT,63,2025-12-24T08:28:00,10,
2468,30,ACHAT,IN,104,2025-09-28T02:23:00,14,PO-00075
2469,191,RETOUR,IN,60,2025-10-03T18:09:00,11,
2470,36,VENTE,OUT,57,2025-09-14T09:28:00,19,SALE-002750
2471,3,CASSE,OUT,57,2025-11-23T03:19:00,5,
2472,81,RETOUR,IN,127,2025-08-25T08:11:00,10,
2473,118,ACHAT,IN,33,2025-09-08T14:47:00,17,PO-00165
2474,82,ACHAT,IN,129,2025-07-05T01:56:00,10,PO-00177
2475,85,ACHAT,IN,37,2025-07-11T09:50:00,5,PO-00159
2476,70,INVENTAIRE_PLUS,IN,49,2025-11-21T05:16:00,18,
2477,116,INVENTAIRE_MOINS,OUT,24,2025-07-16T04:44:00,14,
2478,52,INVENTAIRE_MOINS,OUT,69,2025-11-22T10:00:00,24,
2479,138,ACHAT,IN,103,2025-10-03T15:46:00,17,PO-00069
2480,28,INVENTAIRE_PLUS,IN,18,2026-02-22T14:51:00,21,
2481,200,INVENTAIRE_MOINS,OUT,34,2025-09-20T17:38:00,17,
2482,150,ACHAT,IN,28,2025-07-24T07:09:00,10,PO-00130
2483,140,INVENTAIRE_MOINS,OUT,15,2026-01-03T19:12:00,14,
2484,95,RETOUR,IN,54,2025-10-14T14:10:00,24,
2485,163,ACHAT,IN,84,2025-08-27T08:58:00,14,PO-00077
2486,118,ACHAT,IN,24,2025-07-19T10:42:00,11,PO-00099
2487,48,RETOUR,IN,83,2025-12-16T10:50:00,5,
2488,46,PERTE,OUT,44,2025-08-29T15:10:00,19,
2489,160,PERTE,OUT,19,2025-09-10T16:24:00,17,
2490,2,ACHAT,IN,114,2025-12-25T02:42:00,14,PO-00071
2491,99,ACHAT,IN,88,2025-07-28T15:30:00,5,PO-00185
2492,170,ACHAT,IN,64,2025-07-04T05:27:00,10,PO-00014
2493,114,CASSE,OUT,14,2025-11-18T17:39:00,11,
2494,20,INVENTAIRE_PLUS,IN,22,2025-08-21T19:00:00,11,
2495,43,ACHAT,IN,125,2025-12-02T11:56:00,19,PO-00132
2496,11,CASSE,OUT,56,2025-12-24T02:07:00,10,
2497,136,CASSE,OUT,35,2026-01-26T17:47:00,14,
2498,112,INVENTAIRE_PLUS,IN,4,2026-01-22T07:39:00,10,
2499,85,CASSE,OUT,15,2025-11-06T03:21:00,10,
2500,171,RETOUR,IN,141,2026-01-14T05:57:00,18,
